_id,Agency,City,Vehicles Involved,Trailers Involved,Number Injured,Number Dead,Number Deer,House Number,Roadway Interchange,Roadway Ramp,Roadway Id,Intersecting Road,Interchange,Feet From,Direction,Latitude,Longitude,Roadway Class,Hit and Run?,Locality,School Zone?,Rumble Strips?,Construction?,Construction Type,Light Condition,Weather Conditions,Surface Condition,Type of Median,Roadway Junction Type,Road Character,Roadway Surface,Primary Factor,Manner of Collision,Unique Location Id,Traffic Control,DateTime,Address Number,Cyclist Involved,Pedestrian Involved
254,BLOOMINGTON PD,BLOOMINGTON,2,,0.0,0,0,,,,ST RD 48,RUNKLE LN,,50.0,,39.20996,-86.58271,LOCAL/CITY RD,,URBAN,N,N,N,,DAYLIGHT,CLOUDY,WET,,NO JUNCTION INVOLVED,,CONCRETE,FAILURE TO YIELD RIGHT OF WAY,RIGHT ANGLE,WestThirdStreetRunkleLane,,2021-12-01 03:44:00,,,
255,INDIANA UNIV BLOOMINGTON PD,BLOOMINGTON,2,0.0,0.0,0,1,,,,ST RD 45/46,N HEADLEY RD,,50.0,E,39.130527,-86.504173,ST RD,N,URBAN,N,N,N,,DAWN/DUSK,RAIN,WET,,NO JUNCTION INVOLVED,STRAIGHT/LEVEL,ASPHALT,ANIMAL/OBJECT IN RDWAY,COLLISION WITH DEER,NHEADLEYRDST RD 46E,NONE,2021-12-01 07:13:00,,,
256,MONROE SD,BLOOMINGTON,2,0.0,0.0,0,0,,,,S WALNUT ST PK,E RHORER RD,,,,39.16463,-86.58219,COUNTY RD,N,RURAL,N,N,N,,DAYLIGHT,RAIN,WET,,NO JUNCTION INVOLVED,STRAIGHT/GRADE,ASPHALT,FOLLOWING TOO CLOSELY,REAR END,ERHORERRDSWALNUTSTPK,TRAFFIC CONTROL SIGNAL,2021-12-01 07:36:00,,,
257,BLOOMINGTON PD,BLOOMINGTON,2,0.0,1.0,0,0,,,,N WALNUT ST,W 15TH ST,,,,39.19254,-86.51189,LOCAL/CITY RD,N,URBAN,N,N,N,,DAWN/DUSK,RAIN,WET,,FOUR-WAY INTERSECTION,STRAIGHT/GRADE,ASPHALT,FAILURE TO YIELD RIGHT OF WAY,RIGHT ANGLE,NWALNUTSTW15THST,STOP SIGN,2021-12-01 07:42:00,,,
258,BLOOMINGTON PD,BLOOMINGTON,2,,0.0,0,0,,,,ST RD 46,S SMITH RD,,0.0,,39.12145,-86.52665,LOCAL/CITY RD,,URBAN,N,N,N,,DAYLIGHT,RAIN,WET,,FOUR-WAY INTERSECTION,,ASPHALT,FOLLOWING TOO CLOSELY,REAR END,SSMITHRDE 3RDST,,2021-12-01 08:27:00,,,
259,ISP BLOOMINGTON 33,BLOOMINGTON,1,,0.0,0,0,,,,ST RD 48,,,2730.0,E,39.17681532033817,-86.53354121846998,ST RD,,RURAL,N,N,N,,DAYLIGHT,CLOUDY,WET,,NO JUNCTION INVOLVED,,ASPHALT,,RAN OFF RD,ST RD 482730FT.EASTOFVERNALPK,,2021-12-01 08:50:00,,,
260,ISP BLOOMINGTON 33,BLOOMINGTON,2,,0.0,0,0,,Y,118C,I-69 S,ST RD 48,,0.0,,39.16418296701677,-86.48124344595972,INTERSTATE,,URBAN,N,N,N,,DAYLIGHT,RAIN,WET,,RAMP,,ASPHALT,SPEED TOO FAST FOR WEATHER CONDITIONS,REAR END,I-69118C,,2021-12-01 08:55:00,,,
261,ISP BLOOMINGTON 33,BLOOMINGTON,2,,0.0,0,0,,,,I-69 S,,,898.0,,39.16846282478475,-86.67058524635537,INTERSTATE,,RURAL,N,N,N,,DAYLIGHT,CLOUDY,WET,,NO JUNCTION INVOLVED,,ASPHALT,UNSAFE LN MOVEMENT,SAME DIRECTION SIDESWIPE,I-69121,,2021-12-01 09:39:00,,,
262,BLOOMINGTON PD,BLOOMINGTON,3,,0.0,0,0,,,,ST RD 46,E 7TH ST,,0.0,,39.16449877558005,-86.57327455361678,LOCAL/CITY RD,,URBAN,N,N,N,,DAYLIGHT,RAIN,WET,,NO JUNCTION INVOLVED,,ASPHALT,FOLLOWING TOO CLOSELY,REAR END,NSTRD46E7THST,,2021-12-01 12:12:00,,,
263,INDIANA UNIV BLOOMINGTON PD,BLOOMINGTON,2,0.0,0.0,0,0,,,,N UNION ST,ENTRANCE TO EIGANMANN HALL ,,200.0,S,39.22940548,-86.54457998,LOCAL/CITY RD,N,URBAN,N,N,N,,DAYLIGHT,RAIN,WET,,T-INTERSECTION,STRAIGHT/LEVEL,ASPHALT,FAILURE TO YIELD RIGHT OF WAY,RIGHT ANGLE,NUNIONSTTENTHST,NONE,2021-12-01 13:10:00,,,
264,BLOOMINGTON PD,BLOOMINGTON,1,,0.0,0,0,1900,,,E WINSLOW RD,S HIGH ST,,1000.0,,39.16765,-86.50003,LOCAL/CITY RD,,URBAN,N,N,N,,DAYLIGHT,CLOUDY,WET,,NO JUNCTION INVOLVED,,ASPHALT,OVERCORRECTING/OVERSTEERING,RAN OFF RD,S.HIGHST1900EWINSLOWRD,,2021-12-01 14:07:00,,,
265,BLOOMINGTON PD,BLOOMINGTON,2,,0.0,0,0,,,,W 7TH ST,N COLLEGE AVE,,0.0,,39.1719198353886,-86.50949936917753,LOCAL/CITY RD,,URBAN,N,N,N,,DAYLIGHT,CLOUDY,WET,,FOUR-WAY INTERSECTION,,ASPHALT,IMPROPER TURNING,LEFT TURN,W7thStNCollegeAve,,2021-12-01 14:46:00,,,
266,ELLETTSVILLE PD,ELLETTSVILLE,2,0.0,1.0,0,0,,,,ST RD 46,ENTRANCE TO CHICAGO'S PIZZA,,600.0,W,39.13639,-86.50848,ST RD,N,URBAN,N,N,N,,DAYLIGHT,CLEAR,DRY,,T-INTERSECTION,STRAIGHT/GRADE,ASPHALT,DRIVER DISTRACTED - EXPLAIN IN NARRATIVE,REAR END,LAKEVIEWDRST RD 46E,LN CONTROL,2021-12-01 15:32:00,,,
267,MONROE SD,BLOOMINGTON,2,0.0,0.0,0,0,,,,ST RD 46,N CAPITOL AVE,,1000.0,N,39.16855,-86.53485,ST RD,N,RURAL,N,N,N,,DAYLIGHT,CLEAR,WET,,NO JUNCTION INVOLVED,STRAIGHT/LEVEL,ASPHALT,FOLLOWING TOO CLOSELY,REAR END,NLAKEVIEWDRST RD 46 W,NONE,2021-12-01 15:41:00,,,
268,INDIANA UNIV BLOOMINGTON PD,BLOOMINGTON,4,0.0,0.0,0,0,,,,E 17TH ST,N EAGLESON AVE (E),,,,39.18626,-86.52453,LOCAL/CITY RD,N,URBAN,N,N,N,,DARK (LIGHTED),CLOUDY,WET,,NO JUNCTION INVOLVED,STRAIGHT/GRADE,ASPHALT,FOLLOWING TOO CLOSELY,REAR END,EAST17THSTEAGLESON AVEAVE,NONE,2021-12-01 17:50:00,,,
269,MONROE SD,BLOOMINGTON,1,0.0,0.0,0,0,,,,W TAPP RD,I-69,,,,39.223176593476715,-86.60912330401224,,Y,URBAN,N,N,N,,DARK (LIGHTED),CLEAR,WET,,RAMP,STRAIGHT/GRADE,ASPHALT,RAN OFF RD RIGHT,RAN OFF RD,ST RD 37TAPPRD,YIELD SIGN,2021-12-01 19:16:00,,,
270,MONROE SD,BLOOMINGTON,2,0.0,0.0,0,0,,,,W ELLER RD,S WESTMONT AVE,,,,39.17882,-86.51243,COUNTY RD,N,URBAN,N,N,N,,DARK (NOT LIGHTED),CLEAR,DRY,,NO JUNCTION INVOLVED,STRAIGHT/HILLCREST,ASPHALT,IMPROPER PASSING,HEAD ON BETWEEN TWO MOTOR VEHICLES,EASTMONTSTFULLERTONPK,NONE,2021-12-01 19:41:00,,,
271,MONROE SD,BLOOMINGTON,1,0.0,0.0,0,0,,,,ST RD 45,E MARTIN DR,,200.0,W,39.13679178737536,-86.57321379818525,ST RD,N,RURAL,N,N,N,,DARK (NOT LIGHTED),CLOUDY,WET,,NO JUNCTION INVOLVED,CURVE/GRADE,ASPHALT,RAN OFF RD RIGHT,RAN OFF RD,MARTINDRST RD 45E,NONE,2021-12-01 20:37:00,,,
272,ELLETTSVILLE PD,ELLETTSVILLE,2,0.0,0.0,0,0,,,,ST RD 46,N TUPELO DR,,150.0,E,39.1223,-86.61882,ST RD,N,URBAN,N,N,N,,DAYLIGHT,CLEAR,DRY,,T-INTERSECTION,CURVE/LEVEL,ASPHALT,FAILURE TO YIELD RIGHT OF WAY,RIGHT ANGLE,ST RD 46 WTUPELOLN,LN CONTROL,2021-11-30 04:02:00,,,
273,ELLETTSVILLE PD,ELLETTSVILLE,2,0.0,0.0,0,0,,,,W VINE ST,N SALE ST,,,,39.20474,-86.46327,LOCAL/CITY RD,N,URBAN,N,N,N,,DARK (LIGHTED),CLEAR,DRY,,FOUR-WAY INTERSECTION,STRAIGHT/LEVEL,ASPHALT,OVERCORRECTING/OVERSTEERING,OPPOSITE DIRECTION SIDESWIPE,SALESTVINEST,LN CONTROL,2021-11-30 06:30:00,,,
274,INDIANA UNIV BLOOMINGTON PD,BLOOMINGTON,2,0.0,0.0,0,0,,,,S HAWTHORNE DR,E ATWATER AVE,,,,39.212940445281745,-86.58971786801854,LOCAL/CITY RD,N,URBAN,N,N,N,,DAYLIGHT,CLEAR,DRY,,FOUR-WAY INTERSECTION,STRAIGHT/LEVEL,ASPHALT,FAILURE TO YIELD RIGHT OF WAY,LEFT TURN,ATWATERAVEHAWTHORNELN,STOP SIGN,2021-11-30 09:35:00,,,
275,BLOOMINGTON PD,BLOOMINGTON,2,0.0,1.0,0,0,2623,,,N WALNUT ST,,,,,39.23430595544716,-86.6241469283621,LOCAL/CITY RD,N,URBAN,N,N,N,,DAYLIGHT,CLEAR,DRY,,NO JUNCTION INVOLVED,STRAIGHT/LEVEL,ASPHALT,FAILURE TO YIELD RIGHT OF WAY,LEFT TURN,2623NWALNUTST,NONE,2021-11-30 12:15:00,,,
276,MONROE SD,BLOOMINGTON,2,0.0,0.0,0,0,,,,ST RD 48,S GARRISON CHAPEL RD,,,,39.163065298329826,-86.5202364980001,ST RD,N,RURAL,N,N,N,,DAYLIGHT,CLEAR,DRY,,T-INTERSECTION,CURVE/LEVEL,ASPHALT,FOLLOWING TOO CLOSELY,REAR END,GARRISONCHAPELRDST RD 48W,LN CONTROL,2021-11-30 16:15:00,,,
277,MONROE SD,BLOOMINGTON,2,0.0,0.0,0,0,,,,ST RD 46,W ARLINGTON RD,,,,39.19361253572723,-86.53378267235628,ST RD,N,RURAL,N,N,N,,DAYLIGHT,CLEAR,DRY,,FOUR-WAY INTERSECTION,STRAIGHT/GRADE,ASPHALT,FOLLOWING TOO CLOSELY,REAR END,ARLINGTONRDST RD 46 W,NONE,2021-11-29 03:52:00,,,
278,BLOOMINGTON PD,BLOOMINGTON,2,,0.0,0,0,,,,ST RD 46,S SMITH RD,,0.0,,39.163591772319734,-86.64990211409601,LOCAL/CITY RD,,URBAN,N,N,N,,DAYLIGHT,CLEAR,DRY,,FOUR-WAY INTERSECTION,,ASPHALT,FOLLOWING TOO CLOSELY,REAR END,SSMITHRDE 3RDST,,2021-11-29 07:59:00,,,
279,BLOOMINGTON PD,BLOOMINGTON,2,,0.0,0,0,,,,W 3RD ST,S LANDMARK AVE,,0.0,,39.20763,-86.57988,LOCAL/CITY RD,,URBAN,N,N,N,,DAYLIGHT,CLEAR,DRY,,NO JUNCTION INVOLVED,,ASPHALT,FOLLOWING TOO CLOSELY,REAR END,W 3RDSTSLANMARKAVE,,2021-11-29 14:25:00,,,
280,INDIANA UNIV BLOOMINGTON PD,BLOOMINGTON,2,0.0,0.0,0,0,,,,N EAGLESON AVE,E 10TH ST,,658.0,S,39.164157001371265,-86.48125374493544,UNKNOWN,N,URBAN,N,N,N,,DAYLIGHT,CLOUDY,DRY,,NO JUNCTION INVOLVED,STRAIGHT/GRADE,ASPHALT,DRIVER DISTRACTED - EXPLAIN IN NARRATIVE,SAME DIRECTION SIDESWIPE,EAGLESON AVEAVETENTHST,NONE,2021-11-29 14:30:00,,,
281,BLOOMINGTON PD,BLOOMINGTON,2,0.0,0.0,0,0,,,,S FESS AVE,E HUNTER AVE,,,,39.16439485589094,-86.55632609841484,LOCAL/CITY RD,N,URBAN,N,N,N,,DAYLIGHT,CLOUDY,DRY,,FOUR-WAY INTERSECTION,STRAIGHT/GRADE,ASPHALT,FAILURE TO YIELD RIGHT OF WAY,RIGHT ANGLE,FESSAVEHUNTERAVE,STOP SIGN,2021-11-29 16:10:00,,,
282,INDIANA UNIV BLOOMINGTON PD,BLOOMINGTON,2,0.0,0.0,0,0,,,,ST RD 46,E ASTGATE LN (N),,,,39.17159,-86.51566,ST RD,N,URBAN,N,N,N,,DAWN/DUSK,CLEAR,DRY,,NO JUNCTION INVOLVED,STRAIGHT/LEVEL,ASPHALT,FOLLOWING TOO CLOSELY,REAR END,EEASTGATELNST RD 46,NONE,2021-11-29 17:30:00,,,
283,BLOOMINGTON PD,BLOOMINGTON,2,0.0,0.0,0,0,,,,W 11TH ST,N MORTON ST,,,,39.162204043684746,-86.52592443844317,LOCAL/CITY RD,Y,URBAN,N,N,N,,DARK (LIGHTED),CLEAR,DRY,,FOUR-WAY INTERSECTION,STRAIGHT/GRADE,ASPHALT,FOLLOWING TOO CLOSELY,REAR END,NORTHMORTONSTWEST11THST,NONE,2021-11-29 21:54:00,,,
284,MONROE SD,BLOOMINGTON,3,0.0,0.0,0,0,5480,,,S FAIRFAX RD,E MOFFETT LN,,,,39.17016,-86.50137,COUNTY RD,Y,RURAL,N,N,N,,DARK (LIGHTED),CLEAR,DRY,,T-INTERSECTION,CURVE/LEVEL,ASPHALT,OTHER (DRIVER) - EXPLAIN IN NARRATIVE,RAN OFF RD,FAIRFAXRD,LN CONTROL,2021-11-28 00:27:00,,,
285,MONROE SD,BLOOMINGTON,1,0.0,0.0,0,1,,,,ST RD 37,,,5000.0,S,39.17325357551676,-86.53606274345904,ST RD,N,RURAL,N,N,N,,DARK (NOT LIGHTED),CLEAR,DRY,,NO JUNCTION INVOLVED,STRAIGHT/LEVEL,ASPHALT,ANIMAL/OBJECT IN RDWAY,COLLISION WITH DEER,N ST RD 37ZIKESRD,NONE,2021-11-28 05:41:00,,,
286,MONROE SD,BLOOMINGTON,1,0.0,0.0,0,0,3505,,,E BOLTINGHOUSE RD,,,,,39.09987320983383,-86.5178567329759,LOCAL/CITY RD,N,RURAL,N,N,N,,DARK (NOT LIGHTED),CLEAR,DRY,,NO JUNCTION INVOLVED,STRAIGHT/LEVEL,ASPHALT,RAN OFF RD RIGHT,RAN OFF RD,EBOLTINGHOUSERD,NONE,2021-11-28 06:59:00,,,
287,MONROE SD,BLOOMINGTON,2,0.0,0.0,0,0,,,,W ST RD 37,E BOLTINGHOUSE RD,,,,39.0357403,-86.53539385,LOCAL/CITY RD,N,RURAL,N,N,N,,DAYLIGHT,CLEAR,DRY,,T-INTERSECTION,CURVE/LEVEL,ASPHALT,FAILURE TO YIELD RIGHT OF WAY,RIGHT ANGLE,EBOLTINGHOUSERDNOLDST RD 37RD,STOP SIGN,2021-11-28 14:13:00,,,
288,BLOOMINGTON PD,BLOOMINGTON,3,0.0,0.0,0,0,,,,ST RD 46,KINGSTON DR S,,,,39.23362067637647,-86.47922404197452,LOCAL/CITY RD,N,URBAN,N,N,N,,DAYLIGHT,CLEAR,DRY,,FOUR-WAY INTERSECTION,STRAIGHT/LEVEL,ASPHALT,FOLLOWING TOO CLOSELY,REAR END,E 3RDSTSKINGSTONDR,TRAFFIC CONTROL SIGNAL,2021-11-28 14:45:00,,,
289,INDIANA UNIV BLOOMINGTON PD,BLOOMINGTON,2,0.0,0.0,0,0,,,,N EAGLESON AVE,E 17TH ST,,100.0,S,39.2331963581079,-86.47653862053706,LOCAL/CITY RD,Y,URBAN,N,N,N,,UNKNOWN,CLEAR,DRY,,NO JUNCTION INVOLVED,STRAIGHT/LEVEL,ASPHALT,IMPROPER LN USAGE,SAME DIRECTION SIDESWIPE,17THSTEAGLESON AVEAVE,NONE,2021-11-28 15:45:00,,,
290,ISP BLOOMINGTON 33,BLOOMINGTON,1,,0.0,0,1,,,,I-69 N,,,0.0,,39.164158403790076,-86.49306429889036,INTERSTATE,,RURAL,N,N,N,,DAWN/DUSK,CLEAR,DRY,,NO JUNCTION INVOLVED,,ASPHALT,ANIMAL/OBJECT IN RDWAY,COLLISION WITH DEER,I-69105,,2021-11-28 18:07:00,,,
291,BLOOMINGTON PD,BLOOMINGTON,3,0.0,3.0,1,0,,,,ST RD 46,,,340.0,E,39.1787980510304,-86.51246521506522,ST RD,N,URBAN,N,N,N,,DARK (NOT LIGHTED),CLEAR,DRY,,NO JUNCTION INVOLVED,STRAIGHT/LEVEL,ASPHALT,LEFT OF CENTER,HEAD ON BETWEEN TWO MOTOR VEHICLES,SPARKRIDGERDST RD 46E,NONE,2021-11-28 21:15:00,,,
292,MONROE SD,BLOOMINGTON,1,0.0,1.0,0,0,5120,,,ST RD 45,,,2900.0,E,39.05000251176284,-86.68002592350297,ST RD,Y,URBAN,N,N,N,,DARK (NOT LIGHTED),CLEAR,DRY,,NO JUNCTION INVOLVED,CURVE/GRADE,ASPHALT,RAN OFF RD RIGHT,RAN OFF RD,NMTGILEADRDST RD 45E,LN CONTROL,2021-11-27 00:26:00,,,
293,INDIANA UNIV BLOOMINGTON PD,BLOOMINGTON,2,0.0,0.0,0,0,,,,ST RD 45/46,E MATLOCK RD,,,,39.16424001,-86.47489645,ST RD,Y,URBAN,N,N,N,,DARK (LIGHTED),CLEAR,DRY,,FOUR-WAY INTERSECTION,STRAIGHT/LEVEL,ASPHALT,DISREGARD SIGNAL/REG SIGN,REAR END,MATLOCKRDST RD 46,TRAFFIC CONTROL SIGNAL,2021-11-27 21:18:00,,,
294,BLOOMINGTON PD,BLOOMINGTON,2,0.0,0.0,0,0,,,,W 17TH ST,N KINSER PK,,,,39.22883379,-86.42438391,LOCAL/CITY RD,N,URBAN,N,N,N,,DAYLIGHT,CLEAR,DRY,,FOUR-WAY INTERSECTION,STRAIGHT/GRADE,ASPHALT,DISREGARD SIGNAL/REG SIGN,RIGHT ANGLE,17THSTKINSERPK,TRAFFIC CONTROL SIGNAL,2021-11-26 10:15:00,,,
295,MONROE SD,BLOOMINGTON,2,0.0,0.0,0,0,,Y,NB,E MONROE DAM RD,ST RD 37,,,,39.18628771134832,-86.53167366369519,LOCAL/CITY RD,N,RURAL,N,N,N,,DAYLIGHT,CLEAR,DRY,,T-INTERSECTION,CURVE/GRADE,ASPHALT,FAILURE TO YIELD RIGHT OF WAY,RIGHT ANGLE,EMONROEDAMRDENTRANCETOI-69 NBRD,STOP SIGN,2021-11-26 10:27:00,,,
296,ELLETTSVILLE PD,ELLETTSVILLE,2,0.0,0.0,0,0,,,,N MATTHEWS DR,ENTRANCE TO ELLETTSVILLE RECYCLING CENTER,,750.0,S,39.17904,-86.53774,LOCAL/CITY RD,N,URBAN,N,N,N,,DAYLIGHT,CLEAR,DRY,,NO JUNCTION INVOLVED,STRAIGHT/LEVEL,ASPHALT,FOLLOWING TOO CLOSELY,REAR END,MATTHEWSDRMCNEELYRD,LN CONTROL,2021-11-26 10:43:00,,,
297,MONROE SD,BLOOMINGTON,2,0.0,0.0,0,0,,,,S LIBERTY DR,ENTRANCE TO MENARDS,,3000.0,N,39.02002,-86.53633,LOCAL/CITY RD,N,URBAN,N,N,N,,DAYLIGHT,CLEAR,DRY,,NO JUNCTION INVOLVED,CURVE/LEVEL,ASPHALT,FAILURE TO YIELD RIGHT OF WAY,RIGHT ANGLE,LIBERTYDR3RDST,LN CONTROL,2021-11-26 10:53:00,,,
298,BLOOMINGTON PD,BLOOMINGTON,2,0.0,1.0,0,0,,,,W 3RD ST,S MADISON ST,,,,39.24547520221391,-86.62057678002863,LOCAL/CITY RD,N,URBAN,N,N,N,,DAYLIGHT,CLOUDY,DRY,,FOUR-WAY INTERSECTION,STRAIGHT/GRADE,ASPHALT,FAILURE TO YIELD RIGHT OF WAY,LEFT TURN,SMADISONSTW 3RDST,TRAFFIC CONTROL SIGNAL,2021-11-26 12:13:00,,,
299,BLOOMINGTON PD,BLOOMINGTON,2,0.0,0.0,0,0,,,,S LEONARD SPRINGS RD,ST RD 45,,,,39.15501198877043,-86.57528907065866,LOCAL/CITY RD,N,URBAN,N,N,N,,DAYLIGHT,CLEAR,DRY,,FOUR-WAY INTERSECTION,STRAIGHT/GRADE,ASPHALT,FAILURE TO YIELD RIGHT OF WAY,LEFT TURN,SLEONARDSPRINGSRDSTATERD45HWY,TRAFFIC CONTROL SIGNAL,2021-11-26 14:45:00,,,
300,MONROE SD,BLOOMINGTON,2,0.0,0.0,0,0,,,,N SMITH PK,ST RD 46,,,,39.16460953640378,-86.53745454467335,COUNTY RD,N,URBAN,N,N,N,,DAYLIGHT,CLEAR,DRY,,NO JUNCTION INVOLVED,STRAIGHT/HILLCREST,ASPHALT,UNSAFE LN MOVEMENT,SAME DIRECTION SIDESWIPE,SMITHPKST RD 46,NONE,2021-11-26 15:10:00,,,
301,BLOOMINGTON PD,BLOOMINGTON,2,0.0,0.0,0,0,,,,ST RD 46,S CLARIZZ BLVD,,200.0,E,39.14192559494067,-86.58262027609037,LOCAL/CITY RD,Y,URBAN,N,N,N,,DAWN/DUSK,CLOUDY,DRY,,NO JUNCTION INVOLVED,STRAIGHT/LEVEL,ASPHALT,FOLLOWING TOO CLOSELY,REAR END,E 3RDSTSCLARIZZBLVD,NONE,2021-11-25 16:57:00,,,
302,BLOOMINGTON PD,BLOOMINGTON,1,0.0,0.0,0,0,703,,,E COLONIAL CREST RD,,,,,39.209959724358036,-86.58271511468331,UNKNOWN,Y,URBAN,N,N,N,,DARK (LIGHTED),CLEAR,DRY,,NO JUNCTION INVOLVED,STRAIGHT/LEVEL,CONCRETE,OTHER (DRIVER) - EXPLAIN IN NARRATIVE,OTHER - EXPLAIN IN NARRATIVE,WGOURLEYPK,NONE,2021-11-25 20:57:00,,,
303,BLOOMINGTON PD,BLOOMINGTON,2,0.0,1.0,0,0,,,,S COLLEGE MALL RD,ST RD 46,,,,39.16415534116193,-86.4908594889738,LOCAL/CITY RD,N,URBAN,N,N,N,,DARK (LIGHTED),CLEAR,DRY,,FOUR-WAY INTERSECTION,STRAIGHT/LEVEL,ASPHALT,IMPROPER LN USAGE,HEAD ON BETWEEN TWO MOTOR VEHICLES,E 3RDSTSCOLLEGEMALLRD,NONE,2021-11-25 21:55:00,,,
304,MONROE SD,BLOOMINGTON,1,0.0,0.0,0,0,7615,,,W DECKARD DR,,,,,39.18520214529401,-86.54060243482249,UNKNOWN,N,RURAL,N,N,N,,DARK (NOT LIGHTED),CLOUDY,WET,,NO JUNCTION INVOLVED,STRAIGHT/LEVEL,OTHER - EXPLAIN IN NARRATIVE,OTHER (DRIVER) - EXPLAIN IN NARRATIVE,RAN OFF RD,WDECKARDDR,NONE,2021-11-24 05:17:00,,,
305,BLOOMINGTON PD,BLOOMINGTON,2,,0.0,0,0,,,,S LIBERTY DR,ENTRANCE TO WHITEHALL PLAZA (S),,125.0,,39.16423,-86.49826,LOCAL/CITY RD,,URBAN,N,N,N,,DARK (LIGHTED),CLEAR,DRY,,NO JUNCTION INVOLVED,,ASPHALT,FAILURE TO YIELD RIGHT OF WAY,RIGHT ANGLE,West3rdStreetLibertyDrive,,2021-11-24 05:51:00,,,
306,BLOOMINGTON PD,BLOOMINGTON,2,,0.0,0,0,,,,S COLLEGE MALL RD,E COVENANTER DR,,0.0,,39.09416440865521,-86.64053829273152,LOCAL/CITY RD,,URBAN,N,N,N,,DARK (LIGHTED),CLEAR,DRY,,FOUR-WAY INTERSECTION,,ASPHALT,FAILURE TO YIELD RIGHT OF WAY,HEAD ON BETWEEN TWO MOTOR VEHICLES,SouthCollegeMallRoadEastCovenanterDrive,,2021-11-24 07:54:00,,,
307,ISP BLOOMINGTON 33,BLOOMINGTON,2,,1.0,0,0,,,,I-69 S,ST RD 45,,0.0,,39.15497573487861,-86.57530538296729,INTERSTATE,,RURAL,N,N,N,,DAYLIGHT,CLOUDY,DRY,,NO JUNCTION INVOLVED,,ASPHALT,INSECURE/LEAKY LOAD,OTHER - EXPLAIN IN NARRATIVE,I-69SBat117MM,,2021-11-24 10:15:00,,,
308,ISP BLOOMINGTON 33,BLOOMINGTON,1,,2.0,0,0,,,,I-69,,,0.0,,39.155149028513854,-86.49774601775837,INTERSTATE,,RURAL,N,Y,N,,DARK (NOT LIGHTED),CLOUDY,DRY,,NO JUNCTION INVOLVED,,ASPHALT,,RAN OFF RD,105.5MMI-69,,2021-11-24 18:13:00,,,
309,ISP BLOOMINGTON 33,BLOOMINGTON,1,,0.0,0,1,4445,,,ST RD 45,,,0.0,,39.18215401878635,-86.55690149162783,ST RD,,URBAN,N,N,N,,DARK (NOT LIGHTED),CLEAR,DRY,,NO JUNCTION INVOLVED,,ASPHALT,ANIMAL/OBJECT IN RDWAY,COLLISION WITH DEER,WStateRd45,,2021-11-24 18:25:00,,,
310,BLOOMINGTON PD,BLOOMINGTON,2,1.0,0.0,0,0,,,,S KIMBLE DR,W 3RD ST,,,,39.057759740756616,-86.68162622431318,LOCAL/CITY RD,Y,URBAN,N,N,N,,DAYLIGHT,CLEAR,DRY,,FOUR-WAY INTERSECTION,STRAIGHT/LEVEL,CONCRETE,IMPROPER LN USAGE,SAME DIRECTION SIDESWIPE,SOUTHKIMBLEDRWEST3RDST,TRAFFIC CONTROL SIGNAL,2021-11-23 13:25:00,,,
311,BLOOMINGTON PD,BLOOMINGTON,2,0.0,1.0,0,0,,,,W TAPP RD,S LEONARD SPRINGS RD,,,,39.1389126,-86.59042416,LOCAL/CITY RD,Y,URBAN,N,N,N,,DAYLIGHT,CLEAR,DRY,,T-INTERSECTION,STRAIGHT/GRADE,ASPHALT,FOLLOWING TOO CLOSELY,REAR END,SLEONARDSPRINGSRDWTAPPRD,STOP SIGN,2021-11-23 14:13:00,,,
312,MONROE SD,ELLETTSVILLE,2,0.0,0.0,0,0,,,,N MATTHEWS DR,W MCNEELY ST,,,,39.16449616891919,-86.56799839717844,LOCAL/CITY RD,N,URBAN,N,N,N,,DAYLIGHT,CLEAR,DRY,,T-INTERSECTION,STRAIGHT/GRADE,ASPHALT,LEFT OF CENTER,OPPOSITE DIRECTION SIDESWIPE,NMATTHEWSDRWMCNEELYST,LN CONTROL,2021-11-23 14:35:00,,,
313,MONROE SD,BLOOMINGTON,1,0.0,0.0,0,0,,,,ST RD 45,E ARL YOUNG RD,,,,39.13682,-86.58261,ST RD,N,RURAL,N,N,N,,DARK (NOT LIGHTED),CLEAR,DRY,,NO JUNCTION INVOLVED,CURVE/LEVEL,ASPHALT,DRIVER DISTRACTED - EXPLAIN IN NARRATIVE,RAN OFF RD,EARLYOUNGRDST RD 45E,LN CONTROL,2021-11-22 01:15:00,,,
314,BLOOMINGTON PD,BLOOMINGTON,1,0.0,0.0,0,0,,,,S WASHINGTON ST,E 3RD ST,,,,39.23818367833611,-86.62392802561824,LOCAL/CITY RD,Y,URBAN,N,N,N,,DARK (LIGHTED),CLEAR,DRY,,FOUR-WAY INTERSECTION,STRAIGHT/LEVEL,ASPHALT,RAN OFF RD RIGHT,RAN OFF RD,E 3RDSTSWASHINGTONST,TRAFFIC CONTROL SIGNAL,2021-11-22 05:09:00,,,