_id,Agency,City,Vehicles Involved,Trailers Involved,Number Injured,Number Dead,Number Deer,House Number,Roadway Interchange,Roadway Ramp,Roadway Id,Intersecting Road,Interchange,Feet From,Direction,Latitude,Longitude,Roadway Class,Hit and Run?,Locality,School Zone?,Rumble Strips?,Construction?,Construction Type,Light Condition,Weather Conditions,Surface Condition,Type of Median,Roadway Junction Type,Road Character,Roadway Surface,Primary Factor,Manner of Collision,Unique Location Id,Traffic Control,DateTime,Address Number,Cyclist Involved,Pedestrian Involved
440,MONROE SD,BLOOMINGTON,1,0.0,0.0,0,0,,,,S ROCKPORT RD,,,200.0,N,39.163086444696276,-86.52589383533527,COUNTY RD,N,RURAL,N,N,N,,DARK (NOT LIGHTED),CLEAR,DRY,,NO JUNCTION INVOLVED,CURVE/GRADE,ASPHALT,RAN OFF RD RIGHT,RAN OFF RD,HENNESSEYSTROCKPORTRD,NONE,2021-11-11 00:36:00,,,
441,INDIANA UNIV BLOOMINGTON PD,BLOOMINGTON,2,0.0,0.0,0,0,,,,ST RD 45/46,E 17TH ST,,,,39.07431554320775,-86.64472223142467,LOCAL/CITY RD,N,URBAN,N,N,N,,DAYLIGHT,RAIN,WET,,T-INTERSECTION,STRAIGHT/LEVEL,ASPHALT,FOLLOWING TOO CLOSELY,REAR END,EAST17THSTST RD 46,LN CONTROL,2021-11-11 10:07:00,,,
442,BLOOMINGTON PD,BLOOMINGTON,1,0.0,0.0,0,0,,,,I-69 N,W TAPP RD,,100.0,S,39.16463,-86.53489,INTERSTATE,N,URBAN,N,N,N,,DAYLIGHT,RAIN,WET,,NO JUNCTION INVOLVED,STRAIGHT/LEVEL,ASPHALT,RAN OFF RD RIGHT,RAN OFF RD,I-69 N116,NONE,2021-11-11 11:40:00,,,
443,BLOOMINGTON PD,BLOOMINGTON,2,0.0,0.0,0,0,,,,ST RD 45/46,N DUNN ST,,,,,,ST RD,N,URBAN,N,N,N,,DAYLIGHT,RAIN,WET,,FOUR-WAY INTERSECTION,STRAIGHT/LEVEL,ASPHALT,FAILURE TO YIELD RIGHT OF WAY,RIGHT ANGLE,NDUNNSTST RD 45E,NONE,2021-11-11 14:07:00,,,
444,MONROE SD,BLOOMINGTON,1,0.0,1.0,0,0,617,,,S CORY LN,,,2500.0,S,,,LOCAL/CITY RD,N,RURAL,N,N,N,,DAYLIGHT,CLEAR,DRY,,NO JUNCTION INVOLVED,CURVE/LEVEL,ASPHALT,RAN OFF RD RIGHT,RAN OFF RD,SCORYLNW 3RDST,LN CONTROL,2021-11-11 16:36:00,,,
445,BLOOMINGTON PD,BLOOMINGTON,2,0.0,0.0,0,0,,,,W 3RD ST,S CORY LN,,,,39.17969485941712,-86.50727173246574,LOCAL/CITY RD,N,URBAN,N,N,N,,DARK (LIGHTED),CLEAR,DRY,,FOUR-WAY INTERSECTION,STRAIGHT/LEVEL,ASPHALT,FOLLOWING TOO CLOSELY,REAR END,SCORYLNW 3RDST,TRAFFIC CONTROL SIGNAL,2021-11-11 18:43:00,,,
446,MONROE SD,BLOOMINGTON,1,0.0,0.0,0,1,,,,I-69 S,,,100.0,S,39.136793427607856,-86.5729436977935,INTERSTATE,N,RURAL,N,N,N,,DARK (NOT LIGHTED),CLEAR,DRY,,NO JUNCTION INVOLVED,CURVE/GRADE,ASPHALT,ANIMAL/OBJECT IN RDWAY,COLLISION WITH DEER,I-69S129.5,LN CONTROL,2021-11-10 03:55:00,,,
447,ISP BLOOMINGTON 33,BLOOMINGTON,1,,0.0,0,1,,,,I-69,,,0.0,,39.186257668750144,-86.52843125741656,INTERSTATE,,RURAL,N,N,N,,DARK (NOT LIGHTED),CLEAR,DRY,,NO JUNCTION INVOLVED,,ASPHALT,ANIMAL/OBJECT IN RDWAY,COLLISION WITH DEER,108MMI-69108,,2021-11-10 06:15:00,,,
448,ELLETTSVILLE PD,ELLETTSVILLE,2,0.0,1.0,0,0,,,,N TABOR HILL RD,N BRDWAY AVE,,200.0,E,39.164544,-86.560096,COUNTY RD,N,RURAL,N,N,N,,DAYLIGHT,CLEAR,DRY,,NO JUNCTION INVOLVED,CURVE/GRADE,ASPHALT,RAN OFF RD RIGHT,OPPOSITE DIRECTION SIDESWIPE,EASTONSTNTABORHILLRD,NONE,2021-11-10 08:15:00,,,
449,BLOOMINGTON PD,BLOOMINGTON,2,0.0,0.0,0,0,,,,E 3RD ST,S OVERHILL DR,,,,39.16443643218073,-86.56016751201383,LOCAL/CITY RD,N,URBAN,N,N,N,,DAYLIGHT,CLEAR,DRY,,T-INTERSECTION,STRAIGHT/LEVEL,ASPHALT,FAILURE TO YIELD RIGHT OF WAY,RIGHT ANGLE,E 3RDSTSOVERHILLDR,LN CONTROL,2021-11-10 09:15:00,,,
450,MONROE SD,BLOOMINGTON,2,0.0,0.0,0,0,407,,,S WESTERN DR,W BELLE AVE,,,,0.0,0.0,LOCAL/CITY RD,N,URBAN,N,N,N,,DAYLIGHT,CLEAR,DRY,,NO JUNCTION INVOLVED,STRAIGHT/LEVEL,ASPHALT,RAN OFF RD RIGHT,RIGHT ANGLE,SWESTERNDR,NONE,2021-11-10 11:22:00,,,
451,ELLETTSVILLE PD,ELLETTSVILLE,2,0.0,0.0,0,0,,,,ST RD 46,N MATTHEWS DR (N),,,,39.07332881,-86.63697103,ST RD,N,URBAN,N,N,N,,DAYLIGHT,CLEAR,DRY,,NO JUNCTION INVOLVED,STRAIGHT/GRADE,ASPHALT,FAILURE TO YIELD RIGHT OF WAY,OTHER - EXPLAIN IN NARRATIVE,MATTHEWSDRST RD 46 W,TRAFFIC CONTROL SIGNAL,2021-11-10 11:30:00,,,
452,BLOOMINGTON PD,BLOOMINGTON,3,0.0,0.0,0,0,,,,S ROGERS ST,W WILSON ST,,200.0,S,39.16568,-86.58874,LOCAL/CITY RD,N,URBAN,N,N,N,,DAYLIGHT,CLEAR,DRY,,FOUR-WAY INTERSECTION,STRAIGHT/LEVEL,ASPHALT,DRIVER ILLNESS,REAR END,SROGERSSTWPATTERSONDR,NONE,2021-11-10 13:32:00,,,
453,INDIANA UNIV BLOOMINGTON PD,BLOOMINGTON,2,0.0,0.0,0,0,,,,ST RD 45/46,ST RD 45,,,,39.16420836083276,-86.50168386309076,ST RD,N,URBAN,N,N,N,,DAYLIGHT,CLOUDY,DRY,,FOUR-WAY INTERSECTION,STRAIGHT/LEVEL,ASPHALT,DRIVER DISTRACTED - EXPLAIN IN NARRATIVE,REAR END,ST RD 46UNIONVILLERD,TRAFFIC CONTROL SIGNAL,2021-11-10 15:13:00,,,
454,ELLETTSVILLE PD,ELLETTSVILLE,3,0.0,0.0,0,0,,,,N THOMAS RD,,,1000.0,N,39.16325066019181,-86.58690887419756,COUNTY RD,N,RURAL,N,N,N,,DAYLIGHT,CLEAR,DRY,,NO JUNCTION INVOLVED,STRAIGHT/HILLCREST,ASPHALT,UNSAFE BACKING,BACKING CRASH,THOMASRDVERNALPK,NONE,2021-11-10 16:12:00,,,
455,INDIANA UNIV BLOOMINGTON PD,BLOOMINGTON,2,0.0,0.0,0,0,,,,N CAMPBELL ST,E 7TH ST,,,,39.234831852805335,-86.62634575256945,LOCAL/CITY RD,N,URBAN,N,N,N,,DAYLIGHT,CLEAR,DRY,,NO JUNCTION INVOLVED,STRAIGHT/LEVEL,ASPHALT,UNSAFE BACKING,BACKING CRASH,E7THSTNCAMPBELLST,NONE,2021-11-10 17:12:00,,,
456,MONROE SD,BLOOMINGTON,1,0.0,0.0,0,0,4111,,,GARDEN HILL MOBILE HOME PARK,,,,,39.15164790914175,-86.53879658698001,UNKNOWN,N,URBAN,N,N,N,,DAYLIGHT,CLEAR,DRY,,NO JUNCTION INVOLVED,NON-RDWAY CRASH,ASPHALT,BRAKE FAILURE OR DEFECTIVE,RAN OFF RD,WVERNALPK,NONE,2021-11-10 17:25:00,,,
457,BLOOMINGTON PD,BLOOMINGTON,2,0.0,0.0,0,0,,,,S AUTO MALL RD,E COVENANTER DR,,,,39.17158663204243,-86.50219208782077,LOCAL/CITY RD,N,URBAN,N,N,N,,DARK (LIGHTED),CLEAR,DRY,,FOUR-WAY INTERSECTION,STRAIGHT/LEVEL,ASPHALT,FAILURE TO YIELD RIGHT OF WAY,RIGHT ANGLE,ECOVENANTERDRSAUTOMALLRD,STOP SIGN,2021-11-10 17:57:00,,,
458,BLOOMINGTON PD,BLOOMINGTON,2,0.0,0.0,0,0,,,,S WALNUT ST,W DODDS ST,,,,39.19178649,-86.63012246,LOCAL/CITY RD,Y,URBAN,N,N,N,,DAYLIGHT,CLEAR,DRY,,FOUR-WAY INTERSECTION,STRAIGHT/LEVEL,ASPHALT,FAILURE TO YIELD RIGHT OF WAY,RIGHT ANGLE,DODDSSTSWALNUTST,STOP SIGN,2021-11-09 08:25:00,,,
459,BLOOMINGTON PD,BLOOMINGTON,2,1.0,0.0,0,0,,,,S STRONG DR,,,2500.0,S,39.168669928447926,-86.513932258377,LOCAL/CITY RD,N,URBAN,N,N,N,,DAYLIGHT,CLEAR,DRY,,NO JUNCTION INVOLVED,STRAIGHT/GRADE,ASPHALT,IMPROPER TURNING,LEFT TURN,STRONGDRWALLENST,LN CONTROL,2021-11-09 12:07:00,,,
460,INDIANA UNIV BLOOMINGTON PD,BLOOMINGTON,2,0.0,0.0,0,0,,,,ST RD 45/46,E DISCOVERY PKWY,,,,39.17920828350386,-86.58293040878125,ST RD,Y,URBAN,N,N,N,,DAYLIGHT,CLEAR,DRY,,T-INTERSECTION,STRAIGHT/LEVEL,ASPHALT,FOLLOWING TOO CLOSELY,REAR END,EDISCOVERYPKWYST RD 4546N,TRAFFIC CONTROL SIGNAL,2021-11-09 12:10:00,,,
461,BLOOMINGTON PD,BLOOMINGTON,2,0.0,0.0,0,0,,,,E 17TH ST,N WASHINGTON ST,,,,39.15502123135205,-86.49615939174844,LOCAL/CITY RD,N,URBAN,N,N,N,,DAYLIGHT,CLOUDY,DRY,,T-INTERSECTION,STRAIGHT/GRADE,ASPHALT,FAILURE TO YIELD RIGHT OF WAY,RIGHT ANGLE,E17THSTNWASHINGTONST,LN CONTROL,2021-11-09 12:47:00,,,
462,BLOOMINGTON PD,BLOOMINGTON,2,0.0,0.0,0,0,,,,N COLLEGE AVE,W 6TH ST,,,,39.15742,-86.53364,LOCAL/CITY RD,N,URBAN,N,N,N,,DAYLIGHT,CLOUDY,DRY,,FOUR-WAY INTERSECTION,STRAIGHT/LEVEL,ASPHALT,IMPROPER TURNING,SAME DIRECTION SIDESWIPE,NCOLLEGEAVEW6THST,TRAFFIC CONTROL SIGNAL,2021-11-09 15:28:00,,,
463,ELLETTSVILLE PD,ELLETTSVILLE,2,0.0,0.0,0,0,,,,ST RD 46,N UNION VALLEY RD,,,,38.891555058833376,-86.55293294945477,ST RD,N,URBAN,N,N,N,,DAYLIGHT,CLEAR,DRY,,FOUR-WAY INTERSECTION,STRAIGHT/LEVEL,ASPHALT,UNSAFE LN MOVEMENT,SAME DIRECTION SIDESWIPE,ST RD 46 WUNIONVALLEYRD,TRAFFIC CONTROL SIGNAL,2021-11-09 16:23:00,,,
464,MONROE SD,BLOOMINGTON,2,0.0,0.0,0,0,,,,S FAIRFAX RD,S WALNUT ST,,,,39.17148213933782,-86.49540148157008,COUNTY RD,N,RURAL,N,N,N,,DAYLIGHT,CLEAR,DRY,,NO JUNCTION INVOLVED,STRAIGHT/LEVEL,ASPHALT,OTHER (DRIVER) - EXPLAIN IN NARRATIVE,OTHER - EXPLAIN IN NARRATIVE,FAIRFAXRDWALNUTSTPK,NONE,2021-11-09 17:20:00,,,
465,BLOOMINGTON PD,BLOOMINGTON,2,0.0,0.0,0,0,,,,W 3RD ST (N),S PATTERSON DR,,,,39.178954887480884,-86.53226710021822,LOCAL/CITY RD,N,URBAN,N,N,N,,DARK (LIGHTED),CLOUDY,DRY,,T-INTERSECTION,STRAIGHT/GRADE,ASPHALT,FOLLOWING TOO CLOSELY,REAR END,SOUTHPATTERSONDRWEST3RDST,LN CONTROL,2021-11-09 18:23:00,,,
466,BLOOMINGTON PD,BLOOMINGTON,2,0.0,1.0,0,0,,,,W 3RD ST,S MULLER PKWY,,,,39.16757,-86.53485,LOCAL/CITY RD,N,URBAN,N,N,N,,DARK (LIGHTED),CLOUDY,DRY,,T-INTERSECTION,STRAIGHT/GRADE,ASPHALT,FOLLOWING TOO CLOSELY,REAR END,SOUTHMUELLERPKWYWEST3RDST,LN CONTROL,2021-11-09 18:47:00,,,
467,BLOOMINGTON PD,BLOOMINGTON,2,0.0,0.0,0,0,,,,W 11TH ST,N MORTON ST,,,,39.21508415813586,-86.5926733953241,LOCAL/CITY RD,N,URBAN,N,N,N,,DARK (NOT LIGHTED),CLEAR,DRY,,FOUR-WAY INTERSECTION,STRAIGHT/GRADE,ASPHALT,FAILURE TO YIELD RIGHT OF WAY,LEFT TURN,NMORTONSTW11THST,LN CONTROL,2021-11-09 19:12:00,,,
468,MONROE SD,ELLETTSVILLE,2,0.0,0.0,0,0,5717,,,W DELAP RD,,,,,39.107179890493306,-86.52648306982921,LOCAL/CITY RD,N,RURAL,N,N,N,,DARK (NOT LIGHTED),CLEAR,DRY,,NO JUNCTION INVOLVED,STRAIGHT/GRADE,GRAVEL,OTHER (DRIVER) - EXPLAIN IN NARRATIVE,REAR END,WDELAPRD,NONE,2021-11-09 19:53:00,,,
469,INDIANA UNIV BLOOMINGTON PD,BLOOMINGTON,2,0.0,0.0,0,0,,,,N FEE LN,E 13TH ST,,,,39.1644,-86.55196,LOCAL/CITY RD,N,URBAN,N,N,N,,DARK (LIGHTED),CLEAR,DRY,,T-INTERSECTION,STRAIGHT/LEVEL,ASPHALT,FAILURE TO YIELD RIGHT OF WAY,RIGHT ANGLE,FEELNTHIRTEENTHST,STOP SIGN,2021-11-09 20:20:00,,,
470,INDIANA UNIV BLOOMINGTON PD,BLOOMINGTON,1,0.0,1.0,0,1,,,,ST RD 45/46,N HEADLEY RD,,,,39.16445810785921,-86.56270036810731,ST RD,N,URBAN,N,N,N,,DARK (NOT LIGHTED),CLEAR,DRY,,NO JUNCTION INVOLVED,CURVE/LEVEL,ASPHALT,ANIMAL/OBJECT IN RDWAY,COLLISION WITH DEER,EBALFOURSTST RD 46,NONE,2021-11-09 20:50:00,,,
471,MONROE SD,BLOOMINGTON,1,0.0,1.0,0,1,,,,ST RD 37,,,3780.0,N,39.17325672963674,-86.53610814421982,ST RD,N,RURAL,N,N,N,,DAWN/DUSK,CLEAR,DRY,,NO JUNCTION INVOLVED,STRAIGHT/LEVEL,ASPHALT,ANIMAL/OBJECT IN RDWAY,COLLISION WITH DEER,SMITHVILLERDS ST RD 37,NONE,2021-11-08 06:52:00,,,
472,BLOOMINGTON PD,BLOOMINGTON,2,0.0,0.0,0,0,,,,ST RD 45/46,N KINSER PK,,,,39.25208219432392,-86.60735935934818,LOCAL/CITY RD,N,URBAN,N,N,N,,DARK (LIGHTED),CLEAR,DRY,,FOUR-WAY INTERSECTION,STRAIGHT/GRADE,ASPHALT,UNSAFE SPEED,REAR END,NKINSERPKNST RD 4546HWY,TRAFFIC CONTROL SIGNAL,2021-11-08 07:00:00,,,
473,MONROE SD,BLOOMINGTON,1,0.0,0.0,0,0,,,,N MAPLE GROVE RD,W LOST MANS LN,,750.0,S,39.1751,-86.51903,LOCAL/CITY RD,N,RURAL,N,N,N,,DAWN/DUSK,CLEAR,DRY,,NO JUNCTION INVOLVED,CURVE/GRADE,ASPHALT,RAN OFF RD RIGHT,RAN OFF RD,LOSTMANSLNNMAPLEGROVERD,NONE,2021-11-08 07:43:00,,,
474,INDIANA UNIV BLOOMINGTON PD,BLOOMINGTON,2,0.0,0.0,0,0,,,,N PARK AVE,E 10TH ST,,,,39.192492678275826,-86.51193493307656,LOCAL/CITY RD,N,URBAN,N,N,N,,DAYLIGHT,CLEAR,DRY,,NO JUNCTION INVOLVED,STRAIGHT/GRADE,OTHER - EXPLAIN IN NARRATIVE,FAILURE TO YIELD RIGHT OF WAY,RIGHT ANGLE,PARKAVETENTHST,LN CONTROL,2021-11-08 09:15:00,,,
475,BLOOMINGTON PD,BLOOMINGTON,1,0.0,0.0,0,0,,,,S OLCOTT BLVD,E REED CT,,,,39.08094157,-86.53835971,LOCAL/CITY RD,N,URBAN,N,N,N,,DAYLIGHT,CLEAR,DRY,,T-INTERSECTION,STRAIGHT/LEVEL,ASPHALT,RAN OFF RD RIGHT,RAN OFF RD,EREEDCTSOLCOTTBLVD,LN CONTROL,2021-11-08 14:33:00,,,
476,INDIANA UNIV BLOOMINGTON PD,BLOOMINGTON,2,0.0,0.0,0,0,,,,E 3RD ST,S BALLANTINE RD,,,,39.18642,-86.53771,LOCAL/CITY RD,N,URBAN,N,N,N,,DAYLIGHT,CLOUDY,DRY,,NO JUNCTION INVOLVED,STRAIGHT/LEVEL,ASPHALT,IMPROPER TURNING,LEFT TURN,3RDSTBALLANTINERD,LN CONTROL,2021-11-08 16:15:00,,,
477,BLOOMINGTON PD,BLOOMINGTON,2,0.0,0.0,0,0,,,,S COLLEGE AVE,W 2ND ST,,150.0,S,39.22289532428189,-86.56971257903415,LOCAL/CITY RD,N,URBAN,N,N,N,,DARK (LIGHTED),CLEAR,DRY,,NO JUNCTION INVOLVED,STRAIGHT/GRADE,ASPHALT,FAILURE TO YIELD RIGHT OF WAY,SAME DIRECTION SIDESWIPE,SOUTHCOLLEGEAVEWEST2NDST,LN CONTROL,2021-11-08 17:57:00,,,
478,DNR LAW ENFORCEMENT,BLOOMINGTON,2,,1.0,0,0,,,,N DENNY RD,N BOTTOM RD,,0.0,,39.17165,-86.52465,COUNTY RD,,RURAL,N,N,N,,DARK (NOT LIGHTED),CLEAR,DRY,,T-INTERSECTION,,ASPHALT,HEADLIGHT DEFECTIVE OR NOT ON,HEAD ON BETWEEN TWO MOTOR VEHICLES,NDennyRdNBottomRd,,2021-11-08 18:20:00,,,
479,INDIANA UNIV BLOOMINGTON PD,BLOOMINGTON,2,0.0,0.0,0,0,,,,S HENDERSON ST,E ATWATER AVE,,,,39.147094606495614,-86.48499124808548,LOCAL/CITY RD,N,URBAN,N,N,N,,DARK (LIGHTED),CLEAR,DRY,,FOUR-WAY INTERSECTION,STRAIGHT/LEVEL,ASPHALT,DISREGARD SIGNAL/REG SIGN,RIGHT ANGLE,ATWATERAVEHENDERSONST,TRAFFIC CONTROL SIGNAL,2021-11-08 19:47:00,,,
480,BLOOMINGTON PD,BLOOMINGTON,2,,0.0,0,0,702,,,W 11TH ST,N FAIRVIEW ST,,0.0,,39.164266725160005,-86.51917165866396,LOCAL/CITY RD,,URBAN,N,N,N,,DARK (LIGHTED),CLEAR,DRY,,INTERCHANGE,,ASPHALT,UNSAFE SPEED,SAME DIRECTION SIDESWIPE,N.FairviewStreet702W.11thst,,2021-11-07 06:17:00,,,
481,BLOOMINGTON PD,BLOOMINGTON,2,0.0,0.0,0,0,,,,N HAROLD ST,E 10TH ST,,50.0,S,39.1613468245407,-86.53500460457361,LOCAL/CITY RD,Y,URBAN,N,N,N,,DAYLIGHT,CLEAR,DRY,,NO JUNCTION INVOLVED,STRAIGHT/LEVEL,ASPHALT,UNSAFE BACKING,BACKING CRASH,10THSTHAROLDST,NONE,2021-11-07 12:15:00,,,
482,MONROE SD,BLOOMINGTON,2,0.0,0.0,0,0,,,,S LEONARD SPRINGS RD,ST RD 45,,300.0,S,39.28235964647564,-86.55550537806882,COUNTY RD,N,URBAN,N,N,N,,DAYLIGHT,CLEAR,DRY,,T-INTERSECTION,STRAIGHT/GRADE,ASPHALT,FAILURE TO YIELD RIGHT OF WAY,LEFT TURN,SOUTHLEONARDSPRINGSRDST RD 45 W,NONE,2021-11-07 13:43:00,,,
483,BLOOMINGTON PD,BLOOMINGTON,2,0.0,0.0,0,0,,,,S ROGERS ST,S ROCKPORT RD,,,,39.163085465698245,-86.52728365371651,LOCAL/CITY RD,N,URBAN,N,N,N,,DAYLIGHT,CLEAR,DRY,,FOUR-WAY INTERSECTION,STRAIGHT/GRADE,ASPHALT,CELL PHONE USAGE,REAR END,SROCKPORTRDSROGERSST,TRAFFIC CONTROL SIGNAL,2021-11-07 14:12:00,,,
484,MONROE SD,BLOOMINGTON,2,0.0,0.0,0,0,,,,W PROFILE PKWY,N CURRY PK,,,,39.17305,-86.54082,COUNTY RD,N,URBAN,N,N,N,,DAYLIGHT,CLEAR,DRY,,NO JUNCTION INVOLVED,STRAIGHT/LEVEL,ASPHALT,UNSAFE LN MOVEMENT,SAME DIRECTION SIDESWIPE,CURRYPKPROFILEPKWY,NONE,2021-11-07 14:41:00,,,
485,BLOOMINGTON PD,BLOOMINGTON,3,0.0,0.0,0,0,,,,W 3RD ST (N),S PATTERSON DR,,,,39.169913663438386,-86.52922020083486,LOCAL/CITY RD,N,URBAN,N,N,N,,DAYLIGHT,CLEAR,DRY,,NO JUNCTION INVOLVED,STRAIGHT/HILLCREST,CONCRETE,DRIVER DISTRACTED - EXPLAIN IN NARRATIVE,REAR END,SPATTERSONDRW 3RDST,NONE,2021-11-07 16:10:00,,,
486,BLOOMINGTON PD,BLOOMINGTON,2,0.0,0.0,0,0,,,,W 4TH ST,S ROGERS ST,,250.0,W,39.14193165373253,-86.58259965581301,LOCAL/CITY RD,Y,URBAN,N,N,N,,DARK (NOT LIGHTED),CLEAR,DRY,,NO JUNCTION INVOLVED,STRAIGHT/LEVEL,ASPHALT,RAN OFF RD RIGHT,RAN OFF RD,SMADISONSTW4THST,NONE,2021-11-07 18:11:00,,,
487,BLOOMINGTON PD,BLOOMINGTON,2,0.0,0.0,0,0,,,,E 2ND ST,S GRANT ST,,,,39.14601830620319,-86.53893679954483,LOCAL/CITY RD,Y,URBAN,N,N,N,,DARK (NOT LIGHTED),CLEAR,DRY,,FOUR-WAY INTERSECTION,STRAIGHT/GRADE,ASPHALT,UNSAFE SPEED,RIGHT ANGLE,E 2NDSTSGRANTST,STOP SIGN,2021-11-06 00:24:00,,,
488,MONROE SD,BLOOMINGTON,1,0.0,0.0,0,1,,,,W VERNAL PK,,,900.0,E,39.17197011245554,-86.58301770353296,LOCAL/CITY RD,N,URBAN,N,N,N,,DAYLIGHT,CLEAR,DRY,,NO JUNCTION INVOLVED,STRAIGHT/GRADE,ASPHALT,ANIMAL/OBJECT IN RDWAY,COLLISION WITH ANIMAL OTHER,NENTERPRISEDRWVERNALPK,LN CONTROL,2021-11-06 08:36:00,,,
489,MONROE SD,BLOOMINGTON,1,0.0,0.0,0,1,,,,S FAIRFAX RD,,,930.0,N,39.164398373916995,-86.55198438571561,LOCAL/CITY RD,N,RURAL,N,N,N,,DAYLIGHT,CLEAR,DRY,,NO JUNCTION INVOLVED,STRAIGHT/LEVEL,ASPHALT,ANIMAL/OBJECT IN RDWAY,COLLISION WITH DEER,ECLEVEBUTCHERRDSFAIRFAXRD,NONE,2021-11-06 09:53:00,,,
490,BLOOMINGTON PD,BLOOMINGTON,2,0.0,1.0,0,0,,,,N SMITH RD,E MCCRACKEN WAY,,,,39.16563,-86.53872,LOCAL/CITY RD,N,URBAN,N,N,N,,DAYLIGHT,CLEAR,DRY,,T-INTERSECTION,STRAIGHT/GRADE,ASPHALT,FAILURE TO YIELD RIGHT OF WAY,RIGHT ANGLE,EMCCRACKENWAYNSMITHRD,NONE,2021-11-06 10:20:00,,,
491,BLOOMINGTON PD,BLOOMINGTON,2,0.0,3.0,0,0,,,,S ROCKPORT RD,W PINEHURST DR,,,,39.16136,-86.52987,LOCAL/CITY RD,N,URBAN,N,N,N,,DAYLIGHT,CLEAR,DRY,,T-INTERSECTION,STRAIGHT/GRADE,ASPHALT,UNSAFE SPEED,LEFT TURN,SOUTHROCKPORTRDWESTPINEHURSTDR,STOP SIGN,2021-11-06 12:25:00,,,
492,BLOOMINGTON PD,BLOOMINGTON,3,0.0,1.0,0,0,,,,S WALNUT ST PK,E HEATHER DR,,,,39.17919,-86.56813191,LOCAL/CITY RD,N,URBAN,N,N,N,,DAYLIGHT,CLEAR,DRY,,FOUR-WAY INTERSECTION,STRAIGHT/GRADE,ASPHALT,FOLLOWING TOO CLOSELY,REAR END,EHEATHERDRSWALNUTSTPK,STOP SIGN,2021-11-06 12:51:00,,,
493,BLOOMINGTON PD,BLOOMINGTON,2,0.0,0.0,0,0,,,,ST RD 46,E 7TH ST,,100.0,N,39.05997298689517,-86.49845076460242,LOCAL/CITY RD,N,URBAN,N,N,N,,DAYLIGHT,CLEAR,DRY,,NO JUNCTION INVOLVED,STRAIGHT/LEVEL,ASPHALT,FOLLOWING TOO CLOSELY,REAR END,E7THSTST RD 4546BYP,NONE,2021-11-06 14:01:00,,,
494,BLOOMINGTON PD,BLOOMINGTON,2,0.0,0.0,0,0,,,,W COUNTRY CLUB DR,BLOOMINGTON RAIL TRAIL (ENTRANCE TO BLOOMINGTON RAIL TRAIL ),,500.0,E,39.16775,-86.48134,LOCAL/CITY RD,N,URBAN,N,N,N,,DAYLIGHT,CLEAR,DRY,,NO JUNCTION INVOLVED,STRAIGHT/GRADE,ASPHALT,BRAKE FAILURE OR DEFECTIVE,REAR END,300BLKWCOUNTRYCLUBDRSMADISONST,NONE,2021-11-06 14:10:00,,,
495,MONROE SD,BLOOMINGTON,1,0.0,0.0,0,0,708,,,S CORY LN,,,,,39.13825323868504,-86.54678961734437,UNKNOWN,N,RURAL,N,N,N,,DAYLIGHT,CLEAR,DRY,,NO JUNCTION INVOLVED,NON-RDWAY CRASH,ASPHALT,OTHER (VEHICLE) - EXPLAIN IN NARRATIVE,OTHER - EXPLAIN IN NARRATIVE,SCORYLN,NONE,2021-11-06 18:20:00,,,
496,BLOOMINGTON PD,BLOOMINGTON,2,0.0,0.0,0,0,,,,S WALNUT ST,W GRIMES LN,,,,39.12397,-86.52669,LOCAL/CITY RD,N,URBAN,N,N,N,,DAWN/DUSK,CLEAR,DRY,,FOUR-WAY INTERSECTION,STRAIGHT/LEVEL,ASPHALT,FOLLOWING TOO CLOSELY,REAR END,EGRIMESLNSWALNUTST,TRAFFIC CONTROL SIGNAL,2021-11-06 18:51:00,,,
497,MONROE SD,BLOOMINGTON,1,0.0,0.0,0,1,,,,ST RD 46,,,1000.0,W,39.167607827331146,-86.50007070022538,ST RD,N,RURAL,N,N,N,,DARK (NOT LIGHTED),CLEAR,DRY,,NO JUNCTION INVOLVED,STRAIGHT/LEVEL,ASPHALT,ANIMAL/OBJECT IN RDWAY,COLLISION WITH DEER,NSTINESVILLERDST RD 46 W,NONE,2021-11-06 21:36:00,,,
498,MONROE SD,BLOOMINGTON,1,0.0,0.0,0,1,,,,I-69 N,,,300.0,N,39.1360888952783,-86.54013473193062,INTERSTATE,N,RURAL,N,Y,N,,DARK (NOT LIGHTED),CLEAR,DRY,,NO JUNCTION INVOLVED,STRAIGHT/LEVEL,ASPHALT,ANIMAL/OBJECT IN RDWAY,COLLISION WITH DEER,I-69 N131,NONE,2021-11-06 21:40:00,,,
499,MONROE SD,BLOOMINGTON,1,0.0,1.0,0,0,4420,,,S GARRISON CHAPEL RD,,,2500.0,N,39.15796542943829,-86.55989148268375,LOCAL/CITY RD,N,URBAN,N,N,N,,DARK (NOT LIGHTED),CLEAR,DRY,,NO JUNCTION INVOLVED,CURVE/GRADE,ASPHALT,RAN OFF RD RIGHT,RAN OFF RD,4420SGARRISONCHAPELRDWSTATERD45RD,NONE,2021-11-05 01:55:00,,,