_id,Agency,City,Vehicles Involved,Trailers Involved,Number Injured,Number Dead,Number Deer,House Number,Roadway Interchange,Roadway Ramp,Roadway Id,Intersecting Road,Interchange,Feet From,Direction,Latitude,Longitude,Roadway Class,Hit and Run?,Locality,School Zone?,Rumble Strips?,Construction?,Construction Type,Light Condition,Weather Conditions,Surface Condition,Type of Median,Roadway Junction Type,Road Character,Roadway Surface,Primary Factor,Manner of Collision,Unique Location Id,Traffic Control,DateTime,Address Number,Cyclist Involved,Pedestrian Involved
619,ELLETTSVILLE PD,ELLETTSVILLE,1,0.0,0.0,0,0,,,,ST RD 46,ENTRANCE TO CHICAGO'S PIZZA,,400.0,W,39.08812029220565,-86.54481082765517,ST RD,N,URBAN,N,N,N,,DAYLIGHT,RAIN,WET,,NO JUNCTION INVOLVED,STRAIGHT/GRADE,ASPHALT,OTHER (DRIVER) - EXPLAIN IN NARRATIVE,RAN OFF RD,LAKEVIEWDRST RD 46 W,NONE,2021-10-28 15:39:00,,,
620,BLOOMINGTON PD,BLOOMINGTON,1,0.0,1.0,0,0,,120,B,I-69 N,ST RD 45/46,,,,39.15017327078431,-86.48050761943038,INTERSTATE,N,URBAN,N,N,N,,DAYLIGHT,RAIN,WET,,RAMP,CURVE/GRADE,ASPHALT,SPEED TOO FAST FOR WEATHER CONDITIONS,RAN OFF RD,I-69 N,NONE,2021-10-28 16:08:00,,,
621,INDIANA UNIV BLOOMINGTON PD,BLOOMINGTON,2,0.0,0.0,0,0,,,,S INDIANA AVE,E 3RD ST,,,,39.16862756434892,-86.54969383062675,LOCAL/CITY RD,N,URBAN,N,N,N,,DAYLIGHT,RAIN,WET,,FOUR-WAY INTERSECTION,STRAIGHT/LEVEL,ASPHALT,FOLLOWING TOO CLOSELY,REAR END,HENDERSONSTINDIANAAVE,TRAFFIC CONTROL SIGNAL,2021-10-28 16:56:00,,,
622,BLOOMINGTON PD,BLOOMINGTON,2,0.0,0.0,0,0,,,,ST RD 45,S LIBERTY DR,,,,39.33871272845327,-86.50942021572575,LOCAL/CITY RD,N,URBAN,N,N,N,,DAWN/DUSK,RAIN,WET,,FOUR-WAY INTERSECTION,STRAIGHT/LEVEL,ASPHALT,FOLLOWING TOO CLOSELY,REAR END,SLIBERTYDRWST RD 45RD,TRAFFIC CONTROL SIGNAL,2021-10-28 17:19:00,,,
623,BLOOMINGTON PD,BLOOMINGTON,2,0.0,1.0,0,0,,,,E ATWATER AVE,S HENDERSON ST,,,,39.17162,-86.50215,LOCAL/CITY RD,N,URBAN,Y,N,N,,DAYLIGHT,RAIN,WET,,FOUR-WAY INTERSECTION,STRAIGHT/GRADE,ASPHALT,DISREGARD SIGNAL/REG SIGN,RIGHT ANGLE,ATWATERAVESOUTHHENDERSONST,TRAFFIC CONTROL SIGNAL,2021-10-28 17:49:00,,,
624,INDIANA UNIV BLOOMINGTON PD,BLOOMINGTON,2,0.0,1.0,0,0,,,,E 3RD ST,S INDIANA AVE,,,,39.02000076335417,-86.53636363503136,LOCAL/CITY RD,N,URBAN,N,N,N,,DAYLIGHT,RAIN,WET,,NO JUNCTION INVOLVED,STRAIGHT/LEVEL,ASPHALT,FOLLOWING TOO CLOSELY,REAR END,HENDERSONST3RDST,NONE,2021-10-28 18:08:00,,,
625,INDIANA UNIV BLOOMINGTON PD,BLOOMINGTON,1,0.0,0.0,0,0,1051,,,E 17TH ST,N WALNUT GROVE ST,,,,39.18626,-86.52453,UNKNOWN,N,URBAN,N,N,N,,DAYLIGHT,RAIN,WET,,FOUR-WAY INTERSECTION,STRAIGHT/LEVEL,ASPHALT,LEFT OF CENTER,COLLISION WITH OBJECT IN RD,EAST17THST,NONE,2021-10-28 18:30:00,,,
626,BLOOMINGTON PD,BLOOMINGTON,2,0.0,0.0,0,0,,,,W ISAACS DR,S PATTERSON DR,,,,39.18700028745437,-86.55505387310339,LOCAL/CITY RD,N,URBAN,N,N,N,,DARK (LIGHTED),RAIN,WET,,FOUR-WAY INTERSECTION,STRAIGHT/LEVEL,ASPHALT,FAILURE TO YIELD RIGHT OF WAY,LEFT/RIGHT TURN,SPATTERSONAVEW 3RDST,STOP SIGN,2021-10-28 18:58:00,,,
627,ELLETTSVILLE PD,ELLETTSVILLE,2,0.0,0.0,0,0,,,,ST RD 46,W RICHLAND PLAZA DR,,,,39.1643,-86.52691,LOCAL/CITY RD,N,URBAN,N,N,N,,DARK (NOT LIGHTED),CLOUDY,WET,,T-INTERSECTION,CURVE/LEVEL,ASPHALT,HEADLIGHT DEFECTIVE OR NOT ON,LEFT TURN,RICHLANDPLAZADRSTATERD46 WESTRD,LN CONTROL,2021-10-28 21:44:00,,,
628,BLOOMINGTON PD,BLOOMINGTON,2,0.0,0.0,0,0,,,,ST RD 46,KINGSTON DR S,,,,39.14497042837708,-86.57779084481984,LOCAL/CITY RD,Y,URBAN,N,N,N,,DARK (NOT LIGHTED),CLEAR,DRY,,FOUR-WAY INTERSECTION,STRAIGHT/LEVEL,ASPHALT,FOLLOWING TOO CLOSELY,REAR END,E 3RDSTSKINGSTONDR,TRAFFIC CONTROL SIGNAL,2021-10-27 05:29:00,,,
629,ISP BLOOMINGTON 33,BLOOMINGTON,1,,0.0,0,1,,,,I-69 S,,,0.0,,39.16312828908058,-86.52730432539359,INTERSTATE,,RURAL,N,N,N,,DAWN/DUSK,FOG/SMOKE/SMOG,DRY,,NO JUNCTION INVOLVED,,ASPHALT,ANIMAL/OBJECT IN RDWAY,COLLISION WITH DEER,I-69,,2021-10-27 07:50:00,,,
630,MONROE SD,BLOOMINGTON,1,0.0,0.0,0,0,,,,ST RD 45,,,1000.0,W,39.1642759402404,-86.52693162474777,ST RD,N,RURAL,N,N,N,,DAYLIGHT,CLEAR,DRY,,NO JUNCTION INVOLVED,CURVE/GRADE,ASPHALT,RAN OFF RD RIGHT,RAN OFF RD,ST RD 45 WWHINDSRD,NONE,2021-10-27 08:58:00,,,
631,BLOOMINGTON PD,BLOOMINGTON,2,0.0,0.0,0,0,,,,S ADAMS ST,,,500.0,N,39.17898199520073,-86.52110619452749,LOCAL/CITY RD,N,URBAN,N,N,N,,DAYLIGHT,CLEAR,DRY,,NO JUNCTION INVOLVED,STRAIGHT/GRADE,ASPHALT,UNSAFE BACKING,BACKING CRASH,SADAMSSTWALLENST,NONE,2021-10-27 10:00:00,,,
632,INDIANA UNIV BLOOMINGTON PD,BLOOMINGTON,1,0.0,1.0,0,0,,,,E UNIVERSITY AVE,,,500.0,W,39.163404728814896,-86.5512588535193,LOCAL/CITY RD,Y,URBAN,N,N,N,,DAYLIGHT,CLEAR,DRY,,NO JUNCTION INVOLVED,CURVE/LEVEL,ASPHALT,UNSAFE SPEED,OTHER - EXPLAIN IN NARRATIVE,SEAGLESON AVEAVEUNIVERSITYAVE,NONE,2021-10-27 10:09:00,,,
633,INDIANA UNIV BLOOMINGTON PD,BLOOMINGTON,2,0.0,0.0,0,0,,,,N WALNUT GROVE ST,E 10TH ST,,50.0,N,39.21626674808811,-86.59537266554972,LOCAL/CITY RD,N,URBAN,N,N,N,,DAYLIGHT,CLEAR,DRY,,NO JUNCTION INVOLVED,STRAIGHT/LEVEL,ASPHALT,OTHER (DRIVER) - EXPLAIN IN NARRATIVE,BACKING CRASH,10THSTWALNUTGROVEST,NONE,2021-10-27 10:15:00,,,
634,BLOOMINGTON PD,BLOOMINGTON,2,0.0,0.0,0,0,,,,N MORTON ST,,,75.0,N,39.16418797953641,-86.49304471796447,LOCAL/CITY RD,Y,URBAN,N,N,N,,DAYLIGHT,CLEAR,DRY,,NO JUNCTION INVOLVED,STRAIGHT/GRADE,ASPHALT,UNSAFE BACKING,BACKING CRASH,NORTHMORTONSTWEST11THST,LN CONTROL,2021-10-27 11:00:00,,,
635,BLOOMINGTON PD,BLOOMINGTON,1,0.0,0.0,0,0,,,,W 9TH ST,N ELM ST,,,,39.33063419864317,-86.51499018395066,UNKNOWN,N,URBAN,N,N,N,,DAYLIGHT,CLEAR,LOOSE MATERIAL ON RD,,NO JUNCTION INVOLVED,NON-RDWAY CRASH,GRAVEL,OTHER (DRIVER) - EXPLAIN IN NARRATIVE,OTHER - EXPLAIN IN NARRATIVE,NELMSTW9THST,NONE,2021-10-27 16:21:00,,,
636,BLOOMINGTON PD,BLOOMINGTON,2,0.0,0.0,0,0,,,,S COLLEGE AVE,W 3RD ST,,100.0,S,39.09789948984351,-86.6550678763539,LOCAL/CITY RD,N,URBAN,N,N,N,,DAYLIGHT,CLEAR,DRY,,FOUR-WAY INTERSECTION,STRAIGHT/GRADE,ASPHALT,IMPROPER TURNING,SAME DIRECTION SIDESWIPE,SOUTHCOLLEGEAVEWEST3RDST,LN CONTROL,2021-10-27 16:33:00,,,
637,BLOOMINGTON PD,BLOOMINGTON,2,,0.0,0,0,,,,ST RD 48,S CURRY PK,,0.0,,39.155914900985536,-86.55059542408529,LOCAL/CITY RD,,URBAN,N,N,N,,DAYLIGHT,CLEAR,DRY,,FOUR-WAY INTERSECTION,,ASPHALT,FAILURE TO YIELD RIGHT OF WAY,LEFT TURN,WHITEHALLRDS.CURRYPK,,2021-10-27 17:23:00,,,
638,BLOOMINGTON PD,BLOOMINGTON,2,1.0,0.0,0,0,,,Y,ST RD 45,ENTRANCE TO SAM'S CLUB,,,,39.160152,-86.51633374,LOCAL/CITY RD,N,URBAN,N,N,N,,DAYLIGHT,CLEAR,DRY,,FOUR-WAY INTERSECTION,STRAIGHT/LEVEL,ASPHALT,FAILURE TO YIELD RIGHT OF WAY,LEFT TURN,I-69SOUTHBOUNDEXITHWYWBLOOMFIELDRD,TRAFFIC CONTROL SIGNAL,2021-10-27 17:51:00,,,
639,BLOOMINGTON PD,BLOOMINGTON,2,0.0,1.0,0,0,,,,S COLLEGE MALL RD,ENTRANCE TO AMC CLASSIC THEATER,,,,39.17162,-86.52098,LOCAL/CITY RD,N,URBAN,N,N,N,,DAWN/DUSK,RAIN,WET,,T-INTERSECTION,STRAIGHT/LEVEL,ASPHALT,FAILURE TO YIELD RIGHT OF WAY,RIGHT ANGLE,KERASOTESBLVDSCOLLEGEMALLRD,NONE,2021-10-27 18:20:00,,,
640,BLOOMINGTON PD,BLOOMINGTON,2,0.0,0.0,0,0,,120,,I-69 S,ST RD 45/46,,100.0,E,39.17321310875226,-86.53600908465904,INTERSTATE,N,URBAN,N,N,N,,DARK (LIGHTED),CLEAR,DRY,,RAMP,CURVE/LEVEL,ASPHALT,FOLLOWING TOO CLOSELY,REAR END,I-69SST RD 4546RAMP,OFFICER/CROSSING GUARD/FLAGMAN,2021-10-27 21:06:00,,,
641,MONROE SD,ELLETTSVILLE,1,0.0,0.0,0,0,,,,OLD CSX RAILWAY LN,,,300.0,S,39.17045114214413,-86.54536975375417,COUNTY RD,Y,URBAN,N,N,N,,DAYLIGHT,CLEAR,DRY,,NO JUNCTION INVOLVED,STRAIGHT/GRADE,GRAVEL,RAN OFF RD RIGHT,RAN OFF RD,OLDCSXRAILWAYXINGWESTMCNEELYST,NONE,2021-10-26 08:20:00,,,
642,BLOOMINGTON PD,BLOOMINGTON,1,0.0,0.0,0,0,,,,W 15TH ST,N HANCOCK DR,,10.0,E,39.16463,-86.53489,LOCAL/CITY RD,N,URBAN,N,N,N,,UNKNOWN,RAIN,WET,,NO JUNCTION INVOLVED,CURVE/GRADE,ASPHALT,RAN OFF RD RIGHT,RAN OFF RD,HANCOCKDRW15THST,NONE,2021-10-26 08:29:00,,,
643,BLOOMINGTON PD,BLOOMINGTON,2,0.0,0.0,0,0,,,,E 1ST,S GRANT ST,,,,39.16460371315634,-86.58299248173506,LOCAL/CITY RD,Y,URBAN,N,N,N,,DAYLIGHT,CLEAR,DRY,,T-INTERSECTION,STRAIGHT/LEVEL,ASPHALT,OVERCORRECTING/OVERSTEERING,SAME DIRECTION SIDESWIPE,E1STSTSGRANTST,NONE,2021-10-26 11:16:00,,,
644,BLOOMINGTON PD,BLOOMINGTON,4,0.0,0.0,0,0,,,,W 3RD ST (N),S PATTERSON DR,,,,39.14467335767032,-86.57583265370492,LOCAL/CITY RD,N,URBAN,N,N,N,,DAYLIGHT,CLEAR,DRY,,NO JUNCTION INVOLVED,STRAIGHT/LEVEL,ASPHALT,UNSAFE LN MOVEMENT,SAME DIRECTION SIDESWIPE,SPATTERSONDRW 3RDST,LN CONTROL,2021-10-26 11:19:00,,,
645,ELLETTSVILLE PD,ELLETTSVILLE,2,0.0,0.0,0,0,,,,ST RD 46,N MATTHEWS DR (S),,,,39.15727800825507,-86.49783739539156,ST RD,N,URBAN,N,N,N,,DAYLIGHT,CLEAR,DRY,,T-INTERSECTION,STRAIGHT/GRADE,ASPHALT,FAILURE TO YIELD RIGHT OF WAY,RIGHT ANGLE,MATTHEWSDRST RD 46 W,STOP SIGN,2021-10-26 11:25:00,,,
646,ELLETTSVILLE PD,ELLETTSVILLE,2,0.0,1.0,0,0,,,,ST RD 46,N SALE ST (N),,100.0,W,39.18217,-86.55689,ST RD,N,URBAN,N,N,N,,DAYLIGHT,CLEAR,DRY,,NO JUNCTION INVOLVED,STRAIGHT/LEVEL,ASPHALT,FAILURE TO YIELD RIGHT OF WAY,RIGHT ANGLE,SALESTST RD 46 W,LN CONTROL,2021-10-26 12:42:00,,,
647,INDIANA UNIV BLOOMINGTON PD,BLOOMINGTON,2,0.0,0.0,0,0,,,,N UNION ST,,,700.0,N,-3.7300616322334916e-05,-2.2751198554604557e-05,LOCAL/CITY RD,N,URBAN,N,N,N,,DAYLIGHT,CLEAR,DRY,,NO JUNCTION INVOLVED,STRAIGHT/LEVEL,ASPHALT,IMPROPER TURNING,SAME DIRECTION SIDESWIPE,E7THSTNUNIONST,NONE,2021-10-26 14:05:00,,,
648,BLOOMINGTON PD,BLOOMINGTON,2,0.0,0.0,0,0,,,,W 3RD ST,S ROGERS ST,,200.0,W,39.17663276488262,-86.54895633566458,LOCAL/CITY RD,N,URBAN,N,N,N,,DAYLIGHT,CLEAR,DRY,,NO JUNCTION INVOLVED,STRAIGHT/GRADE,ASPHALT,IMPROPER TURNING,RIGHT TURN,SMADISONSTW 3RDST,TRAFFIC CONTROL SIGNAL,2021-10-26 14:20:00,,,
649,MONROE SD,BLOOMINGTON,2,0.0,0.0,0,0,,,,N CURRY PK,W JONATHAN DR,,,,39.15931892926101,-86.5299022939098,LOCAL/CITY RD,N,URBAN,N,N,N,,DAYLIGHT,CLEAR,DRY,,FOUR-WAY INTERSECTION,STRAIGHT/GRADE,ASPHALT,FAILURE TO YIELD RIGHT OF WAY,RIGHT ANGLE,JONATHANDRNCURRYPK,TRAFFIC CONTROL SIGNAL,2021-10-26 16:20:00,,,
650,BLOOMINGTON PD,BLOOMINGTON,2,0.0,0.0,0,0,,,,N PINE ST,W KIRKWOOD AVE,,100.0,N,39.164368216882046,-86.55197089821404,LOCAL/CITY RD,Y,URBAN,N,N,N,,DAYLIGHT,CLEAR,DRY,,T-INTERSECTION,STRAIGHT/LEVEL,ASPHALT,FAILURE TO YIELD RIGHT OF WAY,SAME DIRECTION SIDESWIPE,NPINESTWKIRKWOODAVE,NONE,2021-10-26 16:58:00,,,
651,BLOOMINGTON PD,BLOOMINGTON,2,0.0,0.0,0,0,,,,W PATTERSON DR,S MORTON ST,,150.0,W,39.23484,-86.6263,LOCAL/CITY RD,Y,URBAN,N,N,N,,DAYLIGHT,CLEAR,DRY,,FOUR-WAY INTERSECTION,STRAIGHT/LEVEL,ASPHALT,FOLLOWING TOO CLOSELY,REAR END,SWALNUTSTWGRIMESLN,NONE,2021-10-26 17:10:00,,,
652,MONROE SD,BLOOMINGTON,2,0.0,1.0,0,0,,,,N CURRY PK,N LINTEL DR,,,,39.23376,-86.6247,COUNTY RD,N,RURAL,N,N,N,,DAYLIGHT,CLEAR,DRY,,FOUR-WAY INTERSECTION,STRAIGHT/LEVEL,ASPHALT,FAILURE TO YIELD RIGHT OF WAY,LEFT TURN,NCURRYPKNLINTELDR,STOP SIGN,2021-10-26 17:48:00,,,
653,MONROE SD,BLOOMINGTON,1,0.0,0.0,0,1,,,,I-69 S,,,0.0,S,39.24221827715219,-86.50944861438393,INTERSTATE,N,URBAN,N,Y,N,,DAYLIGHT,CLEAR,DRY,,NO JUNCTION INVOLVED,CURVE/GRADE,ASPHALT,ANIMAL/OBJECT IN RDWAY,COLLISION WITH DEER,I-69S125.5,NONE,2021-10-26 18:43:00,,,
654,INDIANA UNIV BLOOMINGTON PD,BLOOMINGTON,2,0.0,0.0,0,0,,,,ST RD 45/46,ST RD 45,,,,39.16459648797839,-86.53870266700129,ST RD,N,URBAN,N,N,N,,DAYLIGHT,CLEAR,DRY,,FOUR-WAY INTERSECTION,STRAIGHT/LEVEL,ASPHALT,FOLLOWING TOO CLOSELY,REAR END,ST RD 46UNIONVILLERD,TRAFFIC CONTROL SIGNAL,2021-10-26 18:45:00,,,
655,BLOOMINGTON PD,BLOOMINGTON,2,0.0,0.0,0,0,1285,,,S COLLEGE MALL RD,ENTRANCE TO GENTRY QUARTERS APARTMENTS,,,,39.16835,-86.58294,LOCAL/CITY RD,N,URBAN,N,N,N,,DAYLIGHT,CLEAR,DRY,,NO JUNCTION INVOLVED,STRAIGHT/LEVEL,ASPHALT,FAILURE TO YIELD RIGHT OF WAY,RIGHT ANGLE,SCOLLEGEMALLRD,NONE,2021-10-26 19:09:00,,,
656,BLOOMINGTON PD,BLOOMINGTON,1,0.0,0.0,0,0,,,,S COLLEGE AVE,W 1ST,,,,39.1667009812442,-86.54843713581661,LOCAL/CITY RD,N,URBAN,N,N,N,,DARK (LIGHTED),RAIN,WET,,FOUR-WAY INTERSECTION,STRAIGHT/LEVEL,ASPHALT,RAN OFF RD RIGHT,RAN OFF RD,SCOLLEGEAVEW1STST,TRAFFIC CONTROL SIGNAL,2021-10-25 03:22:00,,,
657,ELLETTSVILLE PD,ELLETTSVILLE,2,0.0,0.0,0,0,,,,ST RD 46,W GRANT ST,,,,39.15381,-86.53931,LOCAL/CITY RD,N,URBAN,N,N,N,,DARK (LIGHTED),CLOUDY,DRY,,NO JUNCTION INVOLVED,CURVE/HILLCREST,ASPHALT,FAILURE TO YIELD RIGHT OF WAY,SAME DIRECTION SIDESWIPE,MAINSTTEMPERANCEST,LN CONTROL,2021-10-25 07:25:00,,,
658,MONROE SD,BLOOMINGTON,4,0.0,0.0,0,0,2201,,,W FULLERTON PK,,,500.0,E,39.19264560192148,-86.57563791710761,LOCAL/CITY RD,N,RURAL,N,N,N,,DAYLIGHT,RAIN,WET,,NO JUNCTION INVOLVED,STRAIGHT/LEVEL,ASPHALT,DRIVER ASLEEP OR FATIGUED,RAN OFF RD,I-69SWFULLERTONPK,NONE,2021-10-25 08:35:00,,,
659,MONROE SD,BLOOMINGTON,1,0.0,0.0,0,0,,,,POINT VIEW DR,E POINTE RD,,,,0.0,0.0,LOCAL/CITY RD,N,RURAL,N,N,N,,DAYLIGHT,CLEAR,DRY,,T-INTERSECTION,STRAIGHT/LEVEL,ASPHALT,OTHER (ENVIRONMENTAL) - EXPLAIN IN NARR,OTHER - EXPLAIN IN NARRATIVE,EPOINTECLUBDRPOINTEVIEWDR,OTHER,2021-10-25 10:44:00,,,
660,BLOOMINGTON PD,BLOOMINGTON,3,0.0,0.0,0,0,,,,S LIBERTY DR,ST RD 48,,,,39.17160450497737,-86.50217854050176,LOCAL/CITY RD,N,URBAN,N,N,N,,DAYLIGHT,RAIN,WET,,FOUR-WAY INTERSECTION,STRAIGHT/LEVEL,ASPHALT,FAILURE TO YIELD RIGHT OF WAY,RIGHT ANGLE,SLIBERTYDRW 3RDST,LN CONTROL,2021-10-25 12:10:00,,,
661,BLOOMINGTON PD,BLOOMINGTON,2,0.0,0.0,0,0,,,,N WASHINGTON ST,E KIRKWOOD AVE,,,,39.15729336582473,-86.49784879021975,LOCAL/CITY RD,N,URBAN,N,N,N,,DAYLIGHT,RAIN,WET,,FOUR-WAY INTERSECTION,STRAIGHT/LEVEL,ASPHALT,FAILURE TO YIELD RIGHT OF WAY,SAME DIRECTION SIDESWIPE,EASTKIRKWOODAVENORTHWASHINGTONST,LN CONTROL,2021-10-25 14:27:00,,,
662,INDIANA UNIV BLOOMINGTON PD,BLOOMINGTON,2,0.0,0.0,0,0,,,,ST RD 45/46,E 10TH ST,,,,39.15936527482609,-86.53509445896763,ST RD,N,URBAN,N,N,N,,DAYLIGHT,RAIN,WET,,FOUR-WAY INTERSECTION,STRAIGHT/LEVEL,ASPHALT,FAILURE TO YIELD RIGHT OF WAY,SAME DIRECTION SIDESWIPE,ST RD 46UNIONVILLERD,TRAFFIC CONTROL SIGNAL,2021-10-25 15:05:00,,,
663,BLOOMINGTON PD,BLOOMINGTON,2,0.0,0.0,0,0,,,,N KINSER PK,,,200.0,N,39.23801482491238,-86.62956754269725,LOCAL/CITY RD,N,URBAN,N,N,N,,DAYLIGHT,RAIN,WET,,NO JUNCTION INVOLVED,STRAIGHT/LEVEL,ASPHALT,FOLLOWING TOO CLOSELY,REAR END,NORTHKINSERPKWESTWINDINGWAY,LN CONTROL,2021-10-25 15:16:00,,,
664,BLOOMINGTON PD,BLOOMINGTON,3,0.0,1.0,0,0,,,,W COUNTRY CLUB DR,ENTRANCE TO FAIRWAY APARTMENTS,,200.0,W,0.0,0.0,LOCAL/CITY RD,N,URBAN,N,N,N,,DAYLIGHT,RAIN,WET,,T-INTERSECTION,STRAIGHT/GRADE,ASPHALT,SPEED TOO FAST FOR WEATHER CONDITIONS,REAR END,SBANTAAVEWCOUNTRYCLUBDR,NONE,2021-10-25 15:46:00,,,
665,BLOOMINGTON PD,BLOOMINGTON,2,0.0,0.0,0,0,,,,S ROGERS ST,W HOWE ST,,,,39.03492,-86.50859,LOCAL/CITY RD,N,URBAN,N,N,N,,DAYLIGHT,RAIN,WET,,NO JUNCTION INVOLVED,STRAIGHT/GRADE,ASPHALT,FOLLOWING TOO CLOSELY,REAR END,SOUTHROGERSSTWESTHOWEST,LN CONTROL,2021-10-25 16:12:00,,,
666,BLOOMINGTON PD,BLOOMINGTON,3,0.0,1.0,0,0,,,,ST RD 45/46,N KINSER PK,,,,39.16458999923476,-86.5791555751515,LOCAL/CITY RD,N,URBAN,N,N,N,,DARK (LIGHTED),RAIN,WET,,FOUR-WAY INTERSECTION,STRAIGHT/GRADE,ASPHALT,FOLLOWING TOO CLOSELY,REAR END,NORTHKINSERPKWESTSTATERD4546BYP,TRAFFIC CONTROL SIGNAL,2021-10-25 18:56:00,,,
667,BLOOMINGTON PD,BLOOMINGTON,2,0.0,2.0,0,0,,,,S WALNUT ST,E HILLSIDE DR,,,,39.16654105596357,-86.53237741656335,LOCAL/CITY RD,N,URBAN,N,N,N,,DARK (LIGHTED),RAIN,WET,,FOUR-WAY INTERSECTION,STRAIGHT/LEVEL,ASPHALT,FAILURE TO YIELD RIGHT OF WAY,LEFT TURN,EHILLSIDEDRSWALNUTST,TRAFFIC CONTROL SIGNAL,2021-10-25 19:00:00,,,
668,BLOOMINGTON PD,BLOOMINGTON,2,0.0,0.0,0,0,,,,ST RD 48,S CURRY PK,,,,39.17158585253497,-86.5021718924327,LOCAL/CITY RD,Y,URBAN,N,N,N,,DARK (LIGHTED),RAIN,WET,,FOUR-WAY INTERSECTION,STRAIGHT/LEVEL,ASPHALT,IMPROPER LN USAGE,RIGHT TURN,E 3RDSTSCURRYPK,TRAFFIC CONTROL SIGNAL,2021-10-25 19:22:00,,,
669,INDIANA UNIV BLOOMINGTON PD,BLOOMINGTON,2,0.0,0.0,0,0,,,,N FEE LN,ST RD 45/46,,,,39.198104219050165,-86.54210603069806,ST RD,N,URBAN,N,N,N,,DARK (LIGHTED),RAIN,WET,,FOUR-WAY INTERSECTION,STRAIGHT/LEVEL,ASPHALT,FAILURE TO YIELD RIGHT OF WAY,RIGHT ANGLE,FEELNST RD 46,TRAFFIC CONTROL SIGNAL,2021-10-25 19:22:00,,,
670,ELLETTSVILLE PD,ELLETTSVILLE,1,0.0,0.0,0,0,,,,ST RD 46,N CONSTABLE DR,,,,39.13627,-86.54559,LOCAL/CITY RD,N,URBAN,N,N,N,,DARK (LIGHTED),RAIN,WET,,T-INTERSECTION,CURVE/GRADE,ASPHALT,RDWAY SURFACE CONDITION,RAN OFF RD,CONSTABLESTMAINST,LN CONTROL,2021-10-25 19:46:00,,,
671,INDIANA UNIV BLOOMINGTON PD,BLOOMINGTON,1,0.0,0.0,0,0,,,,N DUNN ST,E VARSITY LN,,150.0,N,39.1624,-86.53872,LOCAL/CITY RD,N,URBAN,N,N,N,,DARK (LIGHTED),CLOUDY,WET,,NO JUNCTION INVOLVED,STRAIGHT/HILLCREST,ASPHALT,OBSTRUCTION NOT MARKED,COLLISION WITH OBJECT IN RD,DUNNSTEVARSITYLN,LN CONTROL,2021-10-24 00:18:00,,,
672,ISP BLOOMINGTON 33,BLOOMINGTON,1,,1.0,0,0,,,,I-69 N,,,0.0,,39.18640836114118,-86.53771143831133,INTERSTATE,,RURAL,N,N,N,,DARK (NOT LIGHTED),CLOUDY,WET,,NO JUNCTION INVOLVED,,GRAVEL,,RAN OFF RD,I-69107.5,,2021-10-24 00:40:00,,,
673,BLOOMINGTON PD,BLOOMINGTON,2,0.0,1.0,0,0,,,,ST RD 45,I-69 S,,,,39.15049563900702,-86.53368195004298,ST RD,N,URBAN,N,N,N,,DARK (LIGHTED),RAIN,WET,,FOUR-WAY INTERSECTION,STRAIGHT/LEVEL,ASPHALT,DISREGARD SIGNAL/REG SIGN,LEFT TURN,I-69SST RD 45 W,TRAFFIC CONTROL SIGNAL,2021-10-24 07:00:00,,,
674,MONROE SD,BLOOMINGTON,1,0.0,0.0,0,0,,,,N ST RD 37,E WHISNAND RD,,,,39.16463,-86.58295,LOCAL/CITY RD,N,URBAN,N,N,N,,DARK (NOT LIGHTED),RAIN,WET,,T-INTERSECTION,STRAIGHT/LEVEL,ASPHALT,RAN OFF RD RIGHT,RAN OFF RD,BUSINESS37RDWHISNANDRD,STOP SIGN,2021-10-24 07:10:00,,,
675,MONROE SD,BLOOMINGTON,1,0.0,0.0,0,0,6266,,,ST RD 45,,,450.0,W,39.185931064074246,-86.51967113563839,ST RD,N,RURAL,N,N,N,,DAYLIGHT,RAIN,WET,,NO JUNCTION INVOLVED,CURVE/LEVEL,ASPHALT,RAN OFF RD RIGHT,RAN OFF RD,NBENTPINEDRST RD 45E,NONE,2021-10-24 10:50:00,,,
676,INDIANA UNIV BLOOMINGTON PD,BLOOMINGTON,2,0.0,0.0,0,0,,,,E 3RD ST,S HIGHLAND AVE,,,,39.164613682068676,-86.58297576292931,LOCAL/CITY RD,N,URBAN,N,N,N,,DAYLIGHT,RAIN,WET,,T-INTERSECTION,STRAIGHT/LEVEL,ASPHALT,IMPROPER TURNING,LEFT TURN,3RDSTHIGHLANDAVE,NONE,2021-10-24 11:15:00,,,
677,INDIANA UNIV BLOOMINGTON PD,BLOOMINGTON,2,0.0,0.0,0,0,,,,ST RD 45,ST RD 45/46,,,,39.18594095201652,-86.51967933271,LOCAL/CITY RD,N,URBAN,N,N,N,,DAYLIGHT,CLOUDY,WET,,FOUR-WAY INTERSECTION,STRAIGHT/LEVEL,ASPHALT,OTHER (DRIVER) - EXPLAIN IN NARRATIVE,REAR END,10THST46BYP,TRAFFIC CONTROL SIGNAL,2021-10-24 11:54:00,,,
678,BLOOMINGTON PD,BLOOMINGTON,2,0.0,1.0,0,0,,,,S ROGERS ST,W 2ND ST,,,,39.23711260087578,-86.62769459115714,LOCAL/CITY RD,N,URBAN,N,N,N,,DAYLIGHT,CLOUDY,WET,,FOUR-WAY INTERSECTION,STRAIGHT/GRADE,CONCRETE,DISREGARD SIGNAL/REG SIGN,RIGHT ANGLE,SOUTHROGERSSTWEST2NDST,TRAFFIC CONTROL SIGNAL,2021-10-24 13:37:00,,,