_id,Agency,City,Vehicles Involved,Trailers Involved,Number Injured,Number Dead,Number Deer,House Number,Roadway Interchange,Roadway Ramp,Roadway Id,Intersecting Road,Interchange,Feet From,Direction,Latitude,Longitude,Roadway Class,Hit and Run?,Locality,School Zone?,Rumble Strips?,Construction?,Construction Type,Light Condition,Weather Conditions,Surface Condition,Type of Median,Roadway Junction Type,Road Character,Roadway Surface,Primary Factor,Manner of Collision,Unique Location Id,Traffic Control,DateTime,Address Number,Cyclist Involved,Pedestrian Involved
738,BLOOMINGTON PD,BLOOMINGTON,3,0.0,0.0,0,0,,,,S COLLEGE MALL RD,PRIVATE,,,,39.06968277,-86.53561755,LOCAL/CITY RD,N,URBAN,N,N,N,,DAYLIGHT,CLEAR,DRY,,FOUR-WAY INTERSECTION,STRAIGHT/LEVEL,ASPHALT,FOLLOWING TOO CLOSELY,REAR END,PRIVATEDRSCOLLEGEMALLRD,TRAFFIC CONTROL SIGNAL,2021-10-19 17:19:00,,,
739,BLOOMINGTON PD,BLOOMINGTON,1,0.0,0.0,0,0,,,,N GRANT ST,E 7TH ST,,,,39.28773917959933,-86.51897761857734,LOCAL/CITY RD,N,URBAN,N,N,N,,DAYLIGHT,CLEAR,DRY,,FOUR-WAY INTERSECTION,STRAIGHT/LEVEL,ASPHALT,OVERCORRECTING/OVERSTEERING,COLLISION WITH OBJECT IN RD,E7THSTNGRANTST,STOP SIGN,2021-10-19 17:29:00,,,
740,BLOOMINGTON PD,BLOOMINGTON,2,0.0,0.0,0,0,,,,E 7TH ST,N GRANT ST,,,,39.1757329008917,-86.5440234674918,LOCAL/CITY RD,N,URBAN,N,N,N,,DAYLIGHT,CLEAR,DRY,,FOUR-WAY INTERSECTION,STRAIGHT/LEVEL,ASPHALT,FAILURE TO YIELD RIGHT OF WAY,COLLISION WITH OBJECT IN RD,E7THSTNGRANTST,STOP SIGN,2021-10-19 18:38:00,,,
741,BLOOMINGTON PD,BLOOMINGTON,2,0.0,0.0,0,0,,,,N INDIANA AVE,E 12TH ST,,,,39.17164626946914,-86.50242701308483,LOCAL/CITY RD,N,URBAN,N,N,N,,DAWN/DUSK,CLEAR,DRY,,FOUR-WAY INTERSECTION,STRAIGHT/LEVEL,ASPHALT,FAILURE TO YIELD RIGHT OF WAY,LEFT TURN,E12THSTNINDIANAAVE,STOP SIGN,2021-10-19 20:07:00,,,
742,INDIANA UNIV BLOOMINGTON PD,BLOOMINGTON,2,0.0,0.0,0,0,,,,ST RD 45/46,E DISCOVERY PKWY,,,,39.1684753766949,-86.52983161323903,ST RD,Y,URBAN,N,N,N,,DARK (NOT LIGHTED),CLEAR,DRY,,NO JUNCTION INVOLVED,CURVE/LEVEL,ASPHALT,FOLLOWING TOO CLOSELY,REAR END,EASTDISCOVERYPKWYST RD 46S,NONE,2021-10-19 20:40:00,,,
743,MONROE SD,BLOOMINGTON,1,0.0,0.0,0,0,,,,ST RD 446,,,300.0,S,39.164362067794485,-86.5520000923356,ST RD,N,RURAL,N,N,N,,DARK (NOT LIGHTED),CLEAR,DRY,,T-INTERSECTION,CURVE/LEVEL,ASPHALT,UNSAFE SPEED,RAN OFF RD,EHAYSRDST RD 446S,NONE,2021-10-19 21:09:00,,,
744,BLOOMINGTON PD,BLOOMINGTON,2,0.0,0.0,0,0,,,,S WASHINGTON ST,E 2ND ST,,,,,,LOCAL/CITY RD,N,URBAN,N,N,N,,DARK (LIGHTED),CLEAR,DRY,,FOUR-WAY INTERSECTION,STRAIGHT/LEVEL,ASPHALT,DISREGARD SIGNAL/REG SIGN,RIGHT ANGLE,E 2NDSTWASHINGTONST,STOP SIGN,2021-10-19 21:23:00,,,
745,MONROE SD,BLOOMINGTON,1,0.0,0.0,0,1,,,,I-69 N,,,50.0,S,39.18623715480761,-86.53455473178367,INTERSTATE,N,URBAN,N,Y,N,,DARK (NOT LIGHTED),CLEAR,DRY,,NO JUNCTION INVOLVED,CURVE/GRADE,ASPHALT,ANIMAL/OBJECT IN RDWAY,COLLISION WITH DEER,I-69 N130.5,NONE,2021-10-18 04:09:00,,,
746,BLOOMINGTON PD,BLOOMINGTON,2,0.0,0.0,0,0,,,,W 1ST,S MORTON ST,,100.0,W,39.15728858493797,-86.49785227404637,LOCAL/CITY RD,N,URBAN,N,N,N,,DARK (LIGHTED),CLEAR,DRY,,NO JUNCTION INVOLVED,STRAIGHT/LEVEL,ASPHALT,FOLLOWING TOO CLOSELY,RIGHT TURN,1STSTMORTONST,LN CONTROL,2021-10-18 06:46:00,,,
747,ELLETTSVILLE PD,ELLETTSVILLE,2,0.0,0.0,0,0,,,,ST RD 46,W RAYMOND RUN,,,,39.16852,-86.52979,ST RD,N,URBAN,N,N,N,,DARK (NOT LIGHTED),CLEAR,DRY,,NO JUNCTION INVOLVED,CURVE/GRADE,ASPHALT,FAILURE TO YIELD RIGHT OF WAY,SAME DIRECTION SIDESWIPE,RAYMONDRUNST RD 46 W,LN CONTROL,2021-10-18 07:15:00,,,
748,BLOOMINGTON PD,BLOOMINGTON,2,0.0,0.0,0,0,,,,N COLLEGE AVE,W 10TH ST,,,,39.16847817062469,-86.52979902502295,LOCAL/CITY RD,N,URBAN,N,N,N,,DAYLIGHT,CLEAR,DRY,,FOUR-WAY INTERSECTION,STRAIGHT/LEVEL,ASPHALT,IMPROPER TURNING,LEFT TURN,NCOLLEGEAVEW10THST,NONE,2021-10-18 12:33:00,,,
749,ELLETTSVILLE PD,ELLETTSVILLE,2,0.0,0.0,0,0,,,,ST RD 46,N SALE ST (S),,,,39.17430265835576,-86.52701584994676,ST RD,N,URBAN,N,N,N,,DAYLIGHT,CLEAR,DRY,,NO JUNCTION INVOLVED,STRAIGHT/LEVEL,ASPHALT,DISREGARD SIGNAL/REG SIGN,RIGHT ANGLE,SALESTST RD 46 W,TRAFFIC CONTROL SIGNAL,2021-10-18 13:34:00,,,
750,BLOOMINGTON PD,BLOOMINGTON,2,0.0,1.0,0,0,,,,N KINSER PK,N SKYLINE DR,,,,39.17149,-86.49537,LOCAL/CITY RD,N,URBAN,N,N,N,,DAYLIGHT,CLEAR,DRY,,T-INTERSECTION,STRAIGHT/HILLCREST,ASPHALT,FOLLOWING TOO CLOSELY,REAR END,NKINSERPKNSKYLINEDR,STOP SIGN,2021-10-18 15:18:00,,,
751,ELLETTSVILLE PD,ELLETTSVILLE,2,0.0,0.0,0,0,,,,ST RD 46,N HARTSTRAIT RD,,,,39.04400657970774,-86.40727311785895,ST RD,N,URBAN,N,N,N,,DAYLIGHT,CLEAR,DRY,,FOUR-WAY INTERSECTION,STRAIGHT/LEVEL,ASPHALT,FAILURE TO YIELD RIGHT OF WAY,LEFT TURN,HARTSTRAITRDST RD 46 W,TRAFFIC CONTROL SIGNAL,2021-10-18 17:19:00,,,
752,BLOOMINGTON PD,BLOOMINGTON,1,0.0,0.0,0,0,,,,S ADAMS ST,,,400.0,E,39.16137813785688,-86.53240046863861,LOCAL/CITY RD,N,URBAN,N,N,N,,DARK (LIGHTED),CLEAR,DRY,,NO JUNCTION INVOLVED,CURVE/GRADE,ASPHALT,UNSAFE SPEED,RAN OFF RD,SPATTERSONDRWADAMSST,NONE,2021-10-18 23:10:00,,,
753,MONROE SD,BLOOMINGTON,1,0.0,0.0,0,1,,,,ST RD 46,N CURRY PK,,,,,,ST RD,N,RURAL,N,Y,N,,DARK (NOT LIGHTED),CLEAR,DRY,,FOUR-WAY INTERSECTION,STRAIGHT/GRADE,ASPHALT,ANIMAL/OBJECT IN RDWAY,COLLISION WITH DEER,CURRYPKST RD 46,TRAFFIC CONTROL SIGNAL,2021-10-17 00:15:00,,,
754,INDIANA UNIV BLOOMINGTON PD,BLOOMINGTON,2,0.0,0.0,0,0,,,,N EAGLESON AVE,ENTRANCE TO EAGLESON AVE PARKING GARAGE,,,,39.15939,-86.5363,UNKNOWN,N,URBAN,N,N,N,,DAYLIGHT,CLEAR,DRY,,FOUR-WAY INTERSECTION,STRAIGHT/LEVEL,ASPHALT,FAILURE TO YIELD RIGHT OF WAY,LEFT/RIGHT TURN,NEAGLESON AVEAVEST RD 46,NONE,2021-10-17 12:31:00,,,
755,BLOOMINGTON PD,BLOOMINGTON,2,0.0,1.0,0,0,,,,W KIRKWOOD AVE,N ROGERS ST,,,,39.24574,-86.63671,LOCAL/CITY RD,N,URBAN,N,N,N,,DARK (LIGHTED),CLEAR,DRY,,FOUR-WAY INTERSECTION,STRAIGHT/LEVEL,ASPHALT,DISREGARD SIGNAL/REG SIGN,RIGHT ANGLE,KIRKWOODAVEROGERSST,TRAFFIC CONTROL SIGNAL,2021-10-17 12:33:00,,,
756,MONROE SD,BLOOMINGTON,1,0.0,1.0,0,0,6020,,,ST RD 45,ENTRANCE TO NEW UNIONVILLE BAPTIST CHURCH,,500.0,W,39.17167,-86.53483,ST RD,N,URBAN,N,N,N,,DAYLIGHT,CLEAR,DRY,,NO JUNCTION INVOLVED,CURVE/LEVEL,ASPHALT,OTHER (DRIVER) - EXPLAIN IN NARRATIVE,RAN OFF RD,BETHELRDST RD 45E,LN CONTROL,2021-10-17 13:37:00,,,
757,BLOOMINGTON PD,BLOOMINGTON,2,0.0,2.0,0,0,,,,ST RD 48,S GATES DR,,,,39.23373020808202,-86.62473028125424,LOCAL/CITY RD,N,URBAN,N,N,N,,DARK (LIGHTED),CLEAR,DRY,,FOUR-WAY INTERSECTION,STRAIGHT/LEVEL,CONCRETE,DISREGARD SIGNAL/REG SIGN,LEFT TURN,SGATESDRW 3RDST,NONE,2021-10-17 19:52:00,,,
758,BLOOMINGTON PD,BLOOMINGTON,1,0.0,0.0,0,0,,,,W 3RD ST,,,500.0,W,39.193269034582286,-86.53974226190351,LOCAL/CITY RD,N,URBAN,N,N,N,,DARK (NOT LIGHTED),CLOUDY,DRY,,NO JUNCTION INVOLVED,STRAIGHT/LEVEL,ASPHALT,OTHER (DRIVER) - EXPLAIN IN NARRATIVE,COLLISION WITH OBJECT IN RD,COLLEGEAVE 3RDST,LN CONTROL,2021-10-17 23:46:00,,,
759,BLOOMINGTON PD,BLOOMINGTON,1,0.0,1.0,0,0,,,,W 12TH ST,N MONROE ST,,500.0,E,39.22760657810087,-86.61593385308389,LOCAL/CITY RD,Y,URBAN,N,N,N,,DARK (LIGHTED),RAIN,WET,,NO JUNCTION INVOLVED,STRAIGHT/GRADE,ASPHALT,UNSAFE SPEED,SAME DIRECTION SIDESWIPE,12THSTMONROEST,NONE,2021-10-16 02:35:00,,,True
760,MONROE SD,BLOOMINGTON,1,0.0,0.0,0,0,,,Y,ST RD 48,I-69 S,,,,,,LOCAL/CITY RD,N,URBAN,N,N,N,,DARK (LIGHTED),CLEAR,WET,,T-INTERSECTION,STRAIGHT/HILLCREST,ASPHALT,IMPROPER TURNING,RAN OFF RD,SBI-69OFFRAMPRPW 3RDST,TRAFFIC CONTROL SIGNAL,2021-10-16 03:48:00,,,
761,BLOOMINGTON PD,BLOOMINGTON,2,0.0,0.0,0,0,,,,N FAIRVIEW ST,W 9TH ST,,,,39.193677044543534,-86.57142029367154,LOCAL/CITY RD,Y,URBAN,N,N,N,,DARK (NOT LIGHTED),CLOUDY,WET,,FOUR-WAY INTERSECTION,STRAIGHT/LEVEL,ASPHALT,RAN OFF RD RIGHT,OPPOSITE DIRECTION SIDESWIPE,NFAIRVIEWSTW9THST,STOP SIGN,2021-10-16 04:57:00,,,
762,BLOOMINGTON PD,BLOOMINGTON,2,0.0,0.0,0,0,,,,W 3RD ST,S CORY LN,,50.0,E,39.16692932954756,-86.51612191608473,LOCAL/CITY RD,N,URBAN,N,N,N,,DAYLIGHT,CLEAR,DRY,,NO JUNCTION INVOLVED,STRAIGHT/GRADE,ASPHALT,FOLLOWING TOO CLOSELY,REAR END,3RDSTCORYLN,LN CONTROL,2021-10-16 08:57:00,,,
763,INDIANA UNIV BLOOMINGTON PD,BLOOMINGTON,2,0.0,1.0,0,0,,,,S EAGLESON AVE,E 3RD ST,,,,39.16659112456296,-86.53873364019171,LOCAL/CITY RD,N,URBAN,N,N,N,,DAYLIGHT,CLEAR,DRY,,FOUR-WAY INTERSECTION,STRAIGHT/LEVEL,ASPHALT,WRONG WAY ON ONE WAY,RIGHT ANGLE,EAGLESON AVEAVE 3RDST,TRAFFIC CONTROL SIGNAL,2021-10-16 11:20:00,,True,
764,BLOOMINGTON PD,BLOOMINGTON,2,0.0,0.0,0,0,,,,E 7TH ST,N GRANT ST,,,,39.21055460362833,-86.46230610188931,LOCAL/CITY RD,N,URBAN,N,N,Y,WORK ON SHOULDER,DAYLIGHT,CLEAR,DRY,,FOUR-WAY INTERSECTION,STRAIGHT/LEVEL,ASPHALT,FAILURE TO YIELD RIGHT OF WAY,RIGHT ANGLE,E7THSTNGRANTST,STOP SIGN,2021-10-16 13:40:00,,,
765,INDIANA UNIV BLOOMINGTON PD,BLOOMINGTON,2,0.0,0.0,0,0,,,,ST RD 45,ST RD 45/46,,,,39.164569435358686,-86.57622958827983,ST RD,N,URBAN,N,N,N,,DAYLIGHT,CLEAR,DRY,,FOUR-WAY INTERSECTION,STRAIGHT/LEVEL,ASPHALT,CELL PHONE USAGE,REAR END,ST RD 45ST RD 46,TRAFFIC CONTROL SIGNAL,2021-10-16 14:10:00,,,
766,MONROE SD,BLOOMINGTON,2,0.0,0.0,0,0,4115,,,S ROGERS ST,,,100.0,S,39.16461152450707,-86.53483461178769,LOCAL/CITY RD,N,RURAL,N,N,N,,DAYLIGHT,CLEAR,DRY,,NO JUNCTION INVOLVED,STRAIGHT/LEVEL,ASPHALT,UNSAFE BACKING,BACKING CRASH,ESTATEDRSOUTHROGERSST,NONE,2021-10-16 15:30:00,,,
767,BLOOMINGTON PD,BLOOMINGTON,2,0.0,0.0,0,0,,,,ST RD 45/46,WALNUT KNOLLS APARTMENT DR,,,,39.17415,-86.54714,LOCAL/CITY RD,N,URBAN,N,N,N,,DAYLIGHT,CLEAR,DRY,,FOUR-WAY INTERSECTION,STRAIGHT/LEVEL,ASPHALT,FAILURE TO YIELD RIGHT OF WAY,SAME DIRECTION SIDESWIPE,PRIVATEDRST RD 4546BYP,NONE,2021-10-16 16:17:00,,,
768,INDIANA UNIV BLOOMINGTON PD,BLOOMINGTON,2,0.0,0.0,0,0,,,,N EAGLESON AVE,E LAW LN,,,,39.1645034553262,-86.57327420184974,LOCAL/CITY RD,N,URBAN,N,N,N,,DAYLIGHT,CLEAR,DRY,,FOUR-WAY INTERSECTION,STRAIGHT/LEVEL,ASPHALT,UNSAFE LN MOVEMENT,SAME DIRECTION SIDESWIPE,ELAWLNEAGLESON AVEAVE,TRAFFIC CONTROL SIGNAL,2021-10-16 16:45:00,,,
769,BLOOMINGTON PD,BLOOMINGTON,2,0.0,0.0,0,0,,,,E 7TH ST,N DUNN ST,,,,39.17042476986551,-86.54115700853012,LOCAL/CITY RD,N,URBAN,N,N,Y,WORK ON SHOULDER,DAYLIGHT,CLEAR,DRY,,FOUR-WAY INTERSECTION,STRAIGHT/LEVEL,ASPHALT,FAILURE TO YIELD RIGHT OF WAY,RIGHT ANGLE,EAST7THSTNDUNNST,STOP SIGN,2021-10-16 16:45:00,,,
770,BLOOMINGTON PD,BLOOMINGTON,2,0.0,4.0,0,0,,,,ST RD 46,KINGSTON DR S,,,,39.16444217447657,-86.56016591052531,LOCAL/CITY RD,N,URBAN,N,N,N,,DARK (LIGHTED),CLEAR,DRY,,FOUR-WAY INTERSECTION,STRAIGHT/LEVEL,ASPHALT,CELL PHONE USAGE,REAR END,SKINGSTONDRW 3RDST,TRAFFIC CONTROL SIGNAL,2021-10-16 19:10:00,,,
771,MONROE SD,BLOOMINGTON,1,0.0,0.0,0,1,,,,I-69 N,,,80.0,N,39.16420435493265,-86.51644404075405,INTERSTATE,N,RURAL,N,Y,N,,DARK (NOT LIGHTED),CLEAR,DRY,,NO JUNCTION INVOLVED,STRAIGHT/GRADE,ASPHALT,ANIMAL/OBJECT IN RDWAY,COLLISION WITH DEER,I-69 N108,NONE,2021-10-16 21:12:00,,,
772,MONROE SD,BLOOMINGTON,1,0.0,0.0,0,0,,,,S WALNUT ST PK,E CARDINAL GLEN DR,,1000.0,S,39.16852,-86.52979,COUNTY RD,N,RURAL,N,N,N,,DARK (NOT LIGHTED),RAIN,WET,,NO JUNCTION INVOLVED,STRAIGHT/GRADE,ASPHALT,RAN OFF RD RIGHT,RAN OFF RD,ECARDINALGLENNDRSWALNUTSTPK,LN CONTROL,2021-10-15 04:02:00,,,
773,MONROE SD,ELLETTSVILLE,2,0.0,2.0,0,0,,,,N UNION VALLEY RD,W MCNEELY ST,,,,39.143588886052875,-86.58031405811721,LOCAL/CITY RD,N,RURAL,N,N,N,,DAYLIGHT,CLOUDY,WET,,T-INTERSECTION,STRAIGHT/HILLCREST,ASPHALT,DISREGARD SIGNAL/REG SIGN,RIGHT ANGLE,NUNIONVALLEYRDWMCNEELYST,STOP SIGN,2021-10-15 12:00:00,,,
774,BLOOMINGTON PD,BLOOMINGTON,2,0.0,0.0,0,0,,,,N WALNUT ST,E 6TH ST,,,,,,LOCAL/CITY RD,N,URBAN,N,N,N,,DAYLIGHT,CLOUDY,DRY,,FOUR-WAY INTERSECTION,STRAIGHT/LEVEL,ASPHALT,FOLLOWING TOO CLOSELY,REAR END,E6THSTNWALNUTST,TRAFFIC CONTROL SIGNAL,2021-10-15 12:24:00,,,
775,MONROE SD,BLOOMINGTON,1,0.0,0.0,0,0,5237,,,W VERNAL PK,N ANGELINA LN,,500.0,E,39.18629,-86.5319,LOCAL/CITY RD,N,RURAL,N,N,N,,DAYLIGHT,CLEAR,DRY,,NO JUNCTION INVOLVED,STRAIGHT/GRADE,ASPHALT,DRIVER ILLNESS,RAN OFF RD,ANGELINALNVERNALPK,NONE,2021-10-15 14:44:00,,,
776,BLOOMINGTON PD,BLOOMINGTON,2,0.0,0.0,0,0,,,,E 8TH ST,N LINCOLN ST,,,,39.173402920302344,-86.51548341255152,LOCAL/CITY RD,N,URBAN,N,N,N,,DAYLIGHT,CLOUDY,DRY,,FOUR-WAY INTERSECTION,STRAIGHT/LEVEL,ASPHALT,FAILURE TO YIELD RIGHT OF WAY,RIGHT ANGLE,EAST8THSTNORTHLINCOLNST,STOP SIGN,2021-10-15 14:52:00,,,
777,BLOOMINGTON PD,BLOOMINGTON,2,0.0,1.0,0,0,,,,N WALNUT ST,ST RD 45/46,,,,39.16850550960561,-86.52825955090324,LOCAL/CITY RD,N,URBAN,N,N,N,,DAYLIGHT,CLEAR,DRY,,FOUR-WAY INTERSECTION,STRAIGHT/LEVEL,ASPHALT,FOLLOWING TOO CLOSELY,REAR END,NWALNUTSTST RD 4546BYP,TRAFFIC CONTROL SIGNAL,2021-10-15 15:00:00,,,
778,BLOOMINGTON PD,BLOOMINGTON,2,0.0,0.0,0,0,,,,E HILLSIDE DR,S WASHINGTON ST,,,,39.1734077515177,-86.51547097983436,LOCAL/CITY RD,N,URBAN,N,N,N,,DAYLIGHT,CLOUDY,DRY,,T-INTERSECTION,STRAIGHT/GRADE,ASPHALT,FAILURE TO YIELD RIGHT OF WAY,RIGHT ANGLE,EASTHILLSIDEDRSOUTHWASHINGTONST,STOP SIGN,2021-10-15 15:47:00,,,
779,ISP BLOOMINGTON 33,,2,,0.0,0,0,,,,ST RD 37,,,500.0,S,39.168507506501165,-86.52825229083552,ST RD,,RURAL,N,N,N,,DAYLIGHT,CLOUDY,DRY,,NO JUNCTION INVOLVED,,ASPHALT,,SAME DIRECTION SIDESWIPE,StateRd37.S.ZikesRd,,2021-10-15 16:58:00,,,
780,BLOOMINGTON PD,BLOOMINGTON,2,0.0,0.0,0,0,1307,,,S ADAMS ST,ENTRANCE TO MARATHON GAS STATION,,,,39.164173162708266,-86.4930893615008,LOCAL/CITY RD,N,URBAN,N,N,N,,DAYLIGHT,CLEAR,DRY,,NO JUNCTION INVOLVED,STRAIGHT/LEVEL,ASPHALT,FOLLOWING TOO CLOSELY,REAR END,W 3RDST,NONE,2021-10-15 17:00:00,,,
781,BLOOMINGTON PD,BLOOMINGTON,1,0.0,0.0,0,0,,,,W ARLINGTON RD,,,500.0,N,,,LOCAL/CITY RD,N,URBAN,N,N,N,,DAYLIGHT,CLOUDY,DRY,,NO JUNCTION INVOLVED,CURVE/GRADE,ASPHALT,DRIVER ASLEEP OR FATIGUED,RAN OFF RD,WEST17THSTWESTARLINGTONRD,LN CONTROL,2021-10-15 18:26:00,,,
782,ELLETTSVILLE PD,ELLETTSVILLE,1,0.0,0.0,0,1,,,,W MCNEELY ST,N ABIGAIL LN,,,,39.11339,-86.52654,LOCAL/CITY RD,N,RURAL,N,N,N,,DARK (NOT LIGHTED),CLEAR,DRY,,T-INTERSECTION,CURVE/HILLCREST,ASPHALT,ANIMAL/OBJECT IN RDWAY,COLLISION WITH DEER,ABIGAILLNMCNEELYST,NONE,2021-10-15 21:30:00,,,
783,ELLETTSVILLE PD,ELLETTSVILLE,3,0.0,1.0,0,0,,,,ST RD 46,W FORREST PARK DR,,,,39.2375,-86.59278,ST RD,N,URBAN,N,N,N,,DARK (NOT LIGHTED),RAIN,WET,,T-INTERSECTION,STRAIGHT/LEVEL,ASPHALT,FAILURE TO YIELD RIGHT OF WAY,LEFT TURN,FORRESTPARDRST RD 46 W,LN CONTROL,2021-10-15 21:53:00,,,
784,BLOOMINGTON PD,BLOOMINGTON,1,0.0,0.0,0,0,703,,,E COLONIAL CREST RD,,,,,39.167536795945765,-86.53362009827848,UNKNOWN,Y,URBAN,N,N,N,,UNKNOWN,CLEAR,DRY,,NO JUNCTION INVOLVED,NON-RDWAY CRASH,ASPHALT,UNSAFE BACKING,RAN OFF RD,WGOURLEYPK,NONE,2021-10-14 09:36:00,,,
785,BLOOMINGTON PD,BLOOMINGTON,2,0.0,0.0,0,0,,,,W 17TH ST,N MADISON ST,,,,39.18662,-86.60201,LOCAL/CITY RD,N,URBAN,N,N,N,,DAYLIGHT,CLOUDY,DRY,,FOUR-WAY INTERSECTION,STRAIGHT/LEVEL,ASPHALT,DISREGARD SIGNAL/REG SIGN,RIGHT ANGLE,NMADISONSTW17THST,TRAFFIC CONTROL SIGNAL,2021-10-14 09:55:00,,,
786,INDIANA UNIV BLOOMINGTON PD,BLOOMINGTON,2,0.0,0.0,0,0,,,,ST RD 45/46,E 10TH ST,,,,39.169442082890235,-86.53105234933828,ST RD,N,URBAN,N,N,N,,DAYLIGHT,CLOUDY,DRY,,FOUR-WAY INTERSECTION,STRAIGHT/LEVEL,ASPHALT,CELL PHONE USAGE,REAR END,ST RD 46UNIONVILLERD,TRAFFIC CONTROL SIGNAL,2021-10-14 10:30:00,,,
787,MONROE SD,BLOOMINGTON,2,0.0,1.0,0,0,,,,W 4TH ST,S WALNUT ST,,,,39.18622119844804,-86.53453934450148,,Y,URBAN,N,N,N,,DARK (LIGHTED),CLEAR,DRY,,FOUR-WAY INTERSECTION,STRAIGHT/LEVEL,ASPHALT,FAILURE TO YIELD RIGHT OF WAY,RIGHT ANGLE,SWALNUTSTWFOURTHST,TRAFFIC CONTROL SIGNAL,2021-10-14 11:35:00,,,
788,BLOOMINGTON PD,BLOOMINGTON,2,0.0,0.0,0,0,,,,N WALNUT ST,E 6TH ST,,,,39.15049280704895,-86.5325545339243,LOCAL/CITY RD,N,URBAN,N,N,N,,DAYLIGHT,CLEAR,DRY,,FOUR-WAY INTERSECTION,STRAIGHT/GRADE,ASPHALT,UNSAFE LN MOVEMENT,SAME DIRECTION SIDESWIPE,E6THSTNWALNUTST,TRAFFIC CONTROL SIGNAL,2021-10-14 11:46:00,,,
789,BLOOMINGTON PD,BLOOMINGTON,1,0.0,0.0,0,0,1020,,,S WOODLAWN AVE,ENTRANCE TO BRYAN PARK ,,,,39.04733284,-86.53605571,LOCAL/CITY RD,N,URBAN,N,N,N,,DAYLIGHT,CLEAR,DRY,,NO JUNCTION INVOLVED,STRAIGHT/GRADE,ASPHALT,RAN OFF RD RIGHT,RAN OFF RD,SWOODLAWNAVE,LN CONTROL,2021-10-14 12:07:00,,,
790,INDIANA UNIV BLOOMINGTON PD,BLOOMINGTON,1,0.0,0.0,0,0,,,,E LAW LN,N FEE LN,,,,39.16529147790716,-86.55042217238847,LOCAL/CITY RD,N,URBAN,N,N,N,,DAYLIGHT,CLEAR,DRY,,T-INTERSECTION,STRAIGHT/HILLCREST,ASPHALT,FAILURE TO YIELD RIGHT OF WAY,LEFT TURN,ELAWLNFEELN,NONE,2021-10-14 13:05:00,,True,
791,BLOOMINGTON PD,BLOOMINGTON,2,0.0,0.0,0,0,,,,E BURKS DR,S WALNUT ST PK,,,,39.17922132611234,-86.5471536913556,LOCAL/CITY RD,Y,URBAN,N,N,N,,DAYLIGHT,CLEAR,DRY,,T-INTERSECTION,STRAIGHT/HILLCREST,ASPHALT,IMPROPER LN USAGE,RIGHT TURN,EBURKSDRSWALNUTSTPK,STOP SIGN,2021-10-14 13:56:00,,,
792,BLOOMINGTON PD,BLOOMINGTON,2,0.0,0.0,0,0,,,,S WEIMER RD,W BLOOMFIELD RD,,,,39.2376,-86.60333,LOCAL/CITY RD,Y,URBAN,N,N,N,,DAYLIGHT,CLEAR,DRY,,T-INTERSECTION,STRAIGHT/GRADE,ASPHALT,FOLLOWING TOO CLOSELY,REAR END,SWIEMERRDWBLOOMFIELDRD,STOP SIGN,2021-10-14 13:57:00,,,
793,BLOOMINGTON PD,BLOOMINGTON,2,0.0,0.0,0,0,,,,S COLLEGE MALL RD,PRIVATE,,,,39.212042311540436,-86.5870201182277,LOCAL/CITY RD,N,URBAN,N,N,N,,DAYLIGHT,CLEAR,DRY,,FOUR-WAY INTERSECTION,STRAIGHT/HILLCREST,ASPHALT,FOLLOWING TOO CLOSELY,REAR END,PRIVATEDRSCOLLEGEMALLRD,TRAFFIC CONTROL SIGNAL,2021-10-14 15:33:00,,,
794,BLOOMINGTON PD,BLOOMINGTON,2,0.0,0.0,0,0,,,,ST RD 46,KINGSTON DR S,,,,39.18522847244298,-86.54062606578123,LOCAL/CITY RD,Y,URBAN,N,N,N,,DAYLIGHT,CLEAR,DRY,,FOUR-WAY INTERSECTION,STRAIGHT/LEVEL,ASPHALT,UNSAFE LN MOVEMENT,SAME DIRECTION SIDESWIPE,E 3RDSTSKINGSTONDR,TRAFFIC CONTROL SIGNAL,2021-10-14 16:30:00,,,
795,INDIANA UNIV BLOOMINGTON PD,BLOOMINGTON,2,0.0,0.0,0,0,,,,ST RD 46,ST RD 45,,264.0,S,39.1790011405273,-86.53775094148905,ST RD,N,URBAN,N,N,N,,DARK (LIGHTED),CLEAR,DRY,,FOUR-WAY INTERSECTION,STRAIGHT/LEVEL,ASPHALT,FOLLOWING TOO CLOSELY,REAR END,ST RD 46UNIONVILLERD,LN CONTROL,2021-10-14 20:55:00,,,
796,MONROE SD,BLOOMINGTON,1,0.0,0.0,0,0,,,,W ST RD 37,E SAMPLE RD,,1200.0,N,39.17162,-86.50215,ST RD,N,RURAL,N,N,N,,DARK (NOT LIGHTED),RAIN,WET,,NO JUNCTION INVOLVED,CURVE/GRADE,ASPHALT,SPEED TOO FAST FOR WEATHER CONDITIONS,RAN OFF RD,ESAMPLERDN ST RD 37,LN CONTROL,2021-10-14 22:43:00,,,
797,MONROE SD,BLOOMINGTON,1,0.0,0.0,0,1,,,,I-69 S,,,300.0,N,39.16556147447962,-86.53363791181867,ST RD,N,URBAN,N,N,N,,DARK (LIGHTED),CLEAR,DRY,,NO JUNCTION INVOLVED,STRAIGHT/LEVEL,ASPHALT,ANIMAL/OBJECT IN RDWAY,COLLISION WITH DEER,SR69S125.0,LN CONTROL,2021-10-13 00:48:00,,,