_id,Agency,City,Vehicles Involved,Trailers Involved,Number Injured,Number Dead,Number Deer,House Number,Roadway Interchange,Roadway Ramp,Roadway Id,Intersecting Road,Interchange,Feet From,Direction,Latitude,Longitude,Roadway Class,Hit and Run?,Locality,School Zone?,Rumble Strips?,Construction?,Construction Type,Light Condition,Weather Conditions,Surface Condition,Type of Median,Roadway Junction Type,Road Character,Roadway Surface,Primary Factor,Manner of Collision,Unique Location Id,Traffic Control,DateTime,Address Number,Cyclist Involved,Pedestrian Involved
859,MONROE SD,BLOOMINGTON,2,0.0,0.0,0,0,,,,ST RD 37,S VICTOR PK,,,,39.12146,-86.49868,ST RD,N,RURAL,N,N,N,,DARK (LIGHTED),CLEAR,DRY,,FOUR-WAY INTERSECTION,STRAIGHT/LEVEL,ASPHALT,DISREGARD SIGNAL/REG SIGN,LEFT TURN,SVICTORPKS ST RD 37,TRAFFIC CONTROL SIGNAL,2021-10-07 21:24:00,,,
860,BLOOMINGTON PD,BLOOMINGTON,2,0.0,0.0,0,0,,,,S ROGERS ST,W 6TH ST,,,,39.14194412242409,-86.58262746796719,LOCAL/CITY RD,N,URBAN,N,N,N,,DARK (NOT LIGHTED),CLOUDY,WET,,NO JUNCTION INVOLVED,STRAIGHT/LEVEL,ASPHALT,FAILURE TO YIELD RIGHT OF WAY,RIGHT ANGLE,6THSTROGERSST,STOP SIGN,2021-10-07 22:26:00,,,
861,ISP BLOOMINGTON 33,BLOOMINGTON,1,,0.0,0,1,,,,ST RD 37,I-69 N,,2130.0,,39.14536230334548,-86.5150853280338,ST RD,,RURAL,N,N,N,,DARK (LIGHTED),CLEAR,DRY,,RAMP,,ASPHALT,ANIMAL/OBJECT IN RDWAY,COLLISION WITH DEER,VictorPikeStateRd37,,2021-10-06 06:20:00,,,
862,BLOOMINGTON PD,BLOOMINGTON,2,0.0,1.0,0,0,,,,W BLOOMFIELD RD,I-69 N,,,,39.179665239340885,-86.50727467278456,LOCAL/CITY RD,N,URBAN,N,N,N,,DAYLIGHT,CLOUDY,DRY,,FOUR-WAY INTERSECTION,STRAIGHT/LEVEL,ASPHALT,FOLLOWING TOO CLOSELY,REAR END,NSTATE69RDWBLOOMFIELDRD,TRAFFIC CONTROL SIGNAL,2021-10-06 09:55:00,,,
863,BLOOMINGTON PD,BLOOMINGTON,2,0.0,0.0,0,0,,,,S CURRY PK,ST RD 48,,,,39.190615596922825,-86.58307828382853,LOCAL/CITY RD,N,URBAN,N,N,N,,DAYLIGHT,CLOUDY,DRY,,FOUR-WAY INTERSECTION,STRAIGHT/LEVEL,ASPHALT,UNSAFE LN MOVEMENT,SAME DIRECTION SIDESWIPE,SCURRYPKW 3RDST,TRAFFIC CONTROL SIGNAL,2021-10-06 12:09:00,,,
864,BLOOMINGTON PD,BLOOMINGTON,2,0.0,0.0,0,0,,,,W BLOOMFIELD RD,S WEIMER RD,,,,-1.5726508452054065e-05,-3.6163691366152315e-05,LOCAL/CITY RD,N,URBAN,N,N,N,,DAYLIGHT,CLOUDY,DRY,,T-INTERSECTION,STRAIGHT/HILLCREST,ASPHALT,UNSAFE LN MOVEMENT,OPPOSITE DIRECTION SIDESWIPE,SWEIMERRDWBLOOMFIELDRD,NONE,2021-10-06 12:52:00,,,
865,INDIANA UNIV BLOOMINGTON PD,BLOOMINGTON,2,0.0,0.0,0,0,,,,E 10TH ST,ENTRANCE TO TULIPTREE APARTMENTS,,,,39.17894159467364,-86.52112742896703,LOCAL/CITY RD,N,URBAN,N,N,N,,DAYLIGHT,RAIN,WET,,T-INTERSECTION,STRAIGHT/LEVEL,ASPHALT,FOLLOWING TOO CLOSELY,REAR END,DRTOHILLTOPGARDENDREAST10THST,NONE,2021-10-06 13:30:00,,,
866,BLOOMINGTON PD,BLOOMINGTON,2,0.0,0.0,0,0,,,,W 3RD ST,S WALNUT ST,,,,39.16134332408952,-86.53870763607888,LOCAL/CITY RD,N,URBAN,N,N,N,,DAYLIGHT,CLOUDY,DRY,,FOUR-WAY INTERSECTION,STRAIGHT/LEVEL,ASPHALT,FOLLOWING TOO CLOSELY,REAR END,E 3RDSTSWALNUTST,TRAFFIC CONTROL SIGNAL,2021-10-06 14:59:00,,,
867,BLOOMINGTON PD,BLOOMINGTON,2,0.0,1.0,0,0,,,,ST RD 48,RUNKLE LN,,,,39.16136955785148,-86.53363404153585,LOCAL/CITY RD,N,URBAN,N,N,N,,DAYLIGHT,CLOUDY,DRY,,FOUR-WAY INTERSECTION,STRAIGHT/LEVEL,ASPHALT,FAILURE TO YIELD RIGHT OF WAY,SAME DIRECTION SIDESWIPE,RUNKLELNWEST3RDST,LN CONTROL,2021-10-06 16:28:00,,,
868,MONROE SD,BLOOMINGTON,2,0.0,0.0,0,0,,,,S CURRY PK,W CONSTITUTION WAY,,,,39.16425,-86.51092,COUNTY RD,N,RURAL,N,N,N,,DAYLIGHT,CLOUDY,DRY,,FOUR-WAY INTERSECTION,STRAIGHT/GRADE,ASPHALT,FAILURE TO YIELD RIGHT OF WAY,RIGHT ANGLE,CONSTITUTIONAVECURRYPK,NONE,2021-10-06 16:34:00,,,
869,BLOOMINGTON PD,BLOOMINGTON,2,0.0,0.0,0,0,,,Y,W 3RD ST,I-69 N,,,,39.10561708500608,-86.5512621342,LOCAL/CITY RD,N,URBAN,N,N,N,,DAYLIGHT,CLOUDY,WET,,INTERCHANGE,CURVE/GRADE,ASPHALT,FOLLOWING TOO CLOSELY,REAR END,I-69 NHWYW 3RDST,TRAFFIC CONTROL SIGNAL,2021-10-06 17:58:00,,,
870,BLOOMINGTON PD,BLOOMINGTON,2,0.0,0.0,0,0,,,,ST RD 45/46,N WALNUT ST,,500.0,E,39.167550870586204,-86.53867889621674,ST RD,Y,URBAN,N,N,N,,DAWN/DUSK,CLEAR,DRY,,FOUR-WAY INTERSECTION,STRAIGHT/LEVEL,ASPHALT,FOLLOWING TOO CLOSELY,REAR END,NWALNUTSTST RD 4546 W,NONE,2021-10-06 18:48:00,,,
871,BLOOMINGTON PD,BLOOMINGTON,2,0.0,0.0,0,0,,,,E 3RD ST,S OVERHILL DR,,,,39.18328928103584,-86.55619089236583,LOCAL/CITY RD,N,URBAN,N,N,N,,DAWN/DUSK,CLOUDY,WET,,T-INTERSECTION,STRAIGHT/LEVEL,ASPHALT,FOLLOWING TOO CLOSELY,REAR END,E 3RDSTSOVERHILLDR,NONE,2021-10-06 19:04:00,,,
872,INDIANA UNIV BLOOMINGTON PD,BLOOMINGTON,1,0.0,0.0,0,0,,,,S FACULTY AVE,E ATWATER AVE,,,,39.147480341877305,-86.57295438674274,UNKNOWN,N,URBAN,N,N,N,,DAYLIGHT,CLOUDY,WET,,NO JUNCTION INVOLVED,STRAIGHT/LEVEL,CONCRETE,OTHER (DRIVER) - EXPLAIN IN NARRATIVE,OTHER - EXPLAIN IN NARRATIVE,ATWATERAVEFACULTYAVE,OTHER,2021-10-06 19:08:00,,,
873,BLOOMINGTON PD,BLOOMINGTON,3,0.0,0.0,0,0,,,,E 3RD ST,N GRANT ST,,,,39.16460048380566,-86.5829874060539,LOCAL/CITY RD,N,URBAN,N,N,N,,DAWN/DUSK,CLOUDY,WET,,FOUR-WAY INTERSECTION,STRAIGHT/GRADE,ASPHALT,FAILURE TO YIELD RIGHT OF WAY,RIGHT ANGLE,EAST3RDSTNORTHGRANTST,STOP SIGN,2021-10-06 19:20:00,,,
874,MONROE SD,BLOOMINGTON,2,0.0,0.0,0,0,,,,W TAPP RD,I-69 S,,,,39.15419340082084,-86.56436007872176,COUNTY RD,N,URBAN,N,N,N,,DARK (LIGHTED),CLEAR,DRY,,NO JUNCTION INVOLVED,STRAIGHT/LEVEL,ASPHALT,UNSAFE SPEED,OTHER - EXPLAIN IN NARRATIVE,DANLYNRDTAPPRD,ROUNDABOUT INTERSECTION,2021-10-06 19:47:00,,,
875,MONROE SD,BLOOMINGTON,2,0.0,0.0,0,0,,,,W TAPP RD,I-69,,,,39.172865069042764,-86.50467047355504,LOCAL/CITY RD,N,URBAN,N,N,N,,DARK (LIGHTED),RAIN,WET,,TRAFFIC CIRCLE/ROUNDABOUT,STRAIGHT/GRADE,ASPHALT,FAILURE TO YIELD RIGHT OF WAY,REAR END,I-69TAPPRD,ROUNDABOUT INTERSECTION,2021-10-06 20:08:00,,,
876,BLOOMINGTON PD,BLOOMINGTON,2,0.0,0.0,0,0,,,,E MOORES PK,S RENWICK BLVD,,,,39.16459,-86.53363,LOCAL/CITY RD,N,URBAN,N,N,N,,DAYLIGHT,CLEAR,DRY,,TRAFFIC CIRCLE/ROUNDABOUT,CURVE/LEVEL,ASPHALT,FOLLOWING TOO CLOSELY,REAR END,EASTMOORESPKSOUTHRENWICKBLVD,ROUNDABOUT INTERSECTION,2021-10-05 03:57:00,,,
877,ISP BLOOMINGTON 33,BLOOMINGTON,1,,0.0,0,1,,,,ST RD 37,,,1500.0,N,39.16459586331988,-86.58221694984438,ST RD,,RURAL,N,N,N,,DARK (NOT LIGHTED),FOG/SMOKE/SMOG,DRY,,NO JUNCTION INVOLVED,,ASPHALT,ANIMAL/OBJECT IN RDWAY,COLLISION WITH DEER,ST RD 37MonroeDamRd,,2021-10-05 07:14:00,,,
878,BLOOMINGTON PD,BLOOMINGTON,2,0.0,0.0,0,0,,,,W KIRKWOOD AVE,N ELM ST,,,,39.15125010937622,-86.58262318139005,LOCAL/CITY RD,Y,URBAN,N,N,N,,DAWN/DUSK,CLEAR,DRY,,FOUR-WAY INTERSECTION,STRAIGHT/GRADE,ASPHALT,LEFT OF CENTER,OPPOSITE DIRECTION SIDESWIPE,NORTHELMSTWESTKIRKWOODAVE,LN CONTROL,2021-10-05 07:37:00,,,
879,ISP BLOOMINGTON 33,BLOOMINGTON,2,,0.0,0,0,,,,W 3RD ST,I-69 N,,0.0,,39.16451691014494,-86.57305098344366,ST RD,,URBAN,N,N,N,,DAYLIGHT,FOG/SMOKE/SMOG,DRY,,RAMP,,ASPHALT,DRIVER DISTRACTED - EXPLAIN IN NARRATIVE,REAR END,W 3RDST,,2021-10-05 08:10:00,,,
880,MONROE SD,ELLETTSVILLE,1,0.0,1.0,0,0,,,,W REEVES RD,,,2000.0,E,39.18623969329346,-86.53457298912443,LOCAL/CITY RD,N,RURAL,N,N,N,,DAYLIGHT,CLEAR,DRY,,NO JUNCTION INVOLVED,CURVE/GRADE,ASPHALT,RAN OFF RD RIGHT,RAN OFF RD,NCOUNTYLINERDWREEVESRD,NONE,2021-10-05 13:57:00,,,
881,ISP BLOOMINGTON 33,BLOOMINGTON,2,,0.0,0,0,,,,I-69 S,,,0.0,,39.16423926453326,-86.50167393320919,INTERSTATE,,RURAL,N,N,N,,DAYLIGHT,CLEAR,DRY,,NO JUNCTION INVOLVED,,CONCRETE,ANIMAL/OBJECT IN RDWAY,COLLISION WITH OBJECT IN RD,I-69115,,2021-10-05 15:10:00,,,
882,BLOOMINGTON PD,BLOOMINGTON,2,0.0,0.0,0,0,,,,N KINSER PK,W GOURLEY PK,,,,39.16307052917722,-86.52108595184892,LOCAL/CITY RD,N,URBAN,N,N,N,,DAYLIGHT,CLEAR,DRY,,FOUR-WAY INTERSECTION,STRAIGHT/GRADE,ASPHALT,FAILURE TO YIELD RIGHT OF WAY,OPPOSITE DIRECTION SIDESWIPE,NORTHKINSERPKWESTGOURLEYPK,STOP SIGN,2021-10-05 15:11:00,,,
883,BLOOMINGTON PD,BLOOMINGTON,2,0.0,0.0,0,0,,,,N WALNUT ST,ST RD 45/46,,,,39.16451504713871,-86.5298782586267,LOCAL/CITY RD,N,URBAN,Y,N,N,,DAYLIGHT,CLEAR,DRY,,FOUR-WAY INTERSECTION,STRAIGHT/LEVEL,ASPHALT,FAILURE TO YIELD RIGHT OF WAY,SAME DIRECTION SIDESWIPE,NWALNUTSTST RD 4546HWY,TRAFFIC CONTROL SIGNAL,2021-10-05 15:13:00,,,
884,MONROE SD,BLOOMINGTON,2,0.0,0.0,0,0,,,,E MOFFETT LN,S HARRELL RD,,,,39.13682,-86.57319,LOCAL/CITY RD,N,RURAL,N,N,N,,DAYLIGHT,CLEAR,DRY,,T-INTERSECTION,STRAIGHT/GRADE,ASPHALT,FAILURE TO YIELD RIGHT OF WAY,RIGHT ANGLE,HARRELLRDMOFFETTLN,NONE,2021-10-05 16:21:00,,,
885,MONROE SD,BLOOMINGTON,2,0.0,0.0,0,0,3923,,,W NORWAY CT,,,460.0,E,39.13677227867612,-86.57321447688149,LOCAL/CITY RD,N,RURAL,N,N,N,,DAYLIGHT,CLEAR,DRY,,NO JUNCTION INVOLVED,STRAIGHT/LEVEL,ASPHALT,OTHER (DRIVER) - EXPLAIN IN NARRATIVE,BACKING CRASH,NNORWAYDRWNORWAYCT,NONE,2021-10-05 17:04:00,,,
886,BLOOMINGTON PD,BLOOMINGTON,1,0.0,0.0,0,0,,,,I-69 N,W 3RD ST,,0.0,N,39.150177437848406,-86.50120653316353,INTERSTATE,N,URBAN,N,N,N,,DAYLIGHT,CLEAR,DRY,,NO JUNCTION INVOLVED,STRAIGHT/LEVEL,ASPHALT,DRIVER ASLEEP OR FATIGUED,OTHER - EXPLAIN IN NARRATIVE,I-69 N118,NONE,2021-10-05 18:09:00,,,
887,BLOOMINGTON PD,BLOOMINGTON,2,0.0,0.0,0,0,,,,N DUNN ST,E 15TH ST,,40.0,S,39.02936579,-86.5343923,LOCAL/CITY RD,N,URBAN,N,N,N,,DAYLIGHT,CLEAR,DRY,,FOUR-WAY INTERSECTION,STRAIGHT/GRADE,ASPHALT,FAILURE TO YIELD RIGHT OF WAY,RIGHT ANGLE,EAST15THSTNORTHDUNNST,LN CONTROL,2021-10-05 18:19:00,,,
888,INDIANA UNIV BLOOMINGTON PD,BLOOMINGTON,2,0.0,0.0,0,0,1005,,,N EAGLESON AVE,,,624.0,E,39.166619618648035,-86.5453111756754,LOCAL/CITY RD,Y,URBAN,N,N,N,,DAYLIGHT,CLEAR,DRY,,NO JUNCTION INVOLVED,STRAIGHT/LEVEL,ASPHALT,UNSAFE BACKING,BACKING CRASH,EAGLESON AVEAVENFOSTERDR,NONE,2021-10-05 18:30:00,,,
889,ELLETTSVILLE PD,ELLETTSVILLE,2,0.0,2.0,0,0,,,,ST RD 46,N HARTSTRAIT RD,,,,39.164516397285745,-86.57303912691262,ST RD,N,URBAN,N,N,N,,DAYLIGHT,CLEAR,DRY,,NO JUNCTION INVOLVED,STRAIGHT/LEVEL,ASPHALT,FAILURE TO YIELD RIGHT OF WAY,HEAD ON BETWEEN TWO MOTOR VEHICLES,HARTSTRAITRDST RD 46 W,NONE,2021-10-04 00:14:00,,,
890,BLOOMINGTON PD,BLOOMINGTON,2,0.0,0.0,0,0,,,,N COLLEGE AVE,W 17TH ST,,,,39.24176094548762,-86.68440011521824,LOCAL/CITY RD,N,URBAN,N,N,N,,DARK (LIGHTED),CLEAR,DRY,,NO JUNCTION INVOLVED,STRAIGHT/LEVEL,ASPHALT,IMPROPER TURNING,SAME DIRECTION SIDESWIPE,17THSTCOLLEGEAVE,TRAFFIC CONTROL SIGNAL,2021-10-04 05:22:00,,,
891,BLOOMINGTON PD,BLOOMINGTON,2,0.0,0.0,0,0,1409,,,W ALLEN ST (W/I WHITTINGTON COMMONS),,,,,39.124146256378395,-86.57231885085216,LOCAL/CITY RD,Y,URBAN,N,N,N,,UNKNOWN,,,,NO JUNCTION INVOLVED,STRAIGHT/LEVEL,ASPHALT,IMPROPER LN USAGE,SAME DIRECTION SIDESWIPE,WALLENST,NONE,2021-10-04 09:11:00,,,
892,BLOOMINGTON PD,BLOOMINGTON,2,0.0,0.0,0,0,,,,W KIRKWOOD AVE,N RITTER ST,,50.0,W,39.18504,-86.53774,LOCAL/CITY RD,N,URBAN,Y,N,N,,DAYLIGHT,CLOUDY,DRY,,NO JUNCTION INVOLVED,STRAIGHT/GRADE,ASPHALT,UNSAFE BACKING,BACKING CRASH,KIRKWOODAVERITTERST,NONE,2021-10-04 09:31:00,,,
893,INDIANA UNIV BLOOMINGTON PD,BLOOMINGTON,2,0.0,0.0,0,0,,,,ST RD 45/46,E 10TH ST,,,,39.186201987344056,-86.53456380144686,ST RD,N,URBAN,N,N,N,,DAYLIGHT,CLOUDY,DRY,,FOUR-WAY INTERSECTION,STRAIGHT/LEVEL,ASPHALT,OTHER (DRIVER) - EXPLAIN IN NARRATIVE,REAR END,ST RD 46UNIONVILLERD,TRAFFIC CONTROL SIGNAL,2021-10-04 11:35:00,,,
894,BLOOMINGTON PD,BLOOMINGTON,2,0.0,0.0,0,0,,,,E 4TH ST,S DUNN ST,,,,39.09967339121964,-86.4984746404559,LOCAL/CITY RD,N,URBAN,N,N,N,,DAYLIGHT,CLOUDY,DRY,,NO JUNCTION INVOLVED,STRAIGHT/LEVEL,ASPHALT,FAILURE TO YIELD RIGHT OF WAY,SAME DIRECTION SIDESWIPE,4THSTSDUNNST,NONE,2021-10-04 12:48:00,,,
895,MONROE SD,BLOOMINGTON,2,0.0,1.0,0,0,,,,S ST RD 37,S DELLSVILLE RD,,,,39.203762,-86.58722783,COUNTY RD,N,RURAL,N,N,N,,DAYLIGHT,CLOUDY,DRY,,NO JUNCTION INVOLVED,CURVE/LEVEL,ASPHALT,FOLLOWING TOO CLOSELY,REAR END,SOUTHDELLSVILLERDSOUTHOLDSTATE37RD,NONE,2021-10-04 13:30:00,,,
896,BLOOMINGTON PD,BLOOMINGTON,2,0.0,0.0,0,0,,,,ST RD 48,S GATES DR,,50.0,W,39.16452297393803,-86.57305422379055,LOCAL/CITY RD,N,URBAN,N,N,N,,DAYLIGHT,CLOUDY,DRY,,FOUR-WAY INTERSECTION,STRAIGHT/GRADE,ASPHALT,FAILURE TO YIELD RIGHT OF WAY,SAME DIRECTION SIDESWIPE,NORTHGATESDRWEST3RDST,TRAFFIC CONTROL SIGNAL,2021-10-04 13:38:00,,,
897,BLOOMINGTON PD,BLOOMINGTON,2,0.0,0.0,0,0,,,,N COLLEGE AVE,W 8TH ST,,,,39.17688332617684,-86.52837886080084,LOCAL/CITY RD,N,URBAN,N,N,N,,DAYLIGHT,CLOUDY,DRY,,NO JUNCTION INVOLVED,STRAIGHT/LEVEL,ASPHALT,UNSAFE LN MOVEMENT,SAME DIRECTION SIDESWIPE,NCOLLEGEAVEW8THST,LN CONTROL,2021-10-04 13:44:00,,,
898,BLOOMINGTON PD,BLOOMINGTON,2,0.0,0.0,0,0,,,,W 3RD ST (N),S PATTERSON DR,,300.0,W,-2.9520783549559215e-05,-4.0889417992229656e-05,LOCAL/CITY RD,N,URBAN,N,N,N,,DAYLIGHT,CLOUDY,DRY,,T-INTERSECTION,STRAIGHT/GRADE,ASPHALT,FOLLOWING TOO CLOSELY,REAR END,SOUTHPATTERSONDRWEST3RDST,LN CONTROL,2021-10-04 14:44:00,,,
899,INDIANA UNIV BLOOMINGTON PD,BLOOMINGTON,2,0.0,0.0,0,0,,,,N EAGLESON AVE,E LAW LN,,,,39.22761556039205,-86.61596526546865,LOCAL/CITY RD,N,URBAN,N,N,N,,DAYLIGHT,CLOUDY,DRY,,NO JUNCTION INVOLVED,STRAIGHT/LEVEL,ASPHALT,FOLLOWING TOO CLOSELY,REAR END,ELAWLNEAGLESON AVEAVE,NONE,2021-10-04 14:45:00,,,
900,BLOOMINGTON PD,BLOOMINGTON,2,0.0,0.0,0,0,,,,ST RD 45/46,N KINSER PK,,,,39.17900346201423,-86.53474590336975,LOCAL/CITY RD,N,URBAN,Y,N,N,,DAYLIGHT,CLEAR,DRY,,FOUR-WAY INTERSECTION,STRAIGHT/LEVEL,ASPHALT,FAILURE TO YIELD RIGHT OF WAY,SAME DIRECTION SIDESWIPE,NKINSERPKWSTATERD4546BYP,NONE,2021-10-04 15:03:00,,,
901,BLOOMINGTON PD,BLOOMINGTON,2,0.0,0.0,0,0,,,,N WALNUT ST,W 6TH ST,,,,39.15581908270259,-86.54898901570616,LOCAL/CITY RD,Y,URBAN,N,N,N,,DAYLIGHT,CLEAR,DRY,,FOUR-WAY INTERSECTION,STRAIGHT/GRADE,ASPHALT,UNSAFE LN MOVEMENT,SAME DIRECTION SIDESWIPE,NWALNUTSTW6THST,TRAFFIC CONTROL SIGNAL,2021-10-04 15:09:00,,,
902,ISP BLOOMINGTON 33,BLOOMINGTON,1,,0.0,0,1,,,,I-69 N,,,0.0,,39.16669258486752,-86.55097852046732,INTERSTATE,,RURAL,N,N,N,,DARK (NOT LIGHTED),CLOUDY,WET,,NO JUNCTION INVOLVED,,ASPHALT,ANIMAL/OBJECT IN RDWAY,COLLISION WITH DEER,I-69124,,2021-10-04 20:00:00,,,
903,BLOOMINGTON PD,BLOOMINGTON,2,0.0,0.0,0,0,,,,S DUNN ST,E 4TH ST,,,,39.17162,-86.50215,LOCAL/CITY RD,N,URBAN,N,N,N,,DAYLIGHT,CLOUDY,WET,,FOUR-WAY INTERSECTION,STRAIGHT/LEVEL,ASPHALT,IMPROPER LN USAGE,BACKING CRASH,E4THSTSDUNNST,STOP SIGN,2021-10-03 08:45:00,,,
904,BLOOMINGTON PD,BLOOMINGTON,2,0.0,0.0,0,0,,,,E MOORES PK,S CLARIZZ BLVD,,,,39.16552350514155,-86.52825300703368,LOCAL/CITY RD,N,URBAN,N,N,N,,DAYLIGHT,CLOUDY,WET,,T-INTERSECTION,STRAIGHT/GRADE,ASPHALT,FOLLOWING TOO CLOSELY,REAR END,CLARIZZBLVDMOORESPK,NONE,2021-10-03 09:40:00,,,
905,MONROE SD,BLOOMINGTON,1,0.0,0.0,0,0,,,,W CHURCH LN,S ROGERS ST,,100.0,W,39.06683894668246,-86.54153540472988,LOCAL/CITY RD,N,RURAL,N,N,N,,UNKNOWN,RAIN,WET,,NO JUNCTION INVOLVED,CURVE/GRADE,ASPHALT,RDWAY SURFACE CONDITION,RAN OFF RD,SROGERSSTWCHURCHLN,LN CONTROL,2021-10-03 09:48:00,,,
906,BLOOMINGTON PD,BLOOMINGTON,2,0.0,0.0,0,0,,,,N GATES DR,W ALEXANDER DR,,,,39.164531985954575,-86.57619220790292,LOCAL/CITY RD,N,URBAN,N,N,N,,DARK (LIGHTED),RAIN,WET,,FOUR-WAY INTERSECTION,STRAIGHT/LEVEL,ASPHALT,FAILURE TO YIELD RIGHT OF WAY,LEFT TURN,ALEXANDERSTGATESDR,STOP SIGN,2021-10-03 11:00:00,,,
907,MONROE SD,BLOOMINGTON,2,0.0,0.0,0,0,,,,N HARTSTRAIT RD,W RATLIFF RD,,,,39.1695,-86.53483,LOCAL/CITY RD,N,RURAL,N,N,N,,DAYLIGHT,CLOUDY,WET,,NO JUNCTION INVOLVED,CURVE/HILLCREST,ASPHALT,LEFT OF CENTER,OPPOSITE DIRECTION SIDESWIPE,HARTSTRAITRDWRATLIFFRD,STOP SIGN,2021-10-03 11:35:00,,,
908,MONROE SD,BLOOMINGTON,1,0.0,0.0,0,0,5094,,,ST RD 45,,,2400.0,E,39.16435042080203,-86.55199279543041,ST RD,N,RURAL,N,N,N,,DAYLIGHT,CLEAR,WET,,NO JUNCTION INVOLVED,CURVE/GRADE,ASPHALT,RAN OFF RD RIGHT,RAN OFF RD,NMTGILEADRDST RD 45E,LN CONTROL,2021-10-03 12:15:00,,,
909,INDIANA UNIV BLOOMINGTON PD,BLOOMINGTON,2,0.0,1.0,0,0,,,,N EAGLESON AVE,E 17TH ST,,,,39.17340197741621,-86.51548371179746,LOCAL/CITY RD,N,URBAN,N,N,N,,DAYLIGHT,CLOUDY,WET,,T-INTERSECTION,STRAIGHT/LEVEL,ASPHALT,FAILURE TO YIELD RIGHT OF WAY,LEFT TURN,EAST17THSTEAGLESON AVEAVE,STOP SIGN,2021-10-03 15:45:00,,,
910,BLOOMINGTON PD,BLOOMINGTON,2,0.0,1.0,0,0,,,,ST RD 45/46,N KINSER PK,,100.0,W,39.18637195709293,-86.53772557480492,ST RD,N,URBAN,N,N,N,,DARK (NOT LIGHTED),CLEAR,DRY,,NO JUNCTION INVOLVED,STRAIGHT/LEVEL,ASPHALT,FOLLOWING TOO CLOSELY,REAR END,NKINSERPKST RD 46E,TRAFFIC CONTROL SIGNAL,2021-10-03 22:40:00,,,
911,MONROE SD,BLOOMINGTON,1,0.0,0.0,0,0,,,,ST RD 46,N CURRY PK,,500.0,E,39.16750276596899,-86.53361744516152,ST RD,N,RURAL,N,N,N,,DAYLIGHT,CLOUDY,DRY,,NO JUNCTION INVOLVED,CURVE/GRADE,ASPHALT,RAN OFF RD RIGHT,RAN OFF RD,NORTHCURRYPKST RD 46 W,NONE,2021-10-02 09:34:00,,,
912,BLOOMINGTON PD,BLOOMINGTON,3,0.0,0.0,0,0,,,Y,W BLOOMFIELD RD,I-69 N,,,,39.237179258014024,-86.53904101911871,LOCAL/CITY RD,N,URBAN,N,N,N,,DAYLIGHT,RAIN,WET,,RAMP,CURVE/LEVEL,CONCRETE,FOLLOWING TOO CLOSELY,REAR END,WBLOOMFIELDRD,YIELD SIGN,2021-10-02 11:49:00,,,
913,MONROE SD,BLOOMINGTON,2,0.0,0.0,0,0,,,,W ST RD 37,,,900.0,S,39.16555144860569,-86.5282689407729,COUNTY RD,N,RURAL,N,N,N,,DAYLIGHT,RAIN,WET,,NO JUNCTION INVOLVED,STRAIGHT/GRADE,ASPHALT,FAILURE TO YIELD RIGHT OF WAY,LEFT TURN,EASTAUDUBONDRNORTHOLDSTATERD37RD,NONE,2021-10-02 11:50:00,,,
914,BLOOMINGTON PD,BLOOMINGTON,2,0.0,0.0,0,0,,,,W ISAACS DR,,,200.0,W,39.150309455054675,-86.4913532697121,LOCAL/CITY RD,N,URBAN,N,N,N,,DAYLIGHT,CLOUDY,WET,,NO JUNCTION INVOLVED,STRAIGHT/LEVEL,ASPHALT,OTHER (VEHICLE) - EXPLAIN IN NARRATIVE,OTHER - EXPLAIN IN NARRATIVE,SDOLIMAHAVEWISAACDR,NONE,2021-10-02 13:37:00,,,
915,BLOOMINGTON PD,BLOOMINGTON,2,0.0,0.0,0,0,,,,E ROGERS ST,S SARE RD,,,,39.10671064716805,-86.54025850114239,LOCAL/CITY RD,N,URBAN,N,N,N,,DAYLIGHT,CLOUDY,DRY,,FOUR-WAY INTERSECTION,CURVE/LEVEL,ASPHALT,FAILURE TO YIELD RIGHT OF WAY,RIGHT ANGLE,EROGERSRDSSARERD,NONE,2021-10-02 15:08:00,,,
916,BLOOMINGTON PD,BLOOMINGTON,2,0.0,0.0,0,0,,,,W 10TH ST,N COLLEGE AVE,,,,39.16870787689366,-86.57642513813197,LOCAL/CITY RD,N,URBAN,N,N,N,,DAWN/DUSK,CLOUDY,WET,,T-INTERSECTION,STRAIGHT/GRADE,ASPHALT,FOLLOWING TOO CLOSELY,REAR END,NCOLLEGEAVEW10THST,TRAFFIC CONTROL SIGNAL,2021-10-02 19:18:00,,,
917,BLOOMINGTON PD,BLOOMINGTON,2,0.0,0.0,0,0,,,,S COLLEGE MALL RD,E 3RD ST,,,,39.20909210014861,-86.61138582529443,LOCAL/CITY RD,N,URBAN,N,N,N,,DARK (LIGHTED),RAIN,WET,,NO JUNCTION INVOLVED,STRAIGHT/LEVEL,ASPHALT,FAILURE TO YIELD RIGHT OF WAY,SAME DIRECTION SIDESWIPE,3RDSTCOLLEGEMALLRD,TRAFFIC CONTROL SIGNAL,2021-10-02 21:21:00,,,