_id,Agency,City,Vehicles Involved,Trailers Involved,Number Injured,Number Dead,Number Deer,House Number,Roadway Interchange,Roadway Ramp,Roadway Id,Intersecting Road,Interchange,Feet From,Direction,Latitude,Longitude,Roadway Class,Hit and Run?,Locality,School Zone?,Rumble Strips?,Construction?,Construction Type,Light Condition,Weather Conditions,Surface Condition,Type of Median,Roadway Junction Type,Road Character,Roadway Surface,Primary Factor,Manner of Collision,Unique Location Id,Traffic Control,DateTime,Address Number,Cyclist Involved,Pedestrian Involved
918,INDIANA UNIV BLOOMINGTON PD,BLOOMINGTON,4,0.0,2.0,0,0,,,,E 10TH ST,N INDIANA AVE,,154.0,E,39.22883379,-86.4243407,LOCAL/CITY RD,N,URBAN,N,N,N,,DARK (LIGHTED),RAIN,WET,,FOUR-WAY INTERSECTION,STRAIGHT/GRADE,ASPHALT,FOLLOWING TOO CLOSELY,REAR END,INDIANAAVETENTHST,TRAFFIC CONTROL SIGNAL,2021-10-02 23:15:00,,,
919,MONROE SD,BLOOMINGTON,1,0.0,0.0,0,1,,,,ST RD 446,E ALLENS CREEK RD,,,,39.17882,-86.51243,ST RD,N,RURAL,N,Y,N,,DARK (NOT LIGHTED),CLEAR,DRY,,T-INTERSECTION,CURVE/GRADE,ASPHALT,ANIMAL/OBJECT IN RDWAY,COLLISION WITH DEER,EALLENSCREEKRDST RD 446S,LN CONTROL,2021-10-01 06:02:00,,,
920,MONROE SD,BLOOMINGTON,1,0.0,0.0,0,1,4131,,,W ARLINGTON RD,,,1200.0,E,39.186419656448116,-86.5377166643645,LOCAL/CITY RD,N,RURAL,N,N,N,,DAWN/DUSK,CLEAR,DRY,,NO JUNCTION INVOLVED,CURVE/GRADE,ASPHALT,ANIMAL/OBJECT IN RDWAY,COLLISION WITH DEER,NSTOUTESCREEKRDWARLINGTONRD,LN CONTROL,2021-10-01 07:20:00,,,
921,INDIANA UNIV BLOOMINGTON PD,BLOOMINGTON,2,0.0,0.0,0,0,,,,ST RD 45/46,E DISCOVERY PKWY,,,,39.193651787150515,-86.5714154800105,ST RD,N,RURAL,N,N,N,,DAYLIGHT,CLEAR,DRY,,T-INTERSECTION,STRAIGHT/LEVEL,ASPHALT,DRIVER DISTRACTED - EXPLAIN IN NARRATIVE,REAR END,DISCOVERYPKWYST RD 46S,TRAFFIC CONTROL SIGNAL,2021-10-01 11:22:00,,,
922,MONROE SD,BLOOMINGTON,1,0.0,0.0,0,0,9302,,,S ROCKPORT RD,,,5000.0,N,39.14748026846219,-86.57297074384465,LOCAL/CITY RD,N,RURAL,N,N,N,,DAYLIGHT,CLEAR,DRY,,NO JUNCTION INVOLVED,CURVE/GRADE,ASPHALT,RAN OFF RD RIGHT,RAN OFF RD,9302SROCKPORTRDPOPCORNRD,NONE,2021-10-01 11:39:00,,,
923,BLOOMINGTON PD,BLOOMINGTON,2,0.0,0.0,0,0,1400,,,W RCA PARK DR,,,,,39.11761152333757,-86.52317986622359,UNKNOWN,Y,URBAN,N,N,N,,DAYLIGHT,CLEAR,DRY,,NO JUNCTION INVOLVED,STRAIGHT/LEVEL,ASPHALT,UNSAFE BACKING,BACKING CRASH,WRCAPARKDR,NONE,2021-10-01 13:51:00,,,
924,BLOOMINGTON PD,BLOOMINGTON,1,0.0,1.0,0,0,,120,A,ST RD 45/46,I-69 N,,,,39.16329668625588,-86.55225793491417,ST RD,N,URBAN,N,Y,N,,DAYLIGHT,CLEAR,DRY,,RAMP,CURVE/GRADE,ASPHALT,UNSAFE SPEED,RAN OFF RD,ST RD 45 W,NONE,2021-10-01 14:00:00,,,
925,BLOOMINGTON PD,BLOOMINGTON,2,0.0,0.0,0,0,,,,S LINCOLN ST,E 1ST,,,,39.13574,-86.49667,LOCAL/CITY RD,N,URBAN,N,N,N,,DAYLIGHT,CLEAR,DRY,,FOUR-WAY INTERSECTION,STRAIGHT/LEVEL,ASPHALT,FAILURE TO YIELD RIGHT OF WAY,RIGHT ANGLE,E1STSTSLINCOLNST,STOP SIGN,2021-10-01 14:56:00,,,
926,BLOOMINGTON PD,BLOOMINGTON,2,0.0,0.0,0,0,,,,ST RD 46,E 3RD ST,,,,39.17165458879166,-86.53486790363817,ST RD,Y,URBAN,N,N,N,,DAYLIGHT,CLEAR,DRY,,FOUR-WAY INTERSECTION,STRAIGHT/LEVEL,ASPHALT,IMPROPER LN USAGE,SAME DIRECTION SIDESWIPE,E 3RDSTST RD 4546S,TRAFFIC CONTROL SIGNAL,2021-10-01 14:58:00,,,
927,INDIANA UNIV BLOOMINGTON PD,BLOOMINGTON,2,0.0,0.0,0,0,,,,S INDIANA AVE,E 3RD ST,,,,39.16418925371145,-86.49826125903834,LOCAL/CITY RD,N,URBAN,N,N,N,,DAWN/DUSK,CLEAR,DRY,,FOUR-WAY INTERSECTION,STRAIGHT/LEVEL,ASPHALT,FOLLOWING TOO CLOSELY,REAR END,HENDERSONST3RDST,TRAFFIC CONTROL SIGNAL,2021-10-01 19:48:00,,,
928,MONROE SD,BLOOMINGTON,2,0.0,0.0,0,0,,,,S FAIRFAX RD,E MOFFETT LN,,,,39.171666215798076,-86.5270347345109,LOCAL/CITY RD,N,RURAL,N,N,N,,DAWN/DUSK,CLEAR,DRY,,T-INTERSECTION,CURVE/LEVEL,ASPHALT,FAILURE TO YIELD RIGHT OF WAY,RIGHT ANGLE,EMOFFETTLNSFAIRFAXRD,NONE,2021-10-01 19:51:00,,,
929,INDIANA UNIV BLOOMINGTON PD,BLOOMINGTON,2,0.0,0.0,0,0,,,,ST RD 46,ST RD 45,,,,39.03392543178475,-86.40828422939096,ST RD,N,URBAN,N,N,N,,DARK (NOT LIGHTED),CLEAR,DRY,,FOUR-WAY INTERSECTION,STRAIGHT/LEVEL,ASPHALT,FAILURE TO YIELD RIGHT OF WAY,SAME DIRECTION SIDESWIPE,ST RD 46UNIONVILLERD,TRAFFIC CONTROL SIGNAL,2021-10-01 21:30:00,,,
930,INDIANA UNIV BLOOMINGTON PD,BLOOMINGTON,2,0.0,1.0,0,0,,,,E 10TH ST,,,200.0,W,39.19764371370475,-86.55833932355588,LOCAL/CITY RD,N,URBAN,N,N,N,,DARK (LIGHTED),CLEAR,DRY,,NO JUNCTION INVOLVED,STRAIGHT/LEVEL,ASPHALT,FAILURE TO YIELD RIGHT OF WAY,HEAD ON BETWEEN TWO MOTOR VEHICLES,EAST10THSTUNIONST,NONE,2021-10-01 22:00:00,,,
931,ISP BLOOMINGTON 33,BLOOMINGTON,2,,0.0,0,0,,,,S PALMER AVE,,,158.0,N,39.17146786197999,-86.49538489922239,LOCAL/CITY RD,,URBAN,N,N,N,,DARK (LIGHTED),CLEAR,DRY,,NO JUNCTION INVOLVED,,ASPHALT,OTHER (DRIVER) - EXPLAIN IN NARRATIVE,OTHER - EXPLAIN IN NARRATIVE,SPalmerAveEHillsideDr,,2021-09-30 01:00:00,,,
932,BLOOMINGTON PD,BLOOMINGTON,1,0.0,0.0,0,0,,,,N WASHINGTON ST,E 10TH ST,,,,39.0027481724595,-86.59002723030905,LOCAL/CITY RD,N,URBAN,N,N,N,,DAWN/DUSK,CLEAR,DRY,,FOUR-WAY INTERSECTION,STRAIGHT/LEVEL,ASPHALT,FAILURE TO YIELD RIGHT OF WAY,LEFT TURN,E 10THSTNWASHINGTONST,NONE,2021-09-30 06:10:00,,True,
933,ISP BLOOMINGTON 33,BLOOMINGTON,2,,1.0,0,0,,,,ST RD 37,S WALNUT ST,,0.0,,39.1449066343925,-86.54703182005022,ST RD,,RURAL,N,N,N,,DAYLIGHT,CLEAR,DRY,,FOUR-WAY INTERSECTION,,ASPHALT,UNSAFE SPEED,REAR END,ST RD 37OldS ST RD 37,,2021-09-30 08:55:00,,,
934,BLOOMINGTON PD,BLOOMINGTON,2,0.0,0.0,0,0,,,,S WALNUT ST,ENTRANCE TO STARBUCKS,,2000.0,N,39.18703,-86.55501,LOCAL/CITY RD,N,URBAN,N,N,N,,DAYLIGHT,CLEAR,DRY,,NO JUNCTION INVOLVED,STRAIGHT/LEVEL,ASPHALT,UNSAFE BACKING,BACKING CRASH,ENORTHDRSWALNUTST,NONE,2021-09-30 09:00:00,,,
935,INDIANA UNIV BLOOMINGTON PD,BLOOMINGTON,2,0.0,0.0,0,0,,,,ST RD 45/46,E DISCOVERY PKWY,,,,39.15930866358506,-86.53128973198291,ST RD,N,URBAN,N,N,N,,DAYLIGHT,CLEAR,DRY,,NO JUNCTION INVOLVED,STRAIGHT/LEVEL,ASPHALT,FOLLOWING TOO CLOSELY,REAR END,DISCOVERYPKWYST RD 46S,NONE,2021-09-30 09:12:00,,,
936,MONROE SD,BLOOMINGTON,1,0.0,0.0,0,0,,,,W ELLER RD,S RENDY LN,,,,39.16433,-86.47207,LOCAL/CITY RD,N,URBAN,N,N,N,,DAYLIGHT,CLEAR,DRY,,T-INTERSECTION,STRAIGHT/GRADE,ASPHALT,DRIVER ILLNESS,RAN OFF RD,SRENDYWAYWELLERRD,NONE,2021-09-30 11:18:00,,,
937,BLOOMINGTON PD,BLOOMINGTON,2,0.0,0.0,0,0,340,,,ST RD 45,,,,,39.16425059537671,-86.52695589033208,LOCAL/CITY RD,Y,URBAN,N,N,N,,DAYLIGHT,CLEAR,DRY,,NO JUNCTION INVOLVED,CURVE/GRADE,ASPHALT,FAILURE TO YIELD RIGHT OF WAY,,ESTATERD45HWY,NONE,2021-09-30 14:00:00,,,
938,BLOOMINGTON PD,BLOOMINGTON,2,0.0,0.0,0,0,,,,S WALNUT ST,E 4TH ST,,1000.0,N,39.099876000310346,-86.51785121671807,LOCAL/CITY RD,Y,URBAN,N,N,Y,,DAYLIGHT,CLEAR,DRY,,NO JUNCTION INVOLVED,STRAIGHT/LEVEL,ASPHALT,IMPROPER LN USAGE,SAME DIRECTION SIDESWIPE,E4THSTSWALNUTST,NONE,2021-09-30 14:06:00,,,
939,BLOOMINGTON PD,BLOOMINGTON,2,0.0,0.0,0,0,,,,S ROGERS ST,W CHEROKEE DR,,,,39.18629,-86.53163,LOCAL/CITY RD,N,URBAN,N,N,N,,DAYLIGHT,CLOUDY,DRY,,T-INTERSECTION,STRAIGHT/LEVEL,ASPHALT,BRAKE FAILURE OR DEFECTIVE,LEFT TURN,SRODGERSSTWCHEROKEEDR,NONE,2021-09-30 14:40:00,,,
940,MONROE SD,BLOOMINGTON,2,0.0,0.0,0,0,,,,ST RD 46,N SMITH PK,,,,39.17155756232757,-86.5094706774137,ST RD,N,URBAN,N,N,N,,DAYLIGHT,CLEAR,DRY,,FOUR-WAY INTERSECTION,STRAIGHT/LEVEL,ASPHALT,FAILURE TO YIELD RIGHT OF WAY,RIGHT ANGLE,NSMITHPKST RD 46 W,TRAFFIC CONTROL SIGNAL,2021-09-30 15:56:00,,,
941,MONROE SD,ELLETTSVILLE,2,0.0,0.0,0,0,,,,ST RD 37,W DILLMAN RD,,100.0,N,39.15077870697974,-86.5292913203737,ST RD,N,RURAL,N,Y,Y,LN CLOSURE,DAYLIGHT,CLEAR,DRY,,FOUR-WAY INTERSECTION,STRAIGHT/LEVEL,ASPHALT,IMPROPER LN USAGE,SAME DIRECTION SIDESWIPE,S ST RD 37WDILLMANRD,NONE,2021-09-30 17:12:00,,,
942,BLOOMINGTON PD,BLOOMINGTON,2,0.0,0.0,0,0,,,,ST RD 46,E 7TH ST,,50.0,N,39.17160178674071,-86.53233374256287,LOCAL/CITY RD,N,URBAN,N,N,N,,DAYLIGHT,CLEAR,DRY,,T-INTERSECTION,STRAIGHT/GRADE,ASPHALT,FAILURE TO YIELD RIGHT OF WAY,SAME DIRECTION SIDESWIPE,EAST7THSTNORTHSTATERD46BYP,LN CONTROL,2021-09-30 17:14:00,,,
943,BLOOMINGTON PD,BLOOMINGTON,2,0.0,0.0,0,0,,,,W 2ND ST,S COLLEGE AVE,,,,39.16633358984071,-86.5335496126699,LOCAL/CITY RD,N,URBAN,N,N,N,,DAYLIGHT,CLEAR,DRY,,FOUR-WAY INTERSECTION,STRAIGHT/GRADE,ASPHALT,FOLLOWING TOO CLOSELY,REAR END,SOUTHCOLLEGEAVEWEST2NDST,TRAFFIC CONTROL SIGNAL,2021-09-30 17:56:00,,,
944,BLOOMINGTON PD,BLOOMINGTON,2,0.0,0.0,0,0,,,,W 3RD ST,S CORY LN,,,,39.14545922353043,-86.531600980893,LOCAL/CITY RD,N,URBAN,N,N,N,,DAYLIGHT,CLEAR,DRY,,FOUR-WAY INTERSECTION,STRAIGHT/LEVEL,ASPHALT,FAILURE TO YIELD RIGHT OF WAY,LEFT TURN,SOUTHCORYLNW 3RDST,TRAFFIC CONTROL SIGNAL,2021-09-30 18:15:00,,,
945,INDIANA UNIV BLOOMINGTON PD,BLOOMINGTON,1,0.0,0.0,0,0,,,,E ATWATER AVE,S FESS AVE,,,,39.17149,-86.49537,LOCAL/CITY RD,N,URBAN,N,N,N,,DARK (LIGHTED),CLEAR,DRY,,T-INTERSECTION,STRAIGHT/LEVEL,CONCRETE,OTHER (DRIVER) - EXPLAIN IN NARRATIVE,NON-COLLISION,ATWATERAVEFESSAVE,LN CONTROL,2021-09-30 21:00:00,,,
946,MONROE SD,BLOOMINGTON,1,0.0,0.0,0,0,,,,ST RD 45,N RICHARDSON RD,,,,39.12243,-86.61584,ST RD,N,RURAL,N,N,N,,DARK (NOT LIGHTED),CLEAR,DRY,,T-INTERSECTION,CURVE/GRADE,ASPHALT,RAN OFF RD RIGHT,RAN OFF RD,RICHARDSONRDST RD 45E,NONE,2021-09-29 01:37:00,,,
947,BLOOMINGTON PD,BLOOMINGTON,1,0.0,2.0,0,0,,,,S SARE RD,E WINSTON ST,,,,39.02795131,-86.7213452,LOCAL/CITY RD,N,URBAN,N,N,N,,DARK (NOT LIGHTED),CLEAR,DRY,,T-INTERSECTION,CURVE/GRADE,ASPHALT,UNSAFE SPEED,RAN OFF RD,SARERDWINSTONST,NONE,2021-09-29 02:20:00,,,
948,ELLETTSVILLE PD,ELLETTSVILLE,2,0.0,0.0,0,0,,,,S SALE ST,W OAK ST,,,,39.16558,-86.53361,LOCAL/CITY RD,N,URBAN,N,N,N,,DAYLIGHT,CLEAR,DRY,,NO JUNCTION INVOLVED,STRAIGHT/HILLCREST,ASPHALT,FAILURE TO YIELD RIGHT OF WAY,LEFT TURN,OAKSTSALEST,LN CONTROL,2021-09-29 08:35:00,,,
949,MONROE SD,ELLETTSVILLE,2,0.0,0.0,0,0,,,,ST RD 46,N SMITH PK,,,,39.146950825327544,-86.53889050613628,ST RD,N,URBAN,N,N,N,,DAYLIGHT,CLEAR,DRY,,T-INTERSECTION,STRAIGHT/GRADE,ASPHALT,FOLLOWING TOO CLOSELY,REAR END,NSMITHPKST RD 46 W,NONE,2021-09-29 11:35:00,,,
950,BLOOMINGTON PD,BLOOMINGTON,2,0.0,0.0,0,0,,,,W 11TH ST,N LINDBERGH DR,,50.0,W,39.20996,-86.58271,LOCAL/CITY RD,N,URBAN,N,N,N,,DAYLIGHT,CLEAR,DRY,,T-INTERSECTION,STRAIGHT/GRADE,ASPHALT,LEFT OF CENTER,OPPOSITE DIRECTION SIDESWIPE,NORTHLINDBURGHDRWEST11THST,LN CONTROL,2021-09-29 13:51:00,,,
951,INDIANA UNIV BLOOMINGTON PD,BLOOMINGTON,1,0.0,0.0,0,0,150,,,ENTRANCE TO EAGLESON AVE PARKING GARAGE,,,,,39.0929056906761,-86.54603212459288,UNKNOWN,N,URBAN,N,N,N,,DAYLIGHT,CLEAR,DRY,,NO JUNCTION INVOLVED,CURVE/LEVEL,ASPHALT,OTHER (DRIVER) - EXPLAIN IN NARRATIVE,OTHER - EXPLAIN IN NARRATIVE,NEAGLESON AVEAVE,NONE,2021-09-29 15:19:00,,,
952,BLOOMINGTON PD,BLOOMINGTON,2,0.0,0.0,0,0,,,,W COUNTRY CLUB DR,ENTRANCE TO GREASE MONKEY,,,,39.16765,-86.50003,LOCAL/CITY RD,N,URBAN,N,N,N,,DAYLIGHT,CLEAR,DRY,,FOUR-WAY INTERSECTION,STRAIGHT/LEVEL,ASPHALT,FAILURE TO YIELD RIGHT OF WAY,RIGHT ANGLE,COUNTRYCLUBDRSWALNUTST,STOP SIGN,2021-09-29 16:58:00,,,
953,BLOOMINGTON PD,BLOOMINGTON,2,0.0,0.0,0,0,,,,S FESS AVE,E ATWATER AVE,,50.0,S,39.16137424451213,-86.53499252265274,LOCAL/CITY RD,N,URBAN,N,N,N,,DAYLIGHT,CLEAR,DRY,,T-INTERSECTION,STRAIGHT/LEVEL,ASPHALT,FAILURE TO YIELD RIGHT OF WAY,LEFT TURN,ATWATERAVESOUTHFESSAVE,LN CONTROL,2021-09-29 19:08:00,,,
954,MONROE SD,BLOOMINGTON,2,0.0,1.0,0,0,,,,S CURRY PK,W BELLE AVE,,,,39.164450681668434,-86.5601847461521,COUNTY RD,N,RURAL,N,N,N,,DARK (LIGHTED),CLEAR,DRY,,T-INTERSECTION,STRAIGHT/LEVEL,ASPHALT,FOLLOWING TOO CLOSELY,REAR END,SCURRYPKWBELLEAVE,NONE,2021-09-29 19:40:00,,,
955,MONROE SD,BLOOMINGTON,2,0.0,0.0,0,0,,,,N HARTSTRAIT RD,,,200.0,S,39.16308252239428,-86.52590560693979,LOCAL/CITY RD,N,RURAL,N,N,N,,DARK (NOT LIGHTED),CLEAR,DRY,,NO JUNCTION INVOLVED,STRAIGHT/GRADE,ASPHALT,FOLLOWING TOO CLOSELY,REAR END,NHARTSTRAITRDVERNALPK,NONE,2021-09-28 07:19:00,,,
956,ISP BLOOMINGTON 33,BLOOMINGTON,2,,0.0,0,0,,,,ST RD 37,,,1250.0,,39.239811884283,-86.38760699761549,ST RD,,RURAL,N,N,Y,LN CLOSURE,DAYLIGHT,CLEAR,DRY,,NO JUNCTION INVOLVED,,ASPHALT,UNSAFE LN MOVEMENT,SAME DIRECTION SIDESWIPE,StateRd37S.WalnutSt.,,2021-09-28 08:03:00,,,
957,BLOOMINGTON PD,BLOOMINGTON,2,0.0,2.0,0,0,,,,S ROGERS ST,W PATTERSON DR,,,,39.14508,-86.49701,LOCAL/CITY RD,N,URBAN,N,N,N,,DAYLIGHT,CLEAR,DRY,,FOUR-WAY INTERSECTION,STRAIGHT/GRADE,ASPHALT,FAILURE TO YIELD RIGHT OF WAY,RIGHT ANGLE,PATTERSONDRIVEROGERSST,TRAFFIC CONTROL SIGNAL,2021-09-28 09:08:00,,,
958,BLOOMINGTON PD,BLOOMINGTON,2,0.0,0.0,0,0,,,,E HILLSIDE DR,S WOODLAWN AVE,,,,39.23244258701085,-86.62625884385959,LOCAL/CITY RD,N,URBAN,Y,N,N,,DAYLIGHT,CLEAR,DRY,,T-INTERSECTION,STRAIGHT/LEVEL,ASPHALT,FAILURE TO YIELD RIGHT OF WAY,RIGHT ANGLE,EHILLSIDEDRSWOODLAWNAVE,LN CONTROL,2021-09-28 12:13:00,,,
959,INDIANA UNIV BLOOMINGTON PD,BLOOMINGTON,1,0.0,1.0,0,0,,,,E 10TH ST,N WOODLAWN AVE,,,,39.20992611174284,-86.5827352295119,LOCAL/CITY RD,N,URBAN,N,N,N,,DAYLIGHT,CLEAR,DRY,,FOUR-WAY INTERSECTION,STRAIGHT/LEVEL,ASPHALT,FAILURE TO YIELD RIGHT OF WAY,LEFT TURN,10THSTWOODLAWNAVE,TRAFFIC CONTROL SIGNAL,2021-09-28 13:06:00,,True,
960,BLOOMINGTON PD,BLOOMINGTON,2,0.0,0.0,0,0,,,,W 3RD ST,S WALNUT ST,,,,39.17324881711379,-86.55256563735276,LOCAL/CITY RD,N,URBAN,N,N,Y,LN CLOSURE,DAYLIGHT,CLEAR,DRY,,FOUR-WAY INTERSECTION,STRAIGHT/LEVEL,ASPHALT,UNSAFE LN MOVEMENT,SAME DIRECTION SIDESWIPE,E 3RDSTSWALNUTST,NONE,2021-09-28 13:54:00,,,
961,BLOOMINGTON PD,BLOOMINGTON,2,0.0,0.0,0,0,,,,S BASSWOOD CIR (S),S BASSWOOD DR,,50.0,E,39.16557065916127,-86.51797729486876,LOCAL/CITY RD,N,URBAN,N,N,N,,DAYLIGHT,CLEAR,DRY,,T-INTERSECTION,STRAIGHT/LEVEL,ASPHALT,UNSAFE BACKING,BACKING CRASH,SOUTHBASSWOODCIRSOUTHBASSWOODDR,NONE,2021-09-28 14:51:00,,,
962,BLOOMINGTON PD,BLOOMINGTON,2,0.0,0.0,0,0,,,,E RHORER RD,S WALNUT ST,,,,39.136045077745244,-86.53878138738882,LOCAL/CITY RD,N,URBAN,N,N,N,,DAYLIGHT,CLEAR,DRY,,FOUR-WAY INTERSECTION,STRAIGHT/LEVEL,ASPHALT,FOLLOWING TOO CLOSELY,REAR END,ERHORERRDSWALNUTST,TRAFFIC CONTROL SIGNAL,2021-09-28 15:18:00,,,
963,MONROE SD,BLOOMINGTON,2,1.0,0.0,0,0,,,,ST RD 37,,,1000.0,N,39.16307181687685,-86.52592147006015,ST RD,N,RURAL,N,N,Y,LN CLOSURE,DAYLIGHT,CLEAR,DRY,,NO JUNCTION INVOLVED,STRAIGHT/GRADE,ASPHALT,FOLLOWING TOO CLOSELY,REAR END,MONROEDAMNRDS ST RD 37,NONE,2021-09-28 15:50:00,,,
964,BLOOMINGTON PD,BLOOMINGTON,2,0.0,0.0,0,0,,,,E 3RD ST,S ROOSEVELT ST,,,,39.16326641884704,-86.58276090250608,LOCAL/CITY RD,N,URBAN,N,N,N,,DAYLIGHT,CLEAR,DRY,,T-INTERSECTION,STRAIGHT/GRADE,ASPHALT,FAILURE TO YIELD RIGHT OF WAY,RIGHT ANGLE,EAST3RDSTSOUTHROOSEVELTST,LN CONTROL,2021-09-28 16:48:00,,,
965,BLOOMINGTON PD,BLOOMINGTON,2,0.0,0.0,0,0,3205,,,ST RD 45,ENTRANCE TO SAM'S CLUB,,,,-4.306495501410595e-05,-3.926391728767394e-06,LOCAL/CITY RD,N,URBAN,N,N,N,,DAYLIGHT,CLEAR,DRY,,NO JUNCTION INVOLVED,STRAIGHT/LEVEL,ASPHALT,UNSAFE BACKING,REAR END,WSTATERD45HWY,TRAFFIC CONTROL SIGNAL,2021-09-28 16:59:00,,,
966,MONROE SD,BLOOMINGTON,2,0.0,0.0,0,0,,,,S WALNUT ST PK,E RHORER RD,,,,39.088577240409556,-86.54500638873121,LOCAL/CITY RD,N,URBAN,N,N,N,,DAYLIGHT,CLEAR,DRY,,FOUR-WAY INTERSECTION,STRAIGHT/GRADE,ASPHALT,OTHER (DRIVER) - EXPLAIN IN NARRATIVE,REAR END,ERHORERRDWALNUTSTPK,TRAFFIC CONTROL SIGNAL,2021-09-28 17:51:00,,,
967,BLOOMINGTON PD,BLOOMINGTON,2,0.0,0.0,0,0,,,,N WALNUT ST,ST RD 45/46,,,,39.15380981803318,-86.53874495366485,LOCAL/CITY RD,N,URBAN,N,N,N,,DAYLIGHT,CLEAR,DRY,,FOUR-WAY INTERSECTION,STRAIGHT/LEVEL,ASPHALT,FOLLOWING TOO CLOSELY,REAR END,NWALNUTSTST RD 45 W,NONE,2021-09-28 19:20:00,,,
968,BLOOMINGTON PD,BLOOMINGTON,2,0.0,0.0,0,0,,,,W 8TH ST,N SPRING ST,,,,39.15053,-86.52261,LOCAL/CITY RD,N,URBAN,N,N,N,,DARK (NOT LIGHTED),CLEAR,DRY,,FOUR-WAY INTERSECTION,STRAIGHT/LEVEL,ASPHALT,UNSAFE LN MOVEMENT,SAME DIRECTION SIDESWIPE,NSPRINGSTW8THST,NONE,2021-09-28 20:53:00,,,
969,INDIANA UNIV BLOOMINGTON PD,BLOOMINGTON,1,0.0,0.0,0,0,,,,N UNION ST,E LAW LN,,,,39.1716140449371,-86.52350446193165,LOCAL/CITY RD,Y,URBAN,N,N,N,,DAYLIGHT,CLEAR,DRY,,T-INTERSECTION,STRAIGHT/LEVEL,ASPHALT,FAILURE TO YIELD RIGHT OF WAY,LEFT TURN,LAWLNUNIONST,STOP SIGN,2021-09-27 08:00:00,,True,
970,INDIANA UNIV BLOOMINGTON PD,BLOOMINGTON,2,0.0,0.0,0,0,,,,N WOODLAWN AVE,E 17TH ST,,,,39.16456830925222,-86.53363875428693,LOCAL/CITY RD,N,URBAN,N,N,N,,DAYLIGHT,CLEAR,DRY,,FOUR-WAY INTERSECTION,STRAIGHT/LEVEL,ASPHALT,FOLLOWING TOO CLOSELY,REAR END,EAST17THSTWOODLAWNAVE,TRAFFIC CONTROL SIGNAL,2021-09-27 10:00:00,,,
971,BLOOMINGTON PD,BLOOMINGTON,2,0.0,0.0,0,0,,,,S MITCHELL ST,,,500.0,N,39.15245575058673,-86.57251554796703,LOCAL/CITY RD,N,URBAN,N,N,N,,DAYLIGHT,CLEAR,DRY,,NO JUNCTION INVOLVED,STRAIGHT/LEVEL,ASPHALT,OTHER (DRIVER) - EXPLAIN IN NARRATIVE,REAR END,E 2NDSTSMITCHELLST,NONE,2021-09-27 10:27:00,,,
972,ELLETTSVILLE PD,ELLETTSVILLE,2,0.0,0.0,0,0,,,,ST RD 46,,,1500.0,W,39.12145675206956,-86.53137141191293,ST RD,N,RURAL,N,N,N,,DAYLIGHT,CLEAR,DRY,,NO JUNCTION INVOLVED,STRAIGHT/LEVEL,ASPHALT,LEFT OF CENTER,OTHER - EXPLAIN IN NARRATIVE,REDHILLRDST RD 46 W,LN CONTROL,2021-09-27 10:45:00,,,
973,BLOOMINGTON PD,BLOOMINGTON,2,0.0,0.0,0,0,,,,N KINSER PK,W 17TH ST,,,,39.02273226387889,-86.53555689134635,LOCAL/CITY RD,N,URBAN,Y,N,N,,DAYLIGHT,CLEAR,DRY,,FOUR-WAY INTERSECTION,STRAIGHT/HILLCREST,ASPHALT,FOLLOWING TOO CLOSELY,REAR END,NKINSERPKW17THST,NONE,2021-09-27 11:55:00,,,
974,BLOOMINGTON PD,BLOOMINGTON,2,0.0,0.0,0,0,,,,N WALNUT ST,W 10TH ST,,,,39.1642241193422,-86.5060130298267,LOCAL/CITY RD,N,URBAN,N,N,N,,DAYLIGHT,CLEAR,DRY,,FOUR-WAY INTERSECTION,STRAIGHT/GRADE,ASPHALT,FOLLOWING TOO CLOSELY,REAR END,NORTHWALNUTSTWEST10THST,TRAFFIC CONTROL SIGNAL,2021-09-27 13:49:00,,,
975,BLOOMINGTON PD,BLOOMINGTON,2,0.0,0.0,0,0,,,,E ATWATER AVE,S EASTSIDE DR,,,,39.14468,-86.57581,LOCAL/CITY RD,N,URBAN,N,N,N,,DAYLIGHT,CLEAR,DRY,,FOUR-WAY INTERSECTION,STRAIGHT/GRADE,ASPHALT,FAILURE TO YIELD RIGHT OF WAY,RIGHT ANGLE,EASTATWATERAVESOUTHEASTSIDEDR,STOP SIGN,2021-09-27 15:47:00,,,
976,INDIANA UNIV BLOOMINGTON PD,BLOOMINGTON,2,0.0,0.0,0,0,,,,N EAGLESON AVE,E 10TH ST,,,,39.1214495828838,-86.526671956047,LOCAL/CITY RD,N,URBAN,N,N,N,,DAWN/DUSK,CLEAR,DRY,,FOUR-WAY INTERSECTION,STRAIGHT/LEVEL,ASPHALT,FOLLOWING TOO CLOSELY,REAR END,EAGLESON AVEAVETENTHST,TRAFFIC CONTROL SIGNAL,2021-09-27 20:15:00,,,
977,BLOOMINGTON PD,BLOOMINGTON,1,0.0,0.0,0,1,,,,E HILLSIDE DR,S MAXWELL ST,,150.0,W,39.18620119663342,-86.53455152347492,LOCAL/CITY RD,N,URBAN,N,N,N,,DARK (NOT LIGHTED),CLEAR,DRY,,NO JUNCTION INVOLVED,STRAIGHT/GRADE,ASPHALT,ANIMAL/OBJECT IN RDWAY,COLLISION WITH DEER,HILLSIDEDRMAXWELLST,LN CONTROL,2021-09-26 03:10:00,,,