_id,Agency,City,Vehicles Involved,Trailers Involved,Number Injured,Number Dead,Number Deer,House Number,Roadway Interchange,Roadway Ramp,Roadway Id,Intersecting Road,Interchange,Feet From,Direction,Latitude,Longitude,Roadway Class,Hit and Run?,Locality,School Zone?,Rumble Strips?,Construction?,Construction Type,Light Condition,Weather Conditions,Surface Condition,Type of Median,Roadway Junction Type,Road Character,Roadway Surface,Primary Factor,Manner of Collision,Unique Location Id,Traffic Control,DateTime,Address Number,Cyclist Involved,Pedestrian Involved
1038,BLOOMINGTON PD,BLOOMINGTON,2,0.0,0.0,0,0,,,,W KIRKWOOD AVE,S WALNUT ST,,,,39.17340078366048,-86.52352915570022,LOCAL/CITY RD,N,URBAN,N,N,N,,DARK (LIGHTED),CLOUDY,DRY,,FOUR-WAY INTERSECTION,STRAIGHT/LEVEL,ASPHALT,UNSAFE BACKING,BACKING CRASH,SWALNUTSTWKIRKWOODAVE,TRAFFIC CONTROL SIGNAL,2021-09-21 19:46:00,,,
1039,MONROE SD,BLOOMINGTON,1,0.0,0.0,0,0,,,,E ROGERS ST,S SNODDY RD,,,,39.17159,-86.51566,COUNTY RD,N,URBAN,N,N,N,,DARK (NOT LIGHTED),RAIN,WET,,T-INTERSECTION,STRAIGHT/HILLCREST,ASPHALT,OTHER (DRIVER) - EXPLAIN IN NARRATIVE,RAN OFF RD,ROGERSRDSNODDYRD,STOP SIGN,2021-09-21 20:09:00,,,
1040,MONROE SD,BLOOMINGTON,1,0.0,0.0,0,0,,,,ST RD 46,N GETTYS CREEK RD,,,,39.08209,-86.51579,ST RD,N,RURAL,N,N,N,,DARK (NOT LIGHTED),RAIN,WET,,NO JUNCTION INVOLVED,CURVE/LEVEL,ASPHALT,RAN OFF RD RIGHT,RAN OFF RD,NGETTYSCREEKRDST RD 46 W,LN CONTROL,2021-09-21 20:59:00,,,
1041,INDIANA UNIV BLOOMINGTON PD,BLOOMINGTON,2,0.0,0.0,0,0,,,,N FORREST AVE (E),E 7TH ST,,,,39.16527349479528,-86.53094900008051,LOCAL/CITY RD,N,URBAN,N,N,N,,DARK (LIGHTED),RAIN,WET,,T-INTERSECTION,STRAIGHT/LEVEL,ASPHALT,FAILURE TO YIELD RIGHT OF WAY,RIGHT ANGLE,E7THSTNFORRESTAVE,STOP SIGN,2021-09-21 21:20:00,,,
1042,MONROE SD,BLOOMINGTON,2,0.0,0.0,0,0,,,,ST RD 46,N CURRY PK,,,,39.17515370491768,-86.52356993122805,ST RD,N,RURAL,N,N,N,,DARK (LIGHTED),RAIN,WET,,NO JUNCTION INVOLVED,STRAIGHT/GRADE,ASPHALT,DISREGARD SIGNAL/REG SIGN,LEFT/RIGHT TURN,NCURRYPKST RD 46 W,TRAFFIC CONTROL SIGNAL,2021-09-20 05:37:00,,,
1043,MONROE SD,BLOOMINGTON,2,0.0,0.0,0,0,,,,S CURRY PK,W ROLL AVE,,,,39.19238,-86.55264,LOCAL/CITY RD,N,URBAN,N,N,N,,DAWN/DUSK,RAIN,WET,,T-INTERSECTION,STRAIGHT/GRADE,ASPHALT,SPEED TOO FAST FOR WEATHER CONDITIONS,REAR END,SCURRYPKWROLLAVE,NONE,2021-09-20 08:08:00,,,
1044,ISP BLOOMINGTON 33,BLOOMINGTON,2,,0.0,0,0,,118,B,W 3RD ST,I-69 N,,0.0,,39.21501652285066,-86.59281405619723,ST RD,,URBAN,N,N,N,,DAYLIGHT,CLOUDY,WET,,NO JUNCTION INVOLVED,,CONCRETE,OTHER (VEHICLE) - EXPLAIN IN NARRATIVE,SAME DIRECTION SIDESWIPE,ST RD 48atI-69-118-B,,2021-09-20 09:31:00,,,
1045,ELLETTSVILLE PD,ELLETTSVILLE,2,0.0,0.0,0,0,,,,ST RD 46,N HARTSTRAIT RD,,,,39.04907982703503,-86.67988624118198,ST RD,Y,,N,N,N,,DAYLIGHT,CLEAR,DRY,,NO JUNCTION INVOLVED,STRAIGHT/LEVEL,ASPHALT,FAILURE TO YIELD RIGHT OF WAY,LEFT TURN,HARTSTRAITRDST RD 46 W,TRAFFIC CONTROL SIGNAL,2021-09-20 10:10:00,,,
1046,BLOOMINGTON PD,BLOOMINGTON,2,0.0,0.0,0,0,,,,S ADAMS ST,W KIRKWOOD AVE,,100.0,S,39.078034424522066,-86.58355916886352,LOCAL/CITY RD,Y,URBAN,N,N,N,,DAYLIGHT,CLOUDY,DRY,,NO JUNCTION INVOLVED,CURVE/GRADE,ASPHALT,IMPROPER LN USAGE,OPPOSITE DIRECTION SIDESWIPE,ADAMSSTKIRKWOODAVE,LN CONTROL,2021-09-20 10:20:00,,,
1047,ISP BLOOMINGTON 33,BLOOMINGTON,2,,0.0,0,0,,,,I-69 S,,,704.0,,39.049057996155504,-86.67986797761614,INTERSTATE,,URBAN,N,N,N,,DAYLIGHT,CLOUDY,DRY,,NO JUNCTION INVOLVED,,ASPHALT,UNSAFE LN MOVEMENT,SAME DIRECTION SIDESWIPE,116MMI-69SB,,2021-09-20 11:40:00,,,
1048,BLOOMINGTON PD,BLOOMINGTON,2,0.0,1.0,0,0,,,,N SMITH RD,E MORNINGSIDE DR,,,,39.07803606,-86.58355088,LOCAL/CITY RD,N,URBAN,N,N,N,,DAYLIGHT,RAIN,WET,,FOUR-WAY INTERSECTION,CURVE/GRADE,ASPHALT,FOLLOWING TOO CLOSELY,REAR END,EMORNINGSIDEDRSSMITHRD,LN CONTROL,2021-09-20 13:55:00,,,
1049,INDIANA UNIV BLOOMINGTON PD,BLOOMINGTON,2,0.0,1.0,0,0,,,,N FEE LN,N EAGLESON AVE,,,,39.16658547094959,-86.53871919441869,LOCAL/CITY RD,N,URBAN,N,N,N,,DAYLIGHT,RAIN,WET,,FOUR-WAY INTERSECTION,STRAIGHT/LEVEL,ASPHALT,FOLLOWING TOO CLOSELY,REAR END,FEELNEAGLESON AVEAVE,STOP SIGN,2021-09-20 14:08:00,,,
1050,BLOOMINGTON PD,BLOOMINGTON,2,0.0,0.0,0,0,,,,N KINSER PK,W PARRISH RD,,,,39.16658,-86.53361,LOCAL/CITY RD,N,URBAN,N,N,N,,DAYLIGHT,RAIN,WET,,T-INTERSECTION,STRAIGHT/GRADE,ASPHALT,FOLLOWING TOO CLOSELY,REAR END,NORTHKINSERPKWESTPARRISHRD,LN CONTROL,2021-09-20 15:23:00,,,
1051,BLOOMINGTON PD,BLOOMINGTON,2,0.0,1.0,0,0,,,,S CURRY PK,ST RD 45,,,,39.135747800214574,-86.48963292902606,,Y,URBAN,N,N,N,,DAYLIGHT,RAIN,WET,,FOUR-WAY INTERSECTION,STRAIGHT/LEVEL,ASPHALT,FOLLOWING TOO CLOSELY,REAR END,CURRYPKST RD 48,TRAFFIC CONTROL SIGNAL,2021-09-20 15:30:00,,,
1052,MONROE SD,BLOOMINGTON,2,0.0,0.0,0,0,,116,S,I-69 S,W TAPP RD,,,,39.16298823540771,-86.41452032904488,INTERSTATE,N,RURAL,N,N,N,,DAYLIGHT,CLOUDY,DRY,,RAMP,STRAIGHT/LEVEL,ASPHALT,FOLLOWING TOO CLOSELY,REAR END,I-69S,NONE,2021-09-20 15:48:00,,,
1053,INDIANA UNIV BLOOMINGTON PD,BLOOMINGTON,1,0.0,0.0,0,0,,,,N HEADLEY RD,,,200.0,S,39.168425966362925,-86.52239261651376,LOCAL/CITY RD,N,URBAN,N,N,N,,DAYLIGHT,RAIN,WET,,NO JUNCTION INVOLVED,CURVE/HILLCREST,ASPHALT,OVERCORRECTING/OVERSTEERING,RAN OFF RD,HEADLYRDTREADWELLLN,NONE,2021-09-20 15:55:00,,,
1054,BLOOMINGTON PD,BLOOMINGTON,2,0.0,0.0,0,0,,,,W 3RD ST,S MULLER PKWY,,200.0,E,39.193649552625416,-86.57143834226976,LOCAL/CITY RD,Y,URBAN,N,N,N,,DAYLIGHT,CLOUDY,WET,,NO JUNCTION INVOLVED,STRAIGHT/LEVEL,ASPHALT,UNSAFE LN MOVEMENT,SAME DIRECTION SIDESWIPE,SMULLERPKWYW 3RDST,NONE,2021-09-20 16:23:00,,,
1055,BLOOMINGTON PD,BLOOMINGTON,2,0.0,2.0,0,0,,,,ST RD 45/46,N KINSER PK,,,,39.14715590847129,-86.58262829776712,ST RD,N,URBAN,N,Y,N,,DAYLIGHT,CLOUDY,WET,,FOUR-WAY INTERSECTION,STRAIGHT/LEVEL,ASPHALT,FAILURE TO YIELD RIGHT OF WAY,LEFT TURN,NKINSERPKST RD 4546E,TRAFFIC CONTROL SIGNAL,2021-09-20 16:55:00,,,
1056,BLOOMINGTON PD,BLOOMINGTON,2,0.0,1.0,0,0,,,,S SARE RD,E DAVID DR,,150.0,S,39.16451840432768,-86.57306486232991,LOCAL/CITY RD,N,URBAN,N,N,N,,DARK (NOT LIGHTED),CLOUDY,MUDDY,,T-INTERSECTION,STRAIGHT/HILLCREST,ASPHALT,FOLLOWING TOO CLOSELY,REAR END,EASTDAVIDDRSOUTHSARERD,LN CONTROL,2021-09-20 20:32:00,,,
1057,MONROE SD,BLOOMINGTON,1,0.0,0.0,0,0,3270,,,E ROBINSON RD,,,,,39.22764955246777,-86.6159755848727,COUNTY RD,N,RURAL,N,N,N,,DARK (NOT LIGHTED),CLOUDY,DRY,,NO JUNCTION INVOLVED,CURVE/GRADE,ASPHALT,RAN OFF RD RIGHT,RAN OFF RD,ROBINSONRD,NONE,2021-09-20 23:15:00,,,
1058,BLOOMINGTON PD,BLOOMINGTON,3,0.0,0.0,0,0,,,,ST RD 46,E 7TH ST,,,,39.1666885437413,-86.54964008980784,ST RD,N,URBAN,N,N,N,,DAYLIGHT,CLEAR,DRY,,NO JUNCTION INVOLVED,STRAIGHT/GRADE,ASPHALT,FOLLOWING TOO CLOSELY,REAR END,7THSTST RD 46E,NONE,2021-09-19 00:28:00,,,
1059,MONROE SD,BLOOMINGTON,1,0.0,1.0,0,0,7155,,,ST RD 45,,,100.0,W,39.13420162216801,-86.57335507271934,ST RD,N,URBAN,N,N,N,,DARK (NOT LIGHTED),CLEAR,DRY,,NO JUNCTION INVOLVED,CURVE/GRADE,ASPHALT,RAN OFF RD RIGHT,RAN OFF RD,SKIRVINLNST RD 45E,LN CONTROL,2021-09-19 00:35:00,,,
1060,MONROE SD,BLOOMINGTON,1,0.0,0.0,0,0,,,,I-69 S,,,0.0,S,39.166235649140766,-86.48132539236501,ST RD,N,URBAN,N,N,N,,DARK (NOT LIGHTED),CLEAR,DRY,,NO JUNCTION INVOLVED,STRAIGHT/LEVEL,ASPHALT,DRIVER ASLEEP OR FATIGUED,RAN OFF RD,SR69S119.0,LN CONTROL,2021-09-19 02:40:00,,,
1061,BLOOMINGTON PD,BLOOMINGTON,2,0.0,0.0,0,0,,,,ST RD 46,E 7TH ST,,,,39.1837361906421,-86.51919150766994,ST RD,N,URBAN,N,N,N,,DAYLIGHT,CLEAR,DRY,,T-INTERSECTION,STRAIGHT/LEVEL,ASPHALT,FOLLOWING TOO CLOSELY,REAR END,RANGERDST RD 45,NONE,2021-09-19 14:15:00,,,
1062,BLOOMINGTON PD,BLOOMINGTON,2,0.0,0.0,0,0,,,,N WILLIS DR,W 17TH ST,,,,39.18803584235936,-86.53783543201415,LOCAL/CITY RD,N,URBAN,N,N,N,,DAYLIGHT,CLEAR,DRY,,T-INTERSECTION,STRAIGHT/LEVEL,ASPHALT,IMPROPER TURNING,HEAD ON BETWEEN TWO MOTOR VEHICLES,NWILLISDRW17THST,STOP SIGN,2021-09-19 15:16:00,,,
1063,BLOOMINGTON PD,BLOOMINGTON,3,0.0,0.0,0,0,,,,S COLLEGE MALL RD,E 2ND ST,,100.0,S,39.14191075710396,-86.5826298836818,LOCAL/CITY RD,N,URBAN,N,N,N,,DAYLIGHT,CLEAR,DRY,,FOUR-WAY INTERSECTION,STRAIGHT/LEVEL,ASPHALT,UNSAFE LN MOVEMENT,SAME DIRECTION SIDESWIPE,E 2NDSTSCOLLEGEMALLRD,TRAFFIC CONTROL SIGNAL,2021-09-19 16:57:00,,,
1064,BLOOMINGTON PD,BLOOMINGTON,2,0.0,0.0,0,0,,,,S BASSWOOD DR,W BLOOMFIELD RD,,100.0,N,39.136819445577814,-86.57319766846776,LOCAL/CITY RD,N,URBAN,N,N,N,,DAWN/DUSK,CLOUDY,WET,,FOUR-WAY INTERSECTION,CURVE/LEVEL,ASPHALT,RDWAY SURFACE CONDITION,OPPOSITE DIRECTION SIDESWIPE,BASSWOODDRBLOOMFIELDRD,NONE,2021-09-19 19:24:00,,,
1065,INDIANA UNIV BLOOMINGTON PD,BLOOMINGTON,2,0.0,0.0,0,0,,,,ST RD 45/46,E DISCOVERY PKWY,,70.0,S,39.16854607863875,-86.51454627898177,ST RD,N,URBAN,N,N,N,,DAYLIGHT,CLEAR,DRY,,NO JUNCTION INVOLVED,STRAIGHT/LEVEL,ASPHALT,FOLLOWING TOO CLOSELY,REAR END,DISCOVERYPKWYST RD 46S,NONE,2021-09-19 23:56:00,,,
1066,INDIANA UNIV BLOOMINGTON PD,BLOOMINGTON,2,0.0,0.0,0,0,,,,E 10TH ST,N FEE LN,,,,39.164489743026095,-86.56273441845917,LOCAL/CITY RD,N,URBAN,N,N,N,,DARK (LIGHTED),CLEAR,DRY,,NO JUNCTION INVOLVED,STRAIGHT/LEVEL,ASPHALT,DRIVER DISTRACTED - EXPLAIN IN NARRATIVE,REAR END,FEELNTENTHST,NONE,2021-09-18 00:13:00,,,
1067,BLOOMINGTON PD,BLOOMINGTON,2,0.0,0.0,0,0,,,,N LINCOLN ST,E 9TH ST,,,,39.18642,-86.53771,LOCAL/CITY RD,N,URBAN,N,N,N,,DARK (LIGHTED),CLEAR,DRY,,T-INTERSECTION,STRAIGHT/GRADE,ASPHALT,IMPROPER LN USAGE,SAME DIRECTION SIDESWIPE,9THSTNLINCOLNST,NONE,2021-09-18 01:40:00,,,
1068,BLOOMINGTON PD,BLOOMINGTON,2,0.0,0.0,0,0,501,,,E DODDS ST,S DUNN ST,,,,39.13855346971309,-86.49659274607255,LOCAL/CITY RD,Y,URBAN,N,N,N,,DAYLIGHT,CLEAR,DRY,,NO JUNCTION INVOLVED,STRAIGHT/LEVEL,ASPHALT,FAILURE TO YIELD RIGHT OF WAY,,EDODDSST,NONE,2021-09-18 10:00:00,,,
1069,BLOOMINGTON PD,BLOOMINGTON,3,0.0,2.0,0,0,,,,ST RD 46,ST RD 46,,,,39.24067402475784,-86.49754949709504,ST RD,N,URBAN,N,N,N,,DAYLIGHT,CLEAR,DRY,,FOUR-WAY INTERSECTION,STRAIGHT/LEVEL,ASPHALT,DRIVER ILLNESS,LEFT TURN,COLLEGEMALLRDST RD 46 W,TRAFFIC CONTROL SIGNAL,2021-09-18 10:51:00,,,
1070,BLOOMINGTON PD,BLOOMINGTON,2,0.0,0.0,0,0,,,,W ALLEN ST,,,500.0,W,39.16762500404911,-86.50003964853781,LOCAL/CITY RD,N,URBAN,N,N,N,,DAYLIGHT,CLEAR,DRY,,NO JUNCTION INVOLVED,STRAIGHT/GRADE,ASPHALT,LEFT OF CENTER,OPPOSITE DIRECTION SIDESWIPE,SADAMSSTWALLENST,LN CONTROL,2021-09-18 11:00:00,,,
1071,ELLETTSVILLE PD,ELLETTSVILLE,2,0.0,0.0,0,0,,,,ST RD 46,N UNION VALLEY RD,,,,39.227512728885905,-86.43445713789484,ST RD,N,URBAN,N,N,N,,DAYLIGHT,CLEAR,DRY,,NO JUNCTION INVOLVED,STRAIGHT/LEVEL,ASPHALT,FOLLOWING TOO CLOSELY,REAR END,ST RD 46 WUNIONVALLEYDR,TRAFFIC CONTROL SIGNAL,2021-09-18 11:53:00,,,
1072,MONROE SD,BLOOMINGTON,1,0.0,0.0,0,0,,,,ST RD 37,,,1000.0,S,-9.666346169571475e-06,-2.7972753416849185e-05,,Y,RURAL,N,N,Y,LN CLOSURE,DAYLIGHT,CLEAR,DRY,,NO JUNCTION INVOLVED,CURVE/LEVEL,ASPHALT,OTHER (DRIVER) - EXPLAIN IN NARRATIVE,OTHER - EXPLAIN IN NARRATIVE,S ST RD 37WVICTORPK,NONE,2021-09-18 15:30:00,,,
1073,BLOOMINGTON PD,BLOOMINGTON,2,0.0,0.0,0,0,,,,N WALNUT ST,W KIRKWOOD AVE,,,,39.16763222629942,-86.50006636082271,LOCAL/CITY RD,N,URBAN,N,N,N,,DAYLIGHT,CLEAR,DRY,,FOUR-WAY INTERSECTION,STRAIGHT/LEVEL,ASPHALT,UNSAFE LN MOVEMENT,SAME DIRECTION SIDESWIPE,NWALNUTSTWKIRKWOODAVE,TRAFFIC CONTROL SIGNAL,2021-09-18 16:39:00,,,
1074,BLOOMINGTON PD,BLOOMINGTON,2,0.0,0.0,0,0,,,,N WASHINGTON ST,E 12TH ST,,,,39.17903678975538,-86.54408958773433,LOCAL/CITY RD,Y,URBAN,N,N,N,,UNKNOWN,CLEAR,DRY,,T-INTERSECTION,STRAIGHT/LEVEL,ASPHALT,UNSAFE BACKING,BACKING CRASH,E12THSTNWASHINGTONST,NONE,2021-09-18 17:11:00,,,
1075,MONROE SD,BLOOMINGTON,2,0.0,0.0,0,0,5736,,,ST RD 46,,,,,39.16089357035845,-86.49772194219858,UNKNOWN,N,RURAL,N,N,N,,DARK (NOT LIGHTED),CLEAR,DRY,,NO JUNCTION INVOLVED,CURVE/GRADE,ASPHALT,UNSAFE BACKING,RIGHT ANGLE,ESTRD46HWY,LN CONTROL,2021-09-18 23:00:00,,,
1076,INDIANA UNIV BLOOMINGTON PD,BLOOMINGTON,2,0.0,0.0,0,0,,,,N DUNN ST,ENTRANCE TO IU  9,,450.0,N,39.14977,-86.56889,LOCAL/CITY RD,N,URBAN,N,N,N,,DARK (LIGHTED),CLEAR,DRY,,NO JUNCTION INVOLVED,STRAIGHT/LEVEL,ASPHALT,DRIVER DISTRACTED - EXPLAIN IN NARRATIVE,REAR END,DUNNSTEVARSITYLN,LN CONTROL,2021-09-18 23:29:00,,,
1077,BLOOMINGTON PD,BLOOMINGTON,4,0.0,0.0,0,0,,,,E 3RD ST,S HILLSDALE DR,,500.0,W,39.1714559397395,-86.49539301381306,LOCAL/CITY RD,N,URBAN,N,N,N,,DAYLIGHT,CLEAR,DRY,,NO JUNCTION INVOLVED,STRAIGHT/LEVEL,ASPHALT,FOLLOWING TOO CLOSELY,REAR END,3RDSTHILLSDALEDR,NONE,2021-09-17 00:08:00,,,
1078,MONROE SD,BLOOMINGTON,1,0.0,0.0,0,0,,,,E ROBINSON RD,,,200.0,W,39.17159796924429,-86.51901333439166,COUNTY RD,N,RURAL,N,N,N,,DAYLIGHT,CLEAR,DRY,,NO JUNCTION INVOLVED,CURVE/GRADE,ASPHALT,RAN OFF RD RIGHT,RAN OFF RD,EROBINSONRDNMILLERRD,LN CONTROL,2021-09-17 07:39:00,,,
1079,INDIANA UNIV BLOOMINGTON PD,BLOOMINGTON,2,0.0,0.0,0,0,,,,E 3RD ST,N UNION ST,,,,39.17040902284154,-86.53108352714109,LOCAL/CITY RD,N,URBAN,N,N,N,,DAYLIGHT,CLEAR,DRY,,T-INTERSECTION,STRAIGHT/LEVEL,ASPHALT,DISREGARD SIGNAL/REG SIGN,LEFT TURN,3RDSTUNIONST,STOP SIGN,2021-09-17 08:03:00,,,
1080,INDIANA UNIV BLOOMINGTON PD,BLOOMINGTON,3,0.0,0.0,0,0,,,,E 10TH ST,N WALNUT GROVE ST,,,,39.15729866527655,-86.52808332643217,LOCAL/CITY RD,N,URBAN,N,N,N,,DAYLIGHT,CLEAR,DRY,,NO JUNCTION INVOLVED,STRAIGHT/LEVEL,ASPHALT,FOLLOWING TOO CLOSELY,REAR END,TENTHSTWALNUTGROVEST,NONE,2021-09-17 08:35:00,,,
1081,BLOOMINGTON PD,BLOOMINGTON,2,0.0,0.0,0,0,,,,S PATTERSON DR,W ISAACS DR,,,,39.18624034576921,-86.5316454364328,LOCAL/CITY RD,N,URBAN,Y,N,N,,DAYLIGHT,CLEAR,DRY,,FOUR-WAY INTERSECTION,STRAIGHT/LEVEL,ASPHALT,FAILURE TO YIELD RIGHT OF WAY,RIGHT ANGLE,SPATTERSONDRW 3RDST,STOP SIGN,2021-09-17 10:16:00,,,
1082,MONROE SD,BLOOMINGTON,2,0.0,0.0,0,0,,,,N HARTSTRAIT RD,W RATLIFF RD,,,,39.15594362236729,-86.55062136853421,LOCAL/CITY RD,N,RURAL,N,N,N,,DAYLIGHT,CLEAR,DRY,,T-INTERSECTION,STRAIGHT/HILLCREST,ASPHALT,FAILURE TO YIELD RIGHT OF WAY,RIGHT ANGLE,NHARTSTRAITRDWRATLIFFRD,NONE,2021-09-17 10:24:00,,,
1083,BLOOMINGTON PD,BLOOMINGTON,2,0.0,0.0,0,0,,,,E 16TH ST,N LINCOLN ST,,600.0,E,39.21509577235875,-86.5926855655592,LOCAL/CITY RD,N,URBAN,N,N,N,,DAYLIGHT,CLEAR,DRY,,NO JUNCTION INVOLVED,STRAIGHT/HILLCREST,ASPHALT,OTHER (VEHICLE) - EXPLAIN IN NARRATIVE,SAME DIRECTION SIDESWIPE,E16THSTNLINCOLNST,NONE,2021-09-17 10:58:00,,,
1084,BLOOMINGTON PD,BLOOMINGTON,2,0.0,0.0,0,0,,,,N WALNUT ST,ST RD 45/46,,,,-2.447877968683679e-05,-1.8276690091182954e-05,LOCAL/CITY RD,Y,URBAN,Y,,N,,DAYLIGHT,CLEAR,DRY,,FOUR-WAY INTERSECTION,STRAIGHT/GRADE,ASPHALT,UNSAFE LN MOVEMENT,SAME DIRECTION SIDESWIPE,NORTHWALNUTSTWESTSTATERD4546BYP,TRAFFIC CONTROL SIGNAL,2021-09-17 11:40:00,,,
1085,BLOOMINGTON PD,BLOOMINGTON,2,0.0,1.0,0,0,,,,ST RD 46,E ASTGATE LN (N),,,,39.166569422034144,-86.53364284403072,ST RD,N,URBAN,N,N,N,,DAYLIGHT,CLEAR,DRY,,T-INTERSECTION,STRAIGHT/GRADE,CONCRETE,FOLLOWING TOO CLOSELY,REAR END,EASTGATELNST RD 46E,LN CONTROL,2021-09-17 12:05:00,,,
1086,BLOOMINGTON PD,BLOOMINGTON,2,0.0,0.0,0,0,,,,W 17TH ST,N WOODBURN AVE,,,,39.17438,-86.53229,LOCAL/CITY RD,N,URBAN,N,N,N,,DAYLIGHT,CLEAR,DRY,,FOUR-WAY INTERSECTION,STRAIGHT/GRADE,ASPHALT,FOLLOWING TOO CLOSELY,SAME DIRECTION SIDESWIPE,NWOODBURNAVEW17THST,NONE,2021-09-17 12:05:00,,,
1087,INDIANA UNIV BLOOMINGTON PD,BLOOMINGTON,4,0.0,0.0,0,0,,,,E 17TH ST,N DUNN ST,,,,39.1634934026913,-86.44874679991376,LOCAL/CITY RD,N,URBAN,N,N,N,,DAYLIGHT,CLEAR,DRY,,FOUR-WAY INTERSECTION,STRAIGHT/LEVEL,ASPHALT,FAILURE TO YIELD RIGHT OF WAY,LEFT TURN,DUNNSTEAST17THST,TRAFFIC CONTROL SIGNAL,2021-09-17 13:12:00,,,
1088,BLOOMINGTON PD,BLOOMINGTON,2,0.0,0.0,0,0,,,,N PETE LLIS DR,E LONGVIEW AVE,,,,39.191768985349476,-86.5286090584042,LOCAL/CITY RD,N,URBAN,N,N,N,,DAYLIGHT,CLEAR,DRY,,FOUR-WAY INTERSECTION,STRAIGHT/LEVEL,ASPHALT,FAILURE TO YIELD RIGHT OF WAY,RIGHT ANGLE,ELONGVIEWDRNPETEELLISDR,STOP SIGN,2021-09-17 15:45:00,,,
1089,INDIANA UNIV BLOOMINGTON PD,BLOOMINGTON,2,0.0,0.0,0,0,,,,E 17TH ST,N WALNUT GROVE ST,,,,39.164266607111806,-86.5026979145678,UNKNOWN,N,URBAN,N,N,N,,DARK (LIGHTED),CLEAR,DRY,,NO JUNCTION INVOLVED,STRAIGHT/LEVEL,ASPHALT,UNSAFE BACKING,BACKING CRASH,EAST17THSTWALNUTGROVEST,NONE,2021-09-17 22:30:00,,,
1090,MONROE SD,ELLETTSVILLE,1,0.0,0.0,0,0,,,,N UNION VALLEY RD,W CRESTWOOD DR,,,,39.251056,-86.469904,LOCAL/CITY RD,N,URBAN,N,N,N,,DARK (NOT LIGHTED),CLEAR,DRY,,T-INTERSECTION,STRAIGHT/GRADE,ASPHALT,RAN OFF RD RIGHT,RAN OFF RD,NUNIONVALLEYRDWCRESTWOODDR,NONE,2021-09-16 06:47:00,,,
1091,BLOOMINGTON PD,BLOOMINGTON,1,0.0,0.0,0,0,,,,I-69 N,,,2500.0,S,39.16426486171488,-86.50942538568754,ST RD,N,URBAN,N,N,N,,DAWN/DUSK,CLOUDY,DRY,,NO JUNCTION INVOLVED,STRAIGHT/LEVEL,ASPHALT,OVERCORRECTING/OVERSTEERING,RAN OFF RD,SR69NWTAPPRD,NONE,2021-09-16 06:50:00,,,
1092,BLOOMINGTON PD,BLOOMINGTON,2,0.0,1.0,0,0,,,,N WALNUT ST,ENTRANCE TO SPEEDWAY GAS STATION,,1000.0,S,39.17162,-86.52098,LOCAL/CITY RD,N,URBAN,N,N,N,,DAWN/DUSK,CLEAR,DRY,,NO JUNCTION INVOLVED,STRAIGHT/LEVEL,ASPHALT,FOLLOWING TOO CLOSELY,REAR END,BLUERIDGEDRWALNUTST,NONE,2021-09-16 06:56:00,,,
1093,BLOOMINGTON PD,BLOOMINGTON,2,0.0,1.0,0,0,,,,S PATTERSON DR,W ISAACS DR,,,,39.16342380304862,-86.55126628811121,LOCAL/CITY RD,N,URBAN,N,N,N,,DAYLIGHT,CLOUDY,DRY,,FOUR-WAY INTERSECTION,STRAIGHT/LEVEL,ASPHALT,FAILURE TO YIELD RIGHT OF WAY,HEAD ON BETWEEN TWO MOTOR VEHICLES,SPATTERSONDRW 3RDST,LN CONTROL,2021-09-16 09:27:00,,,
1094,MONROE SD,BLOOMINGTON,1,0.0,0.0,0,0,,,,ST RD 446,E MERRITT DR,,900.0,N,39.20911,-86.61137,ST RD,N,RURAL,N,N,N,,DAYLIGHT,CLEAR,DRY,,NO JUNCTION INVOLVED,CURVE/LEVEL,ASPHALT,ANIMAL/OBJECT IN RDWAY,RAN OFF RD,EMERRITTDRST RD 446S,NONE,2021-09-16 11:49:00,,,
1095,BLOOMINGTON PD,BLOOMINGTON,2,0.0,0.0,0,0,,,,N COLLEGE AVE,W 6TH ST,,200.0,N,39.17775403874435,-86.53098123956971,LOCAL/CITY RD,N,URBAN,N,N,N,,DAYLIGHT,CLEAR,DRY,,FOUR-WAY INTERSECTION,STRAIGHT/LEVEL,ASPHALT,OVERSIZE/OVERWEIGHT LOAD,SAME DIRECTION SIDESWIPE,NCOLLEGEAVEW6THST,TRAFFIC CONTROL SIGNAL,2021-09-16 12:34:00,,,
1096,BLOOMINGTON PD,BLOOMINGTON,2,0.0,0.0,0,0,,,,W 17TH ST,N WOODBURN AVE,,,,39.18620870361613,-86.53454510844307,LOCAL/CITY RD,N,URBAN,N,N,N,,DAYLIGHT,CLEAR,DRY,,NO JUNCTION INVOLVED,CURVE/LEVEL,ASPHALT,IMPROPER LN USAGE,SAME DIRECTION SIDESWIPE,NWOODBURNAVEW17THST,NONE,2021-09-16 12:37:00,,,
1097,BLOOMINGTON PD,BLOOMINGTON,3,0.0,0.0,0,0,,,,W 2ND ST,S EUCLID AVE,,,,39.17016,-86.50137,LOCAL/CITY RD,N,URBAN,N,N,N,,DAYLIGHT,CLEAR,DRY,,T-INTERSECTION,STRAIGHT/LEVEL,ASPHALT,FOLLOWING TOO CLOSELY,REAR END,SEUCLIDAVEW 2NDST,NONE,2021-09-16 15:04:00,,,