_id,Agency,City,Vehicles Involved,Trailers Involved,Number Injured,Number Dead,Number Deer,House Number,Roadway Interchange,Roadway Ramp,Roadway Id,Intersecting Road,Interchange,Feet From,Direction,Latitude,Longitude,Roadway Class,Hit and Run?,Locality,School Zone?,Rumble Strips?,Construction?,Construction Type,Light Condition,Weather Conditions,Surface Condition,Type of Median,Roadway Junction Type,Road Character,Roadway Surface,Primary Factor,Manner of Collision,Unique Location Id,Traffic Control,DateTime,Address Number,Cyclist Involved,Pedestrian Involved
1098,ELLETTSVILLE PD,ELLETTSVILLE,1,0.0,0.0,0,0,,,,ST RD 46,BRIAR GATE DR,,,,39.17902,-86.53594,ST RD,N,URBAN,N,N,N,,DAYLIGHT,CLEAR,DRY,,T-INTERSECTION,STRAIGHT/LEVEL,ASPHALT,OTHER (VEHICLE) - EXPLAIN IN NARRATIVE,OTHER - EXPLAIN IN NARRATIVE,BRIARGATEDRST RD 46 W,NONE,2021-09-16 16:09:00,,,
1099,MONROE SD,ELLETTSVILLE,2,0.0,0.0,0,0,,,,N MATTHEWS DR,,,900.0,W,39.170136334445374,-86.5014031197955,LOCAL/CITY RD,N,RURAL,N,N,N,,DAYLIGHT,CLEAR,DRY,,T-INTERSECTION,CURVE/GRADE,ASPHALT,OTHER (DRIVER) - EXPLAIN IN NARRATIVE,SAME DIRECTION SIDESWIPE,NMATTHEWSDRWDELAPRD,NONE,2021-09-16 16:25:00,,,
1100,MONROE SD,BLOOMINGTON,2,0.0,1.0,0,0,,,,S WALNUT ST,ENTRANCE TO CLEAR CREEK CROSSING (S),,500.0,S,39.17898042179955,-86.535976568173,ST RD,N,RURAL,N,N,N,,DAYLIGHT,CLEAR,DRY,,NO JUNCTION INVOLVED,STRAIGHT/LEVEL,CONCRETE,FAILURE TO YIELD RIGHT OF WAY,RIGHT ANGLE,ERHORERRDS ST RD 37,NONE,2021-09-16 16:35:00,,,
1101,INDIANA UNIV BLOOMINGTON PD,BLOOMINGTON,3,0.0,0.0,0,0,,,,ST RD 45/46,E DISCOVERY PKWY,,,,39.17895829384966,-86.52832233187621,ST RD,N,URBAN,N,N,N,,DAYLIGHT,CLEAR,DRY,,INTERCHANGE,STRAIGHT/LEVEL,ASPHALT,FOLLOWING TOO CLOSELY,REAR END,DISCOVERYPKWYST RD 46S,TRAFFIC CONTROL SIGNAL,2021-09-16 17:40:00,,,
1102,MONROE SD,BLOOMINGTON,1,0.0,1.0,0,0,,,,E SMITHVILLE RD,,,200.0,E,39.16688562855332,-86.49491948954758,LOCAL/CITY RD,N,RURAL,N,N,N,,DAYLIGHT,CLEAR,DRY,,FOUR-WAY INTERSECTION,STRAIGHT/LEVEL,ASPHALT,RAN OFF RD RIGHT,RAN OFF RD,ESMITHVILLERDS ST RD 37,NONE,2021-09-16 18:17:00,,,
1103,BLOOMINGTON PD,BLOOMINGTON,2,0.0,0.0,0,0,,,,N WALNUT ST,W 7TH ST,,,,39.178971012242215,-86.52110015961145,LOCAL/CITY RD,N,URBAN,N,N,N,,DAYLIGHT,CLEAR,DRY,,FOUR-WAY INTERSECTION,STRAIGHT/LEVEL,ASPHALT,IMPROPER TURNING,LEFT TURN,NWALNUTSTW7THST,TRAFFIC CONTROL SIGNAL,2021-09-16 19:18:00,,,
1104,BLOOMINGTON PD,BLOOMINGTON,2,0.0,0.0,0,0,,,,ST RD 45/46,N MARTHA ST,,,,39.21766,-86.59267,ST RD,N,URBAN,N,N,N,,DARK (NOT LIGHTED),CLEAR,DRY,,NO JUNCTION INVOLVED,STRAIGHT/LEVEL,ASPHALT,UNSAFE LN MOVEMENT,HEAD ON BETWEEN TWO MOTOR VEHICLES,MARTHASTST RD 4546E,LN CONTROL,2021-09-16 21:21:00,,,
1105,BLOOMINGTON PD,BLOOMINGTON,1,0.0,0.0,0,0,,,,W 11TH ST,N FOUNTAIN DR,,,,38.87219324,-86.55027809,LOCAL/CITY RD,N,URBAN,N,N,N,,DARK (LIGHTED),CLEAR,DRY,,T-INTERSECTION,CURVE/LEVEL,ASPHALT,RAN OFF RD RIGHT,RAN OFF RD,NFOUNTAINDRW11THST,STOP SIGN,2021-09-16 23:40:00,,,
1106,ELLETTSVILLE PD,ELLETTSVILLE,1,0.0,0.0,0,0,,,,S SALE ST,W OAK ST,,,,39.19400243771447,-86.5330863097784,LOCAL/CITY RD,N,URBAN,N,N,N,,DAYLIGHT,CLOUDY,WET,,FOUR-WAY INTERSECTION,STRAIGHT/LEVEL,ASPHALT,SPEED TOO FAST FOR WEATHER CONDITIONS,RAN OFF RD,OAKSTSALEST,LN CONTROL,2021-09-15 07:25:00,,,
1107,BLOOMINGTON PD,BLOOMINGTON,2,0.0,1.0,0,0,,,,N GRANT ST,E ALICE ST,,,,39.16343,-86.55123,LOCAL/CITY RD,N,URBAN,N,N,N,,DAYLIGHT,RAIN,WET,,FOUR-WAY INTERSECTION,STRAIGHT/LEVEL,ASPHALT,FAILURE TO YIELD RIGHT OF WAY,RIGHT ANGLE,EALICESTNGRANTST,NONE,2021-09-15 09:59:00,,,
1108,MONROE SD,BLOOMINGTON,1,0.0,0.0,0,0,,,,S SHIELDS RIDGE RD,E PAYNETOWN RD,,300.0,S,39.09965,-86.42515,LOCAL/CITY RD,N,URBAN,N,N,N,,DAYLIGHT,RAIN,WET,,T-INTERSECTION,CURVE/GRADE,ASPHALT,RAN OFF RD RIGHT,RAN OFF RD,EPAYNETOWNRDSHIELDSRIDGERD,NONE,2021-09-15 10:36:00,,,
1109,INDIANA UNIV BLOOMINGTON PD,BLOOMINGTON,1,0.0,1.0,0,0,,,,E 11TH ST,N FEE LN,,,,39.1675292064436,-86.53486116912129,LOCAL/CITY RD,N,URBAN,N,N,N,,DAYLIGHT,CLOUDY,DRY,,FOUR-WAY INTERSECTION,STRAIGHT/LEVEL,ASPHALT,OTHER (DRIVER) - EXPLAIN IN NARRATIVE,OTHER - EXPLAIN IN NARRATIVE,E11THSTFEELN,STOP SIGN,2021-09-15 10:48:00,,True,
1110,INDIANA UNIV BLOOMINGTON PD,BLOOMINGTON,2,0.0,0.0,0,0,,,,S ARBUTUS DR,E 3RD ST,,,,39.178975247593776,-86.5359781722465,LOCAL/CITY RD,N,URBAN,N,N,N,,DAYLIGHT,CLEAR,DRY,,T-INTERSECTION,STRAIGHT/LEVEL,ASPHALT,DRIVER DISTRACTED - EXPLAIN IN NARRATIVE,REAR END,ARBUTUSDR3RDST,STOP SIGN,2021-09-15 17:48:00,,,
1111,MONROE SD,BLOOMINGTON,2,0.0,0.0,0,0,,,,S VICTOR PK,ST RD 37,,,,39.16136503237945,-86.5433928981037,COUNTY RD,N,RURAL,N,N,N,,DARK (LIGHTED),CLEAR,DRY,,FOUR-WAY INTERSECTION,STRAIGHT/LEVEL,ASPHALT,UNSAFE BACKING,BACKING CRASH,SOUTHVICTORPKS ST RD 37,NONE,2021-09-15 20:08:00,,,
1112,BLOOMINGTON PD,BLOOMINGTON,2,0.0,0.0,0,0,,,,E N DR,S WALNUT ST,,100.0,E,39.21658401942782,-86.59642639028007,LOCAL/CITY RD,N,URBAN,Y,N,N,,DAYLIGHT,CLEAR,DRY,,NO JUNCTION INVOLVED,STRAIGHT/LEVEL,ASPHALT,FOLLOWING TOO CLOSELY,SAME DIRECTION SIDESWIPE,ENORTHDRSWALNUTST,NONE,2021-09-14 07:53:00,,,
1113,ELLETTSVILLE PD,ELLETTSVILLE,2,0.0,0.0,0,0,,,,S SALE ST,W VINE ST,,,,39.252068346795255,-86.62059303306262,LOCAL/CITY RD,N,URBAN,N,N,N,,DAYLIGHT,CLEAR,DRY,,NO JUNCTION INVOLVED,STRAIGHT/LEVEL,ASPHALT,FAILURE TO YIELD RIGHT OF WAY,RIGHT ANGLE,SALESTVINEST,NONE,2021-09-14 08:04:00,,,
1114,BLOOMINGTON PD,BLOOMINGTON,2,0.0,0.0,0,0,,,,W COUNTRY CLUB DR,S WALNUT ST,,,,39.14299622641021,-86.53153951610922,LOCAL/CITY RD,N,URBAN,N,N,N,,DAYLIGHT,CLEAR,DRY,,FOUR-WAY INTERSECTION,STRAIGHT/LEVEL,ASPHALT,UNSAFE BACKING,BACKING CRASH,COUNTRYCLUBDRSWALNUTST,TRAFFIC CONTROL SIGNAL,2021-09-14 09:11:00,,,
1115,BLOOMINGTON PD,BLOOMINGTON,2,0.0,0.0,0,0,,,,S WALNUT ST,W SMITH AVE,,,,39.17144790378149,-86.49537880884286,LOCAL/CITY RD,N,URBAN,N,N,N,,DAYLIGHT,CLEAR,DRY,,NO JUNCTION INVOLVED,STRAIGHT/LEVEL,ASPHALT,UNSAFE LN MOVEMENT,SAME DIRECTION SIDESWIPE,ESMITHAVESWALNUTST,NONE,2021-09-14 09:24:00,,,
1116,BLOOMINGTON PD,BLOOMINGTON,2,0.0,0.0,0,0,,,,ST RD 46,S PETE LLIS DR,,,,39.07103130175676,-86.53564431708219,LOCAL/CITY RD,N,URBAN,N,N,N,,DAYLIGHT,CLEAR,DRY,,T-INTERSECTION,STRAIGHT/LEVEL,ASPHALT,FOLLOWING TOO CLOSELY,REAR END,E 3RDSTPETEELLISDR,TRAFFIC CONTROL SIGNAL,2021-09-14 11:55:00,,,
1117,BLOOMINGTON PD,BLOOMINGTON,2,0.0,0.0,0,0,,,,W 3RD ST,I-69,,,,39.168502598224016,-86.53362431142338,LOCAL/CITY RD,N,URBAN,N,N,N,,DAYLIGHT,CLEAR,DRY,,FOUR-WAY INTERSECTION,STRAIGHT/LEVEL,ASPHALT,FOLLOWING TOO CLOSELY,REAR END,I-6937OVERPASSHWYW 3RDST,TRAFFIC CONTROL SIGNAL,2021-09-14 14:42:00,,,
1118,BLOOMINGTON PD,BLOOMINGTON,2,0.0,0.0,0,0,,,,S WALNUT ST,E RHORER RD,,,,39.18624400241088,-86.5316533902891,LOCAL/CITY RD,Y,URBAN,Y,N,N,,DAYLIGHT,CLEAR,DRY,,FOUR-WAY INTERSECTION,STRAIGHT/LEVEL,ASPHALT,FAILURE TO YIELD RIGHT OF WAY,RIGHT ANGLE,EASTRHORERRDSOUTHOLDSTATERD37HWY,TRAFFIC CONTROL SIGNAL,2021-09-14 15:17:00,,,
1119,INDIANA UNIV BLOOMINGTON PD,BLOOMINGTON,2,0.0,0.0,0,0,,,,ST RD 45/46,E DISCOVERY PKWY,,,,39.17327117467383,-86.55512861460026,ST RD,N,URBAN,N,N,N,,DAYLIGHT,CLEAR,DRY,,FOUR-WAY INTERSECTION,STRAIGHT/LEVEL,ASPHALT,FOLLOWING TOO CLOSELY,REAR END,EASTDISCOVERYPKWYST RD 46E,TRAFFIC CONTROL SIGNAL,2021-09-14 15:20:00,,,
1120,INDIANA UNIV BLOOMINGTON PD,BLOOMINGTON,2,0.0,0.0,0,0,,,,E ATWATER AVE,S ARBUTUS DR,,,,39.23246,-86.62621,LOCAL/CITY RD,N,URBAN,N,N,N,,DAYLIGHT,CLEAR,DRY,,NO JUNCTION INVOLVED,STRAIGHT/LEVEL,ASPHALT,ANIMAL/OBJECT IN RDWAY,COLLISION WITH OBJECT IN RD,ARBUTUSDRATWATERAVE,NONE,2021-09-14 17:40:00,,,
1121,BLOOMINGTON PD,BLOOMINGTON,1,0.0,0.0,0,0,,,,N DUNN ST,E 13TH ST,,,,39.1699160513947,-86.52977674929316,LOCAL/CITY RD,N,URBAN,N,N,N,,DAYLIGHT,CLEAR,DRY,,T-INTERSECTION,CURVE/GRADE,ASPHALT,UNSAFE SPEED,RAN OFF RD,EAST13THSTNORTHDUNNST,LN CONTROL,2021-09-14 19:18:00,,,
1122,BLOOMINGTON PD,BLOOMINGTON,2,0.0,0.0,0,0,507,,,W DIXIE ST,,,,,39.089696491202616,-86.47717944917127,LOCAL/CITY RD,Y,URBAN,N,N,N,,DAWN/DUSK,CLEAR,DRY,,NO JUNCTION INVOLVED,STRAIGHT/LEVEL,ASPHALT,IMPROPER TURNING,REAR END,WDIXIEST,NONE,2021-09-14 20:09:00,,,
1123,BLOOMINGTON PD,BLOOMINGTON,2,0.0,1.0,0,0,,,,N COLLEGE AVE,W 8TH ST,,,,39.17327647243006,-86.51893665065684,LOCAL/CITY RD,N,URBAN,N,N,N,,DARK (NOT LIGHTED),CLEAR,DRY,,FOUR-WAY INTERSECTION,STRAIGHT/GRADE,ASPHALT,UNSAFE LN MOVEMENT,REAR END,NCOLLEGEAVEW8THST,NONE,2021-09-14 20:48:00,,,
1124,BLOOMINGTON PD,BLOOMINGTON,2,0.0,2.0,0,0,,,,ST RD 45/46,N KINSER PK,,,,39.16423953741739,-86.51220055023168,LOCAL/CITY RD,N,URBAN,N,N,N,,DARK (LIGHTED),CLEAR,DRY,,FOUR-WAY INTERSECTION,STRAIGHT/LEVEL,ASPHALT,FAILURE TO YIELD RIGHT OF WAY,LEFT TURN,NKINSERPKW4546STATERD,NONE,2021-09-14 21:06:00,,,
1125,BLOOMINGTON PD,BLOOMINGTON,2,0.0,0.0,0,0,,,,S LEONARD SPRINGS RD,W FAIRINGTON DR,,100.0,S,39.10553,-86.55144,LOCAL/CITY RD,Y,URBAN,N,N,N,,DAYLIGHT,CLEAR,DRY,,T-INTERSECTION,STRAIGHT/GRADE,ASPHALT,FOLLOWING TOO CLOSELY,REAR END,SLEONARDSPRINGSDRWBARGELN,LN CONTROL,2021-09-13 07:03:00,,,
1126,INDIANA UNIV BLOOMINGTON PD,BLOOMINGTON,2,0.0,1.0,0,0,,,,E 17TH ST,ST RD 45/46,,,,39.1430237134842,-86.53153771785028,LOCAL/CITY RD,N,URBAN,N,N,N,,DAYLIGHT,CLEAR,DRY,,T-INTERSECTION,STRAIGHT/LEVEL,ASPHALT,FOLLOWING TOO CLOSELY,REAR END,EAST17THSTST RD 46,TRAFFIC CONTROL SIGNAL,2021-09-13 12:43:00,,,
1127,MONROE SD,BLOOMINGTON,2,0.0,0.0,0,0,,,,S CURRY PK,W GIFFORD,,50.0,N,39.23435,-86.6241,COUNTY RD,N,RURAL,N,N,N,,DAYLIGHT,CLEAR,DRY,,FOUR-WAY INTERSECTION,STRAIGHT/LEVEL,ASPHALT,IMPROPER TURNING,LEFT TURN,SCURRYPKWGIFFORDRD,TRAFFIC CONTROL SIGNAL,2021-09-13 14:58:00,,,
1128,MONROE SD,BLOOMINGTON,3,0.0,0.0,0,0,,,,S CURRY PK,W LOROY AVE,,100.0,S,39.13597,-86.53111,LOCAL/CITY RD,N,RURAL,N,N,N,,DAYLIGHT,CLEAR,DRY,,T-INTERSECTION,STRAIGHT/LEVEL,ASPHALT,FOLLOWING TOO CLOSELY,REAR END,SCURRYPKWLOROYAVE,NONE,2021-09-13 16:28:00,,,
1129,INDIANA UNIV BLOOMINGTON PD,BLOOMINGTON,2,0.0,0.0,0,0,,,,S HIGHLAND AVE,E ATWATER AVE,,,,39.16280958207711,-86.53365390422644,LOCAL/CITY RD,N,URBAN,N,N,N,,DAYLIGHT,CLEAR,DRY,,FOUR-WAY INTERSECTION,STRAIGHT/GRADE,ASPHALT,FAILURE TO YIELD RIGHT OF WAY,RIGHT ANGLE,ATWATERAVEHIGHLANDAVE,STOP SIGN,2021-09-13 16:45:00,,,
1130,BLOOMINGTON PD,BLOOMINGTON,2,0.0,1.0,0,0,,,,S PATTERSON DR,W 2ND ST,,100.0,S,39.164170110689426,-86.49496282232295,LOCAL/CITY RD,N,URBAN,N,N,N,,DAYLIGHT,CLEAR,DRY,,NO JUNCTION INVOLVED,STRAIGHT/LEVEL,ASPHALT,FOLLOWING TOO CLOSELY,REAR END,SOUTHPATTERSONDRWEST2NDST,LN CONTROL,2021-09-13 17:25:00,,,
1131,BLOOMINGTON PD,BLOOMINGTON,2,0.0,0.0,0,0,,,,ST RD 46,S PETE LLIS DR,,,,39.16451656039577,-86.57328051953941,LOCAL/CITY RD,N,URBAN,N,N,N,,DAYLIGHT,CLEAR,DRY,,T-INTERSECTION,STRAIGHT/LEVEL,ASPHALT,FOLLOWING TOO CLOSELY,REAR END,E 3RDSTSPETEELLISDR,TRAFFIC CONTROL SIGNAL,2021-09-13 17:43:00,,,
1132,INDIANA UNIV BLOOMINGTON PD,BLOOMINGTON,2,0.0,0.0,0,0,800,,,E ATWATER AVE,,,,,39.1214431939069,-86.53136487922954,UNKNOWN,Y,URBAN,N,N,N,,DAYLIGHT,CLEAR,DRY,,NO JUNCTION INVOLVED,STRAIGHT/LEVEL,ASPHALT,IMPROPER TURNING,LEFT/RIGHT TURN,ATWATERAVE,NONE,2021-09-13 18:00:00,,,
1133,BLOOMINGTON PD,BLOOMINGTON,1,0.0,0.0,0,0,909,,,W 1ST,,,,,39.17148362995816,-86.49540830968694,UNKNOWN,N,URBAN,N,N,N,,DARK (LIGHTED),CLEAR,DRY,,NO JUNCTION INVOLVED,STRAIGHT/LEVEL,CONCRETE,RAN OFF RD RIGHT,RAN OFF RD,W1STST,NONE,2021-09-13 22:30:00,,,
1134,BLOOMINGTON PD,BLOOMINGTON,1,0.0,1.0,0,0,,,,I-69 N,,,100.0,S,39.16309543612359,-86.51217608248437,INTERSTATE,N,URBAN,N,N,N,,DARK (NOT LIGHTED),CLEAR,DRY,,NO JUNCTION INVOLVED,STRAIGHT/GRADE,ASPHALT,RAN OFF RD RIGHT,RAN OFF RD,I-69 N118.5,NONE,2021-09-13 23:49:00,,,
1135,INDIANA UNIV BLOOMINGTON PD,BLOOMINGTON,2,0.0,0.0,0,0,,,,S HAWTHORNE DR,E ATWATER AVE,,,,39.17530036073677,-86.52828390599286,LOCAL/CITY RD,N,URBAN,N,N,N,,DAYLIGHT,CLEAR,DRY,,FOUR-WAY INTERSECTION,STRAIGHT/LEVEL,ASPHALT,FAILURE TO YIELD RIGHT OF WAY,RIGHT ANGLE,ATWATERAVEHAWTHORNELN,STOP SIGN,2021-09-12 03:00:00,,,
1136,MONROE SD,BLOOMINGTON,2,0.0,0.0,0,0,,,,S CURRY PK,W CURRY CT,,,,39.156303,-86.539536,LOCAL/CITY RD,N,URBAN,N,N,N,,DAYLIGHT,CLEAR,DRY,,T-INTERSECTION,STRAIGHT/LEVEL,ASPHALT,FAILURE TO YIELD RIGHT OF WAY,RIGHT ANGLE,SCURRYPKWCURRYCT,NONE,2021-09-12 12:01:00,,,
1137,BLOOMINGTON PD,BLOOMINGTON,2,0.0,0.0,0,0,,,,S COLLEGE AVE,W 1ST,,,,39.16949384232712,-86.53485085931891,LOCAL/CITY RD,Y,URBAN,N,N,N,,DAYLIGHT,CLEAR,DRY,,FOUR-WAY INTERSECTION,STRAIGHT/LEVEL,ASPHALT,CELL PHONE USAGE,REAR END,SCOLLEGEAVEW1STST,TRAFFIC CONTROL SIGNAL,2021-09-12 14:57:00,,,
1138,BLOOMINGTON PD,BLOOMINGTON,2,0.0,1.0,0,0,,,,ST RD 46,S CLARIZZ BLVD,,,W,39.18641661439314,-86.53771077954671,LOCAL/CITY RD,N,URBAN,N,N,N,,DAYLIGHT,CLEAR,DRY,,FOUR-WAY INTERSECTION,STRAIGHT/LEVEL,ASPHALT,FOLLOWING TOO CLOSELY,REAR END,E 3RDSTSCLARIZZBLVD,TRAFFIC CONTROL SIGNAL,2021-09-12 16:16:00,,,
1139,INDIANA UNIV BLOOMINGTON PD,BLOOMINGTON,2,0.0,1.0,0,0,,,,N EAGLESON AVE,E LAW LN,,,,39.1358795478289,-86.58265821508648,LOCAL/CITY RD,N,URBAN,N,N,N,,DAYLIGHT,CLEAR,DRY,,FOUR-WAY INTERSECTION,STRAIGHT/LEVEL,ASPHALT,DISREGARD SIGNAL/REG SIGN,RIGHT ANGLE,ELAWLNEAGLESON AVEAVE,TRAFFIC CONTROL SIGNAL,2021-09-12 17:57:00,,,
1140,MONROE SD,BLOOMINGTON,2,0.0,0.0,0,0,,,,N RIDGEWOOD DR,,,300.0,W,39.17970677785997,-86.50727169752078,LOCAL/CITY RD,N,URBAN,N,N,N,,DARK (NOT LIGHTED),CLEAR,DRY,,NO JUNCTION INVOLVED,STRAIGHT/LEVEL,ASPHALT,UNSAFE BACKING,BACKING CRASH,NCRIDERDRNRIDGEWOODDR,NONE,2021-09-12 20:34:00,,,
1141,BLOOMINGTON PD,BLOOMINGTON,1,0.0,0.0,0,0,1701,,,S WALNUT ST,E VERMILYA AVE,,,,39.15667,-86.58264,UNKNOWN,Y,URBAN,N,N,N,,DARK (LIGHTED),CLEAR,DRY,,T-INTERSECTION,STRAIGHT/LEVEL,CONCRETE,RAN OFF RD RIGHT,RAN OFF RD,SWALNUTST,STOP SIGN,2021-09-11 01:56:00,,,
1142,BLOOMINGTON PD,BLOOMINGTON,2,0.0,0.0,0,0,,,,S COLLEGE MALL RD,E 3RD ST,,,,39.160659317054694,-86.58270858541505,LOCAL/CITY RD,N,URBAN,N,N,N,,DAYLIGHT,CLEAR,DRY,,FOUR-WAY INTERSECTION,STRAIGHT/LEVEL,ASPHALT,FOLLOWING TOO CLOSELY,REAR END,E 3RDSTSCOLLEGEMALLRD,TRAFFIC CONTROL SIGNAL,2021-09-11 09:24:00,,,
1143,ISP BLOOMINGTON 33,BLOOMINGTON,2,,1.0,0,0,,,,ST RD 45/46,N DUNN ST,,0.0,,39.16300564841028,-86.51772071190237,LOCAL/CITY RD,,URBAN,N,N,N,,DARK (LIGHTED),CLEAR,DRY,,FOUR-WAY INTERSECTION,,ASPHALT,UNSAFE SPEED,REAR END,STATERD46NDUNNST,,2021-09-11 10:26:00,,,
1144,INDIANA UNIV BLOOMINGTON PD,BLOOMINGTON,2,0.0,1.0,0,1,,,,ST RD 45/46,E DISCOVERY PKWY,,,,39.16071957403244,-86.54849565002584,ST RD,N,URBAN,N,N,N,,DAYLIGHT,CLEAR,DRY,,T-INTERSECTION,STRAIGHT/LEVEL,ASPHALT,DRIVER DISTRACTED - EXPLAIN IN NARRATIVE,REAR END,DISCOVERYPKWYST RD 46S,TRAFFIC CONTROL SIGNAL,2021-09-11 10:49:00,,,
1145,BLOOMINGTON PD,BLOOMINGTON,2,0.0,0.0,0,0,,,,S COLLEGE MALL RD,ENTRANCE TO EASTLAND PLAZA,,500.0,N,39.16416419365746,-86.49499097330899,LOCAL/CITY RD,N,URBAN,N,N,N,,DAYLIGHT,CLEAR,DRY,,NO JUNCTION INVOLVED,STRAIGHT/LEVEL,ASPHALT,FOLLOWING TOO CLOSELY,REAR END,E 2NDSTSCOLLEGEMALLRD,LN CONTROL,2021-09-11 11:12:00,,,
1146,BLOOMINGTON PD,BLOOMINGTON,2,0.0,0.0,0,0,,,,N WALNUT ST,W 8TH ST,,,,39.16284846965739,-86.52332492546219,LOCAL/CITY RD,N,URBAN,N,N,N,,DAYLIGHT,CLOUDY,DRY,,NO JUNCTION INVOLVED,STRAIGHT/LEVEL,ASPHALT,UNSAFE LN MOVEMENT,SAME DIRECTION SIDESWIPE,E8THSTNWALNUTST,LN CONTROL,2021-09-11 12:07:00,,,
1147,MONROE SD,BLOOMINGTON,2,0.0,0.0,0,0,,,,W BELLE AVE,S CURRY PK,,,,39.15934002519772,-86.52368499691717,LOCAL/CITY RD,N,URBAN,N,N,N,,DAYLIGHT,CLEAR,DRY,,NO JUNCTION INVOLVED,STRAIGHT/LEVEL,ASPHALT,FAILURE TO YIELD RIGHT OF WAY,LEFT TURN,SOUTHCURRYPKWESTBELLEAVE,NONE,2021-09-11 12:39:00,,,
1148,ELLETTSVILLE PD,ELLETTSVILLE,2,0.0,0.0,0,0,,,,ST RD 46,N BRIAR GATE DR,,,,0.0,0.0,ST RD,N,URBAN,N,N,N,,DAYLIGHT,CLEAR,DRY,,T-INTERSECTION,STRAIGHT/LEVEL,ASPHALT,FAILURE TO YIELD RIGHT OF WAY,RIGHT TURN,BRIARGATEDRST RD 46 W,STOP SIGN,2021-09-11 17:08:00,,,
1149,MONROE SD,BLOOMINGTON,1,0.0,1.0,0,0,,,,ST RD 446,,,300.0,N,39.163056698893136,-86.52023081218681,ST RD,N,RURAL,N,N,N,,DAYLIGHT,CLEAR,DRY,,T-INTERSECTION,CURVE/LEVEL,ASPHALT,RAN OFF RD RIGHT,RAN OFF RD,SCHAPELHILLRDST RD 446S,NONE,2021-09-11 17:18:00,,,
1150,BLOOMINGTON PD,BLOOMINGTON,2,0.0,1.0,0,0,,,,ST RD 45/46,N WALNUT ST,,500.0,E,39.154005779886056,-86.58260267031591,ST RD,N,URBAN,N,N,N,,DAYLIGHT,CLEAR,DRY,,NO JUNCTION INVOLVED,STRAIGHT/LEVEL,ASPHALT,FOLLOWING TOO CLOSELY,REAR END,ST RD 45EWALNUTST,LN CONTROL,2021-09-11 18:30:00,,,
1151,MONROE SD,BLOOMINGTON,1,0.0,0.0,0,0,,,,E BETHEL LN,N INNISBROOKE DR,,,,39.15938,-86.53505,COUNTY RD,N,RURAL,N,N,N,,DAWN/DUSK,CLEAR,DRY,,T-INTERSECTION,CURVE/LEVEL,ASPHALT,UNSAFE SPEED,RAN OFF RD,EBETHELLNNINNISBROOKEDR,NONE,2021-09-11 19:56:00,,,
1152,BLOOMINGTON PD,BLOOMINGTON,2,0.0,0.0,0,0,,,,N WASHINGTON ST,E 10TH ST,,,,39.164178101593485,-86.4908834638555,LOCAL/CITY RD,N,URBAN,N,N,N,,DARK (NOT LIGHTED),CLEAR,DRY,,FOUR-WAY INTERSECTION,STRAIGHT/LEVEL,ASPHALT,FAILURE TO YIELD RIGHT OF WAY,RIGHT ANGLE,E 10THSTWASHINGTONST,STOP SIGN,2021-09-11 22:48:00,,,
1153,BLOOMINGTON PD,BLOOMINGTON,1,0.0,1.0,0,0,,,,S WALNUT ST,E 3RD ST,,,,39.17341630457762,-86.51547902342497,LOCAL/CITY RD,N,URBAN,N,N,N,,DARK (NOT LIGHTED),CLEAR,DRY,,FOUR-WAY INTERSECTION,STRAIGHT/LEVEL,CONCRETE,FAILURE TO YIELD RIGHT OF WAY,RIGHT TURN,EAST3RDSTSOUTHWALNUTST,TRAFFIC CONTROL SIGNAL,2021-09-11 23:50:00,,,True
1154,ISP BLOOMINGTON 33,BLOOMINGTON,2,,0.0,0,0,,,118A,I-69 N,W 3RD ST,,0.0,,39.21198648121277,-86.59876991375792,INTERSTATE,,URBAN,N,N,N,,DAYLIGHT,CLEAR,DRY,,RAMP,,CONCRETE,FOLLOWING TOO CLOSELY,REAR END,ST RD 48I-69-118-RampA,,2021-09-10 07:55:00,,,
1155,BLOOMINGTON PD,BLOOMINGTON,2,0.0,,0,0,,,,E 1ST,S HAWTHORNE DR,,,,39.14892,-86.53324,LOCAL/CITY RD,Y,URBAN,N,N,N,,DAYLIGHT,CLEAR,DRY,,FOUR-WAY INTERSECTION,STRAIGHT/GRADE,ASPHALT,,SAME DIRECTION SIDESWIPE,E1STSTSHAWTHORNEST,NONE,2021-09-10 08:05:00,,,
1156,BLOOMINGTON PD,BLOOMINGTON,1,0.0,1.0,0,0,,,,W COUNTRYSIDE LN,S SUNFLOWER DR,,,,39.16423,-86.49826,LOCAL/CITY RD,N,URBAN,Y,N,N,,DAYLIGHT,CLEAR,DRY,,FOUR-WAY INTERSECTION,STRAIGHT/GRADE,ASPHALT,OTHER (DRIVER) - EXPLAIN IN NARRATIVE,OTHER - EXPLAIN IN NARRATIVE,COUNTRYSIDELNSSUNFLOWERDR,STOP SIGN,2021-09-10 08:52:00,,,True
1157,BLOOMINGTON PD,BLOOMINGTON,2,0.0,0.0,0,0,,,,E MAXWELL LN,S MITCHELL ST,,,,39.186257439904196,-86.52845620867147,LOCAL/CITY RD,N,URBAN,N,N,N,,DAYLIGHT,CLOUDY,DRY,,FOUR-WAY INTERSECTION,STRAIGHT/GRADE,ASPHALT,FAILURE TO YIELD RIGHT OF WAY,RIGHT ANGLE,EMAXWELLLNSMITCHELLST,STOP SIGN,2021-09-10 11:55:00,,,