_id,Agency,City,Vehicles Involved,Trailers Involved,Number Injured,Number Dead,Number Deer,House Number,Roadway Interchange,Roadway Ramp,Roadway Id,Intersecting Road,Interchange,Feet From,Direction,Latitude,Longitude,Roadway Class,Hit and Run?,Locality,School Zone?,Rumble Strips?,Construction?,Construction Type,Light Condition,Weather Conditions,Surface Condition,Type of Median,Roadway Junction Type,Road Character,Roadway Surface,Primary Factor,Manner of Collision,Unique Location Id,Traffic Control,DateTime,Address Number,Cyclist Involved,Pedestrian Involved
1158,INDIANA UNIV BLOOMINGTON PD,BLOOMINGTON,2,0.0,1.0,0,0,,,,S WOODLAWN AVE,E 3RD ST,,,,39.171460508584644,-86.49541536073804,LOCAL/CITY RD,Y,URBAN,N,N,N,,DAYLIGHT,CLEAR,DRY,,NO JUNCTION INVOLVED,STRAIGHT/LEVEL,ASPHALT,WRONG WAY ON ONE WAY,OPPOSITE DIRECTION SIDESWIPE,3RDSTWOODLAWNAVE,NONE,2021-09-10 12:10:00,,,
1159,BLOOMINGTON PD,BLOOMINGTON,2,0.0,0.0,0,0,,,,S STULL AVE,E GRIMES LN,,,,39.15729513154852,-86.49783343730252,LOCAL/CITY RD,Y,URBAN,N,N,N,,DAYLIGHT,CLOUDY,DRY,,T-INTERSECTION,STRAIGHT/GRADE,ASPHALT,UNSAFE BACKING,BACKING CRASH,EGRIMESLNSSTULLAVE,NONE,2021-09-10 12:12:00,,,
1160,INDIANA UNIV BLOOMINGTON PD,BLOOMINGTON,2,0.0,2.0,0,0,,,,ST RD 45/46,E 17TH ST,,,,39.169420262621884,-86.5335975821845,ST RD,N,URBAN,N,N,N,,DAYLIGHT,CLEAR,DRY,,T-INTERSECTION,STRAIGHT/LEVEL,ASPHALT,FAILURE TO YIELD RIGHT OF WAY,LEFT TURN,EAST17THSTST RD 46,TRAFFIC CONTROL SIGNAL,2021-09-10 12:15:00,,,
1161,BLOOMINGTON PD,BLOOMINGTON,2,0.0,1.0,0,0,,,,N JACKSON ST,W 15TH ST,,,,39.1632972497403,-86.58275130641236,LOCAL/CITY RD,N,URBAN,N,N,N,,DAYLIGHT,CLEAR,DRY,,FOUR-WAY INTERSECTION,STRAIGHT/LEVEL,ASPHALT,DISREGARD SIGNAL/REG SIGN,RIGHT ANGLE,NJACKSONSTW15THST,STOP SIGN,2021-09-10 12:34:00,,,
1162,BLOOMINGTON PD,BLOOMINGTON,2,0.0,0.0,0,0,2621,,,S BRYAN,S KENDALL DR,,,,39.21659,-86.59641,LOCAL/CITY RD,N,URBAN,N,N,N,,DAYLIGHT,CLEAR,DRY,,NO JUNCTION INVOLVED,STRAIGHT/LEVEL,ASPHALT,IMPROPER TURNING,RIGHT TURN,SBRYANST,NONE,2021-09-10 13:18:00,,,
1163,BLOOMINGTON PD,BLOOMINGTON,2,0.0,0.0,0,0,,,,E 3RD ST,S DUNN ST,,,,39.0242888817747,-86.4053181736678,LOCAL/CITY RD,N,URBAN,N,N,N,,DAYLIGHT,CLOUDY,DRY,,Y-INTERSECTION,CURVE/GRADE,ASPHALT,FAILURE TO YIELD RIGHT OF WAY,RIGHT ANGLE,3RDSTDUNNST,TRAFFIC CONTROL SIGNAL,2021-09-10 13:25:00,,,
1164,INDIANA UNIV BLOOMINGTON PD,BLOOMINGTON,2,0.0,0.0,0,0,,,,N INDIANA AVE,E 10TH ST,,,,39.186236050293054,-86.53454695274492,LOCAL/CITY RD,Y,URBAN,N,N,N,,DAYLIGHT,CLEAR,DRY,,FOUR-WAY INTERSECTION,STRAIGHT/LEVEL,ASPHALT,FOLLOWING TOO CLOSELY,REAR END,INDIANAAVETENTHST,TRAFFIC CONTROL SIGNAL,2021-09-10 13:27:00,,,
1165,BLOOMINGTON PD,BLOOMINGTON,2,0.0,0.0,0,0,,,,S HIGH ST,E ATWATER AVE,,,,39.2148669701186,-86.46906201488382,LOCAL/CITY RD,N,URBAN,N,N,N,,DAYLIGHT,CLEAR,DRY,,T-INTERSECTION,STRAIGHT/LEVEL,ASPHALT,FAILURE TO YIELD RIGHT OF WAY,RIGHT ANGLE,EATWATERAVESHIGHST,STOP SIGN,2021-09-10 13:44:00,,,
1166,BLOOMINGTON PD,BLOOMINGTON,2,0.0,0.0,0,0,,,,ST RD 46,E 7TH ST,,200.0,N,39.17163172806876,-86.53233271925365,LOCAL/CITY RD,N,URBAN,N,N,N,,DAYLIGHT,CLEAR,DRY,,NO JUNCTION INVOLVED,STRAIGHT/GRADE,ASPHALT,FOLLOWING TOO CLOSELY,REAR END,E7THSTESTATERD46HWY,NONE,2021-09-10 14:15:00,,,
1167,BLOOMINGTON PD,BLOOMINGTON,3,0.0,0.0,0,0,,,,ST RD 46,KINGSTON DR S,,,,39.1645473505424,-86.53365952375816,LOCAL/CITY RD,N,URBAN,N,N,N,,DAYLIGHT,CLEAR,DRY,,FOUR-WAY INTERSECTION,STRAIGHT/LEVEL,CONCRETE,FOLLOWING TOO CLOSELY,REAR END,E 3RDSTSKINGSTONDR,TRAFFIC CONTROL SIGNAL,2021-09-10 17:13:00,,,
1168,INDIANA UNIV BLOOMINGTON PD,BLOOMINGTON,2,0.0,0.0,0,0,,,,S WOODLAWN AVE,E 3RD ST,,,,39.16452858220198,-86.57307363643181,LOCAL/CITY RD,N,URBAN,N,N,N,,DAYLIGHT,CLEAR,DRY,,T-INTERSECTION,STRAIGHT/LEVEL,ASPHALT,FAILURE TO YIELD RIGHT OF WAY,RIGHT ANGLE,3RDSTWOODLAWNAVE,NONE,2021-09-10 17:25:00,,,
1169,BLOOMINGTON PD,BLOOMINGTON,2,0.0,0.0,0,0,,,,S COLLEGE AVE,W SMITH AVE,,,,39.15923741577106,-86.52021701515224,LOCAL/CITY RD,Y,URBAN,N,N,N,,DAYLIGHT,CLEAR,DRY,,NO JUNCTION INVOLVED,STRAIGHT/LEVEL,ASPHALT,IMPROPER LN USAGE,REAR END,SCOLLEGEAVEWSMITHAVE,NONE,2021-09-10 18:30:00,,,
1170,BLOOMINGTON PD,BLOOMINGTON,3,0.0,0.0,0,0,,,,S WALNUT ST,E 3RD ST,,,,39.140956335319615,-86.5541140698709,LOCAL/CITY RD,N,URBAN,N,N,N,,DAYLIGHT,CLEAR,DRY,,FOUR-WAY INTERSECTION,STRAIGHT/LEVEL,ASPHALT,FOLLOWING TOO CLOSELY,REAR END,E 3RDSTSWALNUTST,TRAFFIC CONTROL SIGNAL,2021-09-10 19:04:00,,,
1171,INDIANA UNIV BLOOMINGTON PD,BLOOMINGTON,3,0.0,0.0,0,0,,,,ST RD 46,ST RD 45,,,,39.15775180963777,-86.51375318978484,ST RD,N,URBAN,N,N,N,,DARK (LIGHTED),CLEAR,DRY,,FOUR-WAY INTERSECTION,STRAIGHT/LEVEL,ASPHALT,OTHER (DRIVER) - EXPLAIN IN NARRATIVE,REAR END,ST RD 45ST RD 46,TRAFFIC CONTROL SIGNAL,2021-09-10 20:30:00,,,
1172,INDIANA UNIV BLOOMINGTON PD,BLOOMINGTON,3,0.0,0.0,0,0,,,,N EAGLESON AVE,E 7TH ST,,,,39.164234117966345,-86.52261124852821,LOCAL/CITY RD,N,URBAN,N,N,N,,DARK (LIGHTED),CLEAR,DRY,,FOUR-WAY INTERSECTION,STRAIGHT/LEVEL,ASPHALT,FAILURE TO YIELD RIGHT OF WAY,OPPOSITE DIRECTION SIDESWIPE,E7THSTEAGLESON AVEAVE,STOP SIGN,2021-09-09 00:12:00,,,
1173,BLOOMINGTON PD,BLOOMINGTON,2,0.0,0.0,0,0,,,,E HILLSIDE DR,S WOODLAWN AVE,,,,39.1532509145049,-86.52485314237511,LOCAL/CITY RD,N,URBAN,N,N,N,,DAYLIGHT,CLEAR,DRY,,T-INTERSECTION,STRAIGHT/LEVEL,ASPHALT,FAILURE TO YIELD RIGHT OF WAY,RIGHT ANGLE,EHILLSIDEDRSWOODLAWNAVE,NONE,2021-09-09 07:42:00,,,
1174,BLOOMINGTON PD,BLOOMINGTON,2,0.0,0.0,0,0,,,,W COUNTRY CLUB DR,S ROCKPORT RD,,500.0,E,39.17966306452744,-86.50730897169504,LOCAL/CITY RD,N,URBAN,N,N,N,,DAYLIGHT,CLEAR,DRY,,NO JUNCTION INVOLVED,STRAIGHT/LEVEL,ASPHALT,FOLLOWING TOO CLOSELY,REAR END,1000BLOCKWCOUNTRYCLUBDRIVEROCKPORTRD,LN CONTROL,2021-09-09 07:53:00,,,
1175,MONROE SD,BLOOMINGTON,2,0.0,0.0,0,0,,,,N CURRY PK,W WOODYARD,,,,39.176565879192715,-86.53972949054707,LOCAL/CITY RD,N,URBAN,N,N,Y,INTERMITTENT OR MOVING WORK,DAYLIGHT,CLOUDY,DRY,,FOUR-WAY INTERSECTION,CURVE/GRADE,ASPHALT,IMPROPER LN USAGE,REAR END,NCURRYPKWOODYARDRD,TRAFFIC CONTROL SIGNAL,2021-09-09 12:20:00,,,
1176,BLOOMINGTON PD,BLOOMINGTON,2,0.0,0.0,0,0,,,,S COLLEGE AVE,W 3RD ST,,,,39.13745561678087,-86.53617035768065,LOCAL/CITY RD,Y,URBAN,N,N,N,,DAYLIGHT,CLEAR,DRY,,FOUR-WAY INTERSECTION,STRAIGHT/LEVEL,ASPHALT,FAILURE TO YIELD RIGHT OF WAY,RIGHT ANGLE,SOUTHCOLLEGEAVEWEST3RDST,TRAFFIC CONTROL SIGNAL,2021-09-09 13:35:00,,,
1177,BLOOMINGTON PD,BLOOMINGTON,3,0.0,0.0,0,0,,,,W 3RD ST (N),S PATTERSON DR,,100.0,W,39.164402704888566,-86.52821641121551,LOCAL/CITY RD,N,URBAN,N,N,N,,DAYLIGHT,CLEAR,DRY,,T-INTERSECTION,STRAIGHT/GRADE,ASPHALT,FOLLOWING TOO CLOSELY,REAR END,SOUTHPATTERSONDRWEST3RDST,LN CONTROL,2021-09-09 15:39:00,,,
1178,BLOOMINGTON PD,BLOOMINGTON,1,0.0,1.0,0,0,,,,N INDIANA AVE,E 13TH ST,,,,39.17166356839532,-86.52702137771676,LOCAL/CITY RD,N,URBAN,N,N,N,,DAYLIGHT,CLEAR,DRY,,FOUR-WAY INTERSECTION,STRAIGHT/LEVEL,ASPHALT,DISREGARD SIGNAL/REG SIGN,SAME DIRECTION SIDESWIPE,E13THSTNINDIANAAVE,STOP SIGN,2021-09-09 18:15:00,,True,
1179,BLOOMINGTON PD,BLOOMINGTON,2,0.0,0.0,0,0,,,,N WALNUT ST,ST RD 45/46,,,,39.163085638026814,-86.50850957404327,LOCAL/CITY RD,N,URBAN,N,N,N,,DAWN/DUSK,CLEAR,DRY,,FOUR-WAY INTERSECTION,STRAIGHT/LEVEL,ASPHALT,IMPROPER TURNING,SAME DIRECTION SIDESWIPE,NWALNUTSTST RD 4546HWY,TRAFFIC CONTROL SIGNAL,2021-09-09 19:06:00,,,
1180,INDIANA UNIV BLOOMINGTON PD,BLOOMINGTON,2,0.0,0.0,0,0,,,,N EAGLESON AVE,E BALFOUR CT,,,,39.16765,-86.50003,LOCAL/CITY RD,Y,URBAN,N,N,N,,UNKNOWN,CLEAR,DRY,,NO JUNCTION INVOLVED,CURVE/LEVEL,ASPHALT,FOLLOWING TOO CLOSELY,REAR END,EBALFOURSTNEAGLESON AVEAVE,NONE,2021-09-09 21:00:00,,,
1181,BLOOMINGTON PD,BLOOMINGTON,2,0.0,0.0,0,0,,,,S WALNUT ST,E 1ST,,,,39.164158685467065,-86.4930470678716,LOCAL/CITY RD,Y,URBAN,N,N,N,,DARK (LIGHTED),CLEAR,DRY,,FOUR-WAY INTERSECTION,STRAIGHT/LEVEL,ASPHALT,FOLLOWING TOO CLOSELY,REAR END,E1STSTSWALNUTST,TRAFFIC CONTROL SIGNAL,2021-09-09 23:38:00,,,
1182,MONROE SD,BLOOMINGTON,1,0.0,0.0,0,1,,,,ST RD 48,S SPRIGGS BLVD,,100.0,W,39.16425,-86.52261,ST RD,N,RURAL,N,N,N,,DAWN/DUSK,CLEAR,DRY,,NO JUNCTION INVOLVED,STRAIGHT/GRADE,ASPHALT,ANIMAL/OBJECT IN RDWAY,COLLISION WITH DEER,SSPRIGGSBLVDST RD 48W,LN CONTROL,2021-09-08 07:34:00,,,
1183,BLOOMINGTON PD,BLOOMINGTON,2,0.0,0.0,0,0,523,,,W GRANITE DR,,,,,39.1628155615432,-86.53500248018668,LOCAL/CITY RD,Y,URBAN,N,N,N,,DAWN/DUSK,CLEAR,DRY,,NO JUNCTION INVOLVED,STRAIGHT/LEVEL,ASPHALT,UNSAFE BACKING,BACKING CRASH,WGRANITEDR,NONE,2021-09-08 08:30:00,,,
1184,INDIANA UNIV BLOOMINGTON PD,BLOOMINGTON,1,0.0,1.0,0,0,,,,S INDIANA AVE,E 4TH ST,,,,39.16457850120802,-86.53364884265412,LOCAL/CITY RD,Y,URBAN,N,N,N,,DAYLIGHT,CLEAR,DRY,,FOUR-WAY INTERSECTION,STRAIGHT/LEVEL,ASPHALT,FAILURE TO YIELD RIGHT OF WAY,LEFT TURN,4THSTINDIANAAVE,STOP SIGN,2021-09-08 09:30:00,,,True
1185,BLOOMINGTON PD,BLOOMINGTON,2,0.0,0.0,0,0,,,,ST RD 48,S CURRY PK,,,,39.18624662758606,-86.53164304939948,LOCAL/CITY RD,N,URBAN,N,N,N,,DAYLIGHT,CLEAR,DRY,,FOUR-WAY INTERSECTION,STRAIGHT/LEVEL,ASPHALT,OVERCORRECTING/OVERSTEERING,SAME DIRECTION SIDESWIPE,CURRYPKW 3RDST,TRAFFIC CONTROL SIGNAL,2021-09-08 09:40:00,,,
1186,ISP BLOOMINGTON 33,BLOOMINGTON,2,,0.0,0,0,,,,ST RD 37,S ST RD 37,,0.0,,39.16882690144735,-86.51618292908009,ST RD,,RURAL,N,N,N,,DAYLIGHT,CLEAR,DRY,,FOUR-WAY INTERSECTION,,ASPHALT,FOLLOWING TOO CLOSELY,REAR END,SOldStateRoad37NStateRd37,,2021-09-08 09:41:00,,,
1187,BLOOMINGTON PD,BLOOMINGTON,2,0.0,0.0,0,0,,,,W 2ND ST,S ROGERS ST,,,,39.15048079590644,-86.52264615368495,LOCAL/CITY RD,N,URBAN,N,N,N,,DAYLIGHT,CLEAR,DRY,,FOUR-WAY INTERSECTION,STRAIGHT/LEVEL,ASPHALT,FAILURE TO YIELD RIGHT OF WAY,REAR TO REAR,SROGERSSTW 2NDST,NONE,2021-09-08 10:31:00,,,
1188,MONROE SD,BLOOMINGTON,2,0.0,0.0,0,0,,,,S WALNUT ST,W DILLMAN RD,,,,39.13631211254702,-86.5487440839349,COUNTY RD,N,RURAL,N,N,N,,DAYLIGHT,CLEAR,DRY,,NO JUNCTION INVOLVED,CURVE/GRADE,ASPHALT,FAILURE TO YIELD RIGHT OF WAY,LEFT TURN,SOLDSTATE37RDWDILLMANRD,STOP SIGN,2021-09-08 10:46:00,,,
1189,BLOOMINGTON PD,BLOOMINGTON,2,0.0,0.0,0,0,,,,W BLOOMFIELD RD,S LAKE CREST DR,,,,39.19026,-86.58252,LOCAL/CITY RD,N,URBAN,N,N,N,,DAYLIGHT,CLEAR,DRY,,T-INTERSECTION,STRAIGHT/LEVEL,ASPHALT,FOLLOWING TOO CLOSELY,REAR END,LAKECRESTDRWBLOOMFIELDRD,NONE,2021-09-08 11:04:00,,,
1190,INDIANA UNIV BLOOMINGTON PD,BLOOMINGTON,2,0.0,0.0,0,0,,,,E ATWATER AVE,S FESS AVE,,,,39.16459941745721,-86.53489594906425,LOCAL/CITY RD,N,URBAN,N,N,N,,DAYLIGHT,CLEAR,DRY,,FOUR-WAY INTERSECTION,STRAIGHT/LEVEL,ASPHALT,IMPROPER TURNING,LEFT TURN,ATWATERAVEFESSAVE,NONE,2021-09-08 11:50:00,,,
1191,BLOOMINGTON PD,BLOOMINGTON,3,0.0,0.0,0,0,,,,W 2ND ST,S EUCLID AVE,,,,39.16436702420868,-86.55196375565055,LOCAL/CITY RD,N,URBAN,N,N,N,,DAYLIGHT,CLEAR,DRY,,T-INTERSECTION,STRAIGHT/LEVEL,ASPHALT,FOLLOWING TOO CLOSELY,REAR END,SEUCLIDAVEW 2NDST,LN CONTROL,2021-09-08 12:30:00,,,
1192,ISP BLOOMINGTON 33,BLOOMINGTON,2,,0.0,0,0,,,,ST RD 37,S WALNUT ST,,0.0,,39.17518532188845,-86.52704151321417,ST RD,,RURAL,N,N,N,,DAYLIGHT,CLEAR,DRY,,FOUR-WAY INTERSECTION,,ASPHALT,FAILURE TO YIELD RIGHT OF WAY,RIGHT ANGLE,S ST RD 37WalnutSt,,2021-09-08 13:40:00,,,
1193,BLOOMINGTON PD,BLOOMINGTON,2,0.0,0.0,0,0,,,,I-69 N,W 3RD ST,,,,39.186238299191814,-86.53456245688805,INTERSTATE,N,URBAN,N,N,N,,DAYLIGHT,CLOUDY,DRY,,RAMP,STRAIGHT/LEVEL,ASPHALT,DRIVER DISTRACTED - EXPLAIN IN NARRATIVE,REAR END,I-69 NW 3RDST,TRAFFIC CONTROL SIGNAL,2021-09-08 14:15:00,,,
1194,BLOOMINGTON PD,BLOOMINGTON,2,0.0,0.0,0,0,,,,S SARE RD,E ROGERS ST,,,,39.1824,-86.5126,LOCAL/CITY RD,N,URBAN,N,N,N,,DAYLIGHT,CLEAR,DRY,,FOUR-WAY INTERSECTION,STRAIGHT/GRADE,ASPHALT,FOLLOWING TOO CLOSELY,REAR END,EASTROGERSRDSOUTHSARERD,ROUNDABOUT INTERSECTION,2021-09-08 14:19:00,,,
1195,MONROE SD,BLOOMINGTON,2,0.0,1.0,0,0,,,,S CURRY PK,W DOYLE AVE,,,,39.15936,-86.53365,LOCAL/CITY RD,N,RURAL,N,N,N,,DAYLIGHT,CLEAR,DRY,,NO JUNCTION INVOLVED,STRAIGHT/LEVEL,CONCRETE,FOLLOWING TOO CLOSELY,REAR END,SCURRYPKWDOYLEAVE,NONE,2021-09-08 14:32:00,,,
1196,BLOOMINGTON PD,BLOOMINGTON,3,0.0,3.0,0,0,,,,ST RD 45/46,N MARTHA ST,,,,39.1647799909613,-86.60006179137189,ST RD,N,URBAN,N,N,N,,DAYLIGHT,CLEAR,DRY,,T-INTERSECTION,STRAIGHT/LEVEL,CONCRETE,FOLLOWING TOO CLOSELY,REAR TO REAR,MARTHASTST RD 46E,LN CONTROL,2021-09-08 14:40:00,,,
1197,BLOOMINGTON PD,BLOOMINGTON,2,0.0,0.0,0,0,,,,W 2ND ST,S MAPLE ST,,,,39.18053187,-86.53880757,LOCAL/CITY RD,N,URBAN,N,N,N,,DAYLIGHT,CLEAR,DRY,,T-INTERSECTION,STRAIGHT/HILLCREST,ASPHALT,FOLLOWING TOO CLOSELY,REAR END,SOUTHMAPLESTWEST2NDST,LN CONTROL,2021-09-08 14:41:00,,,
1198,BLOOMINGTON PD,BLOOMINGTON,2,0.0,0.0,0,0,,,,S WASHINGTON ST,E 2ND ST,,,,39.165490160816354,-86.5269373639705,LOCAL/CITY RD,N,URBAN,N,N,N,,DAWN/DUSK,CLEAR,DRY,,FOUR-WAY INTERSECTION,STRAIGHT/LEVEL,ASPHALT,FAILURE TO YIELD RIGHT OF WAY,RIGHT ANGLE,E 2NDSTSWASHINGTONST,NONE,2021-09-08 15:15:00,,,
1199,BLOOMINGTON PD,BLOOMINGTON,2,0.0,0.0,0,0,,,,ST RD 46,S PETE LLIS DR,,,,39.16459455595473,-86.58295653170649,LOCAL/CITY RD,N,URBAN,N,N,N,,DAYLIGHT,CLEAR,DRY,,FOUR-WAY INTERSECTION,STRAIGHT/LEVEL,ASPHALT,FOLLOWING TOO CLOSELY,REAR END,EAST3RDSTSOUTHPETEELLISDR,TRAFFIC CONTROL SIGNAL,2021-09-08 15:40:00,,,
1200,BLOOMINGTON PD,BLOOMINGTON,2,0.0,0.0,0,0,,,,W 17TH ST,N KINSER PK,,100.0,E,39.08522187781692,-86.54274492463857,LOCAL/CITY RD,N,URBAN,N,N,N,,DAYLIGHT,CLEAR,DRY,,FOUR-WAY INTERSECTION,STRAIGHT/LEVEL,ASPHALT,FOLLOWING TOO CLOSELY,REAR END,KINSERPKW17THST,TRAFFIC CONTROL SIGNAL,2021-09-08 17:19:00,,,
1201,BLOOMINGTON PD,BLOOMINGTON,2,0.0,1.0,0,0,,,,ST RD 46,E 3RD ST,,250.0,N,39.16137656083252,-86.53872995862756,LOCAL/CITY RD,N,URBAN,Y,N,N,,DAYLIGHT,CLEAR,DRY,,NO JUNCTION INVOLVED,STRAIGHT/GRADE,ASPHALT,FOLLOWING TOO CLOSELY,REAR END,E 3RDSTSSTATERD46HWY,NONE,2021-09-08 17:20:00,,,
1202,ISP BLOOMINGTON 33,BLOOMINGTON,1,,0.0,0,1,,,,ST RD 37,,,0.0,,39.09291769866117,-86.5533174968265,ST RD,,RURAL,N,N,N,,DAYLIGHT,CLEAR,DRY,,NO JUNCTION INVOLVED,,ASPHALT,ANIMAL/OBJECT IN RDWAY,COLLISION WITH DEER,StateRd37,,2021-09-07 09:50:00,,,
1203,INDIANA UNIV BLOOMINGTON PD,BLOOMINGTON,2,0.0,0.0,0,0,,,,N UNION ST,E LAW LN,,,,39.15540637787349,-86.5625159831712,LOCAL/CITY RD,N,URBAN,N,N,N,,DAYLIGHT,CLEAR,DRY,,RAILRD CROSSINGS,STRAIGHT/LEVEL,ASPHALT,FOLLOWING TOO CLOSELY,REAR END,ELAWLNNUNIONST,RR CROSSING CROSSBUCKS ONLY,2021-09-07 09:58:00,,,
1204,BLOOMINGTON PD,BLOOMINGTON,2,0.0,0.0,0,0,2966,,,KINGSTON DR S,ENTRANCE TO COLLEGE MALL,,,,39.16312,-86.52589,UNKNOWN,Y,URBAN,N,N,N,,DAYLIGHT,CLEAR,DRY,,NO JUNCTION INVOLVED,STRAIGHT/GRADE,ASPHALT,FOLLOWING TOO CLOSELY,REAR END,EAST3RDST,STOP SIGN,2021-09-07 12:03:00,,,
1205,ELLETTSVILLE PD,ELLETTSVILLE,2,0.0,0.0,0,0,,,,ST RD 46,N MATTHEWS DR (N),,,,39.16137241635531,-86.54336042865303,LOCAL/CITY RD,N,URBAN,N,N,N,,DAYLIGHT,CLEAR,DRY,,NO JUNCTION INVOLVED,STRAIGHT/LEVEL,ASPHALT,FAILURE TO YIELD RIGHT OF WAY,RIGHT ANGLE,MAINSTMATTHEWSDR,TRAFFIC CONTROL SIGNAL,2021-09-07 12:06:00,,,
1206,BLOOMINGTON PD,BLOOMINGTON,2,0.0,0.0,0,0,,,,W COUNTRY CLUB DR,BLOOMINGTON RAIL TRAIL,,2000.0,W,39.16636,-86.53353,LOCAL/CITY RD,N,URBAN,N,N,N,,DAYLIGHT,CLEAR,DRY,,TRAIL CROSSINGS,STRAIGHT/GRADE,ASPHALT,FOLLOWING TOO CLOSELY,REAR END,COUNTRYCLBSWALNUTST,NONE,2021-09-07 12:20:00,,,
1207,MONROE SD,BLOOMINGTON,2,0.0,0.0,0,0,,,,S LIBERTY DR,ENTRANCE TO ANDY MOHR HYUNDAI,,1000.0,N,39.16453,-86.57303,LOCAL/CITY RD,N,URBAN,N,N,N,,DAYLIGHT,CLEAR,DRY,,NO JUNCTION INVOLVED,STRAIGHT/LEVEL,ASPHALT,FOLLOWING TOO CLOSELY,REAR END,CONSTITUTIONWAYSOUTHLIBERTYDR,NONE,2021-09-07 13:45:00,,,
1208,INDIANA UNIV BLOOMINGTON PD,BLOOMINGTON,2,0.0,0.0,0,0,,,,E 13TH ST,N WOODLAWN AVE,,,,39.13571169734474,-86.49671353143277,,Y,URBAN,N,N,N,,DAYLIGHT,CLEAR,DRY,,FOUR-WAY INTERSECTION,STRAIGHT/GRADE,ASPHALT,FAILURE TO YIELD RIGHT OF WAY,RIGHT ANGLE,THIRTEENTHSTWOODLAWNAVE,STOP SIGN,2021-09-07 16:15:00,,,
1209,BLOOMINGTON PD,BLOOMINGTON,2,0.0,0.0,0,0,,,,S FESS AVE,E HUNTER AVE,,,,39.158005217004984,-86.58264494174213,LOCAL/CITY RD,N,URBAN,Y,N,N,,DAWN/DUSK,CLEAR,DRY,,FOUR-WAY INTERSECTION,STRAIGHT/LEVEL,ASPHALT,DISREGARD SIGNAL/REG SIGN,RIGHT ANGLE,EHUNTERAVESFESSAVE,STOP SIGN,2021-09-07 19:34:00,,,
1210,BLOOMINGTON PD,BLOOMINGTON,1,0.0,1.0,0,0,,,,W 17TH ST,N WALNUT ST,,,,39.186265809623535,-86.53165443309221,LOCAL/CITY RD,N,URBAN,N,N,N,,DARK (LIGHTED),CLEAR,DRY,,FOUR-WAY INTERSECTION,STRAIGHT/GRADE,ASPHALT,FAILURE TO YIELD RIGHT OF WAY,LEFT TURN,17THSTWALNUTST,TRAFFIC CONTROL SIGNAL,2021-09-07 20:40:00,,,True
1211,ELLETTSVILLE PD,ELLETTSVILLE,2,0.0,0.0,0,0,,,,ST RD 46,N LAKEVIEW DR,,,,39.161385773761715,-86.54228495847074,ST RD,N,URBAN,N,N,N,,DAYLIGHT,CLEAR,DRY,,T-INTERSECTION,STRAIGHT/LEVEL,ASPHALT,FOLLOWING TOO CLOSELY,REAR END,LAKEVIEWDRST RD 46 W,LN CONTROL,2021-09-06 01:06:00,,,
1212,BLOOMINGTON PD,BLOOMINGTON,1,0.0,0.0,0,0,1014,,,S WALNUT ST,E DAVIS ST,,,,39.161368566407326,-86.53240582497652,LOCAL/CITY RD,Y,URBAN,N,N,N,,DARK (LIGHTED),CLEAR,DRY,,NO JUNCTION INVOLVED,STRAIGHT/LEVEL,ASPHALT,LEFT OF CENTER,RAN OFF RD,SOUTHWALNUTST,NONE,2021-09-06 02:15:00,,,
1213,INDIANA UNIV BLOOMINGTON PD,BLOOMINGTON,2,0.0,1.0,0,0,,,,ST RD 45/46,,,,,39.16418720868988,-86.49496751793386,ST RD,N,URBAN,N,N,N,,DAYLIGHT,CLEAR,DRY,,NO JUNCTION INVOLVED,STRAIGHT/LEVEL,ASPHALT,FOLLOWING TOO CLOSELY,REAR END,ELINGELBACHLNST RD 46,TRAFFIC CONTROL SIGNAL,2021-09-06 13:25:00,,,
1214,MONROE SD,BLOOMINGTON,1,0.0,0.0,0,0,4120,,,S SWARTZ RIDGE RD,,,5000.0,N,39.17900524225281,-86.53776628467978,LOCAL/CITY RD,N,RURAL,N,N,N,,DAYLIGHT,CLEAR,DRY,,NO JUNCTION INVOLVED,CURVE/LEVEL,ASPHALT,RAN OFF RD RIGHT,RAN OFF RD,STATERD446HWYSWARTZRIDGERD,LN CONTROL,2021-09-06 16:22:00,,,
1215,MONROE SD,BLOOMINGTON,2,0.0,0.0,0,0,,,,W KIRKWOOD AVE,S COLLEGE AVE,,100.0,E,39.16429339431101,-86.47210477503359,LOCAL/CITY RD,Y,URBAN,N,N,N,,DARK (LIGHTED),CLEAR,DRY,,NO JUNCTION INVOLVED,STRAIGHT/LEVEL,ASPHALT,RAN OFF RD RIGHT,SAME DIRECTION SIDESWIPE,SOUTHCOLLEGEAVEWESTKIRKWOODAVE,NONE,2021-09-06 23:33:00,,,
1216,BLOOMINGTON PD,BLOOMINGTON,1,0.0,,0,0,,,,S MORTON ST,B-LINE TRAIL,,300.0,N,39.09587207,-86.5462308,LOCAL/CITY RD,Y,URBAN,N,N,N,,DARK (LIGHTED),RAIN,WET,,FOUR-WAY INTERSECTION,STRAIGHT/LEVEL,ASPHALT,RAN OFF RD RIGHT,RAN OFF RD,SMORTONSTWDODDSAVE,NONE,2021-09-05 04:00:00,,,