_id,Agency,City,Vehicles Involved,Trailers Involved,Number Injured,Number Dead,Number Deer,House Number,Roadway Interchange,Roadway Ramp,Roadway Id,Intersecting Road,Interchange,Feet From,Direction,Latitude,Longitude,Roadway Class,Hit and Run?,Locality,School Zone?,Rumble Strips?,Construction?,Construction Type,Light Condition,Weather Conditions,Surface Condition,Type of Median,Roadway Junction Type,Road Character,Roadway Surface,Primary Factor,Manner of Collision,Unique Location Id,Traffic Control,DateTime,Address Number,Cyclist Involved,Pedestrian Involved
1217,ISP BLOOMINGTON 33,BLOOMINGTON,1,,0.0,0,1,,,,ST RD 446,E RUSH RIDGE RD,,0.0,,39.17234,-86.50965,ST RD,,RURAL,N,N,N,,DAYLIGHT,CLEAR,DRY,,NO JUNCTION INVOLVED,,ASPHALT,ANIMAL/OBJECT IN RDWAY,COLLISION WITH DEER,ST RD 446RushRidgeRd,,2021-09-05 14:15:00,,,
1218,MONROE SD,BLOOMINGTON,2,0.0,1.0,0,0,,,,S FAIRFAX RD,E SMITHVILLE RD,,,,39.16657953823902,-86.53481461470189,LOCAL/CITY RD,N,RURAL,N,N,N,,DAYLIGHT,CLEAR,DRY,,FOUR-WAY INTERSECTION,STRAIGHT/LEVEL,ASPHALT,FAILURE TO YIELD RIGHT OF WAY,OTHER - EXPLAIN IN NARRATIVE,ESMITHVILLERDSFAIRFAXRD,STOP SIGN,2021-09-05 14:51:00,,,
1219,MONROE SD,BLOOMINGTON,1,0.0,0.0,0,0,5006,,,S ROGERS ST,,,,,39.23479415902075,-86.62634335951232,,Y,RURAL,N,N,N,,DARK (NOT LIGHTED),CLEAR,DRY,,NO JUNCTION INVOLVED,CURVE/LEVEL,ASPHALT,RAN OFF RD RIGHT,RAN OFF RD,SROGERSST,LN CONTROL,2021-09-04 03:50:00,,,
1220,BLOOMINGTON PD,BLOOMINGTON,1,0.0,1.0,0,0,,,,N COLLEGE AVE,INDIANA RAILRD BRIDGE,,500.0,N,39.136100135653564,-86.54012467099854,LOCAL/CITY RD,Y,URBAN,N,N,N,,DAYLIGHT,CLOUDY,DRY,,NO JUNCTION INVOLVED,STRAIGHT/GRADE,ASPHALT,PEDESTRIAN ACTION,COLLISION WITH OBJECT IN RD,11THSTCOLLEGEAVE,LN CONTROL,2021-09-04 12:00:00,,,True
1221,BLOOMINGTON PD,BLOOMINGTON,3,0.0,1.0,0,0,,,,ST RD 46,E 7TH ST,,,,39.15373905398357,-86.57446676226151,ST RD,N,URBAN,N,N,N,,DAYLIGHT,CLOUDY,DRY,,FOUR-WAY INTERSECTION,STRAIGHT/LEVEL,ASPHALT,FOLLOWING TOO CLOSELY,REAR END,E7THSTST RD 46S,NONE,2021-09-04 13:46:00,,,
1222,BLOOMINGTON PD,BLOOMINGTON,2,0.0,0.0,0,0,,,,W 11TH ST,N MORTON ST,,,,39.17515152435579,-86.52357374174268,LOCAL/CITY RD,N,URBAN,N,N,N,,DAYLIGHT,CLOUDY,DRY,,FOUR-WAY INTERSECTION,STRAIGHT/LEVEL,ASPHALT,FAILURE TO YIELD RIGHT OF WAY,RIGHT ANGLE,NMORTONSTW11THST,STOP SIGN,2021-09-04 14:24:00,,,
1223,MONROE SD,BLOOMINGTON,1,0.0,0.0,0,0,,,,ST RD 48,,,2500.0,W,39.1622310889554,-86.52593670246995,ST RD,N,RURAL,N,N,N,,DAYLIGHT,RAIN,WET,,T-INTERSECTION,CURVE/GRADE,ASPHALT,RAN OFF RD RIGHT,RAN OFF RD,ST RD 48EVERNALPK,NONE,2021-09-04 16:31:00,,,
1224,INDIANA UNIV BLOOMINGTON PD,BLOOMINGTON,1,0.0,0.0,0,0,,,,E 10TH ST,INDIANA RAILRD BRIDGE,,180.0,E,39.17896917612042,-86.53352260171673,LOCAL/CITY RD,N,URBAN,N,N,N,,DAYLIGHT,RAIN,WET,,NO JUNCTION INVOLVED,CURVE/GRADE,ASPHALT,SPEED TOO FAST FOR WEATHER CONDITIONS,OTHER - EXPLAIN IN NARRATIVE,TENTHSTUNIONVILLERD,NONE,2021-09-04 16:55:00,,,
1225,BLOOMINGTON PD,BLOOMINGTON,2,0.0,0.0,0,0,,,,W 3RD ST (N),S PATTERSON DR,,,,39.22100524555326,-86.60543198410296,LOCAL/CITY RD,N,URBAN,N,N,N,,DARK (LIGHTED),RAIN,WET,,FOUR-WAY INTERSECTION,STRAIGHT/LEVEL,ASPHALT,SPEED TOO FAST FOR WEATHER CONDITIONS,REAR END,SPATTERSONDRW 3RDST,TRAFFIC CONTROL SIGNAL,2021-09-04 17:05:00,,,
1226,MONROE SD,BLOOMINGTON,2,0.0,0.0,0,0,,,,S ROGERS ST,W CHURCH LN (S),,75.0,W,39.15421,-86.53368,LOCAL/CITY RD,N,RURAL,N,N,N,,DAYLIGHT,CLEAR,DRY,,FOUR-WAY INTERSECTION,CURVE/GRADE,ASPHALT,LEFT OF CENTER,SAME DIRECTION SIDESWIPE,SROGERSSTWCHURCHLN,NONE,2021-09-04 17:50:00,,,
1227,BLOOMINGTON PD,BLOOMINGTON,2,0.0,5.0,0,0,,,,ST RD 446,E MOORES PK,,,,-8.926340912481285e-06,-2.783120538395066e-05,ST RD,N,URBAN,N,Y,N,,DARK (NOT LIGHTED),RAIN,WET,,FOUR-WAY INTERSECTION,STRAIGHT/LEVEL,ASPHALT,FAILURE TO YIELD RIGHT OF WAY,LEFT TURN,EMOORESPKST RD 446S,STOP SIGN,2021-09-04 21:19:00,,,
1228,ISP BLOOMINGTON 33,BLOOMINGTON,2,,1.0,0,0,,90E,,ST RD 37,E MONROE DAM RD,,0.0,,39.65774152651998,-86.44697592704829,ST RD,,RURAL,N,N,Y,LN CLOSURE,DAWN/DUSK,CLEAR,DRY,,RAMP,,ASPHALT,FOLLOWING TOO CLOSELY,REAR END,ST RD 37southof090-RampE,,2021-09-03 07:05:00,,,
1229,ISP BLOOMINGTON 33,ELLETTSVILLE,2,,0.0,0,0,,,,ST RD 46,W FORREST PARK DR,,0.0,,39.16657598605678,-86.53488335225786,ST RD,,RURAL,N,N,N,,DAYLIGHT,CLEAR,DRY,,INTERCHANGE,,ASPHALT,FAILURE TO YIELD RIGHT OF WAY,RIGHT ANGLE,ST RD 46ForestParkDr,,2021-09-03 09:51:00,,,
1230,BLOOMINGTON PD,BLOOMINGTON,2,0.0,0.0,0,0,,,,ALLEY,,,500.0,W,39.167525676103416,-86.53629849231325,LOCAL/CITY RD,N,URBAN,N,N,N,,DAYLIGHT,CLEAR,DRY,,NO JUNCTION INVOLVED,STRAIGHT/LEVEL,ASPHALT,OVERSIZE/OVERWEIGHT LOAD,SAME DIRECTION SIDESWIPE,KIRKWOODAVESDUNNST,NONE,2021-09-03 10:37:00,,,
1231,INDIANA UNIV BLOOMINGTON PD,BLOOMINGTON,1,0.0,0.0,0,0,,,,N FEE LN,N EAGLESON AVE,,100.0,N,39.08453525521306,-86.42040691507832,LOCAL/CITY RD,N,URBAN,N,N,N,,DAYLIGHT,CLEAR,DRY,,NO JUNCTION INVOLVED,STRAIGHT/LEVEL,ASPHALT,CELL PHONE USAGE,OTHER - EXPLAIN IN NARRATIVE,NFEELNNEAGLESON AVEAVE,NONE,2021-09-03 11:00:00,,,
1232,MONROE SD,ELLETTSVILLE,2,1.0,0.0,0,0,,,,ST RD 46,N SMITH PK,,660.0,W,39.07113395292266,-86.50318552881402,ST RD,N,URBAN,N,N,N,,DAYLIGHT,CLEAR,DRY,,NO JUNCTION INVOLVED,CURVE/LEVEL,ASPHALT,FOLLOWING TOO CLOSELY,REAR END,NSMITHPKST RD 46 W,NONE,2021-09-03 11:04:00,,,
1233,INDIANA UNIV BLOOMINGTON PD,BLOOMINGTON,2,0.0,0.0,0,0,,,,ST RD 45/46,E DISCOVERY PKWY,,,,39.16469592797857,-86.53862921544255,ST RD,N,URBAN,N,N,N,,DAYLIGHT,CLEAR,DRY,,T-INTERSECTION,STRAIGHT/LEVEL,ASPHALT,FOLLOWING TOO CLOSELY,REAR END,EDISCOVERYPKWYST RD 45N,TRAFFIC CONTROL SIGNAL,2021-09-03 12:14:00,,,
1234,MONROE SD,BLOOMINGTON,2,0.0,0.0,0,0,,,,S CURRY PK,W SIERRA DR,,,,39.17208,-86.53483,LOCAL/CITY RD,N,URBAN,N,N,N,,DAYLIGHT,CLEAR,DRY,,FOUR-WAY INTERSECTION,STRAIGHT/LEVEL,ASPHALT,IMPROPER TURNING,SAME DIRECTION SIDESWIPE,SCURRYPKWSIERRADR,LN CONTROL,2021-09-03 12:34:00,,,
1235,INDIANA UNIV BLOOMINGTON PD,BLOOMINGTON,4,0.0,0.0,0,0,,,,ST RD 45/46,E DISCOVERY PKWY,,,,39.16761098317269,-86.50007897276497,ST RD,N,URBAN,N,N,N,,DAYLIGHT,CLEAR,DRY,,T-INTERSECTION,STRAIGHT/LEVEL,ASPHALT,FOLLOWING TOO CLOSELY,REAR END,EDISCOVERYPARKWAYPKWYST RD 4546S,TRAFFIC CONTROL SIGNAL,2021-09-03 12:45:00,,,
1236,INDIANA UNIV BLOOMINGTON PD,BLOOMINGTON,2,0.0,0.0,0,0,,,,ST RD 45/46,E DISCOVERY PKWY,,,,39.17322802567719,-86.5360809744407,ST RD,N,URBAN,N,N,N,,DAYLIGHT,CLEAR,DRY,,NO JUNCTION INVOLVED,STRAIGHT/LEVEL,ASPHALT,FOLLOWING TOO CLOSELY,REAR END,EASTDISCOVERYPKWYST RD 46E,TRAFFIC CONTROL SIGNAL,2021-09-03 13:55:00,,,
1237,BLOOMINGTON PD,BLOOMINGTON,2,0.0,0.0,0,0,,,,E ATWATER AVE,S SWAIN AVE,,,,39.16859064441926,-86.66982481251446,LOCAL/CITY RD,N,URBAN,N,N,N,,DAYLIGHT,CLEAR,DRY,,FOUR-WAY INTERSECTION,STRAIGHT/GRADE,ASPHALT,IMPROPER TURNING,SAME DIRECTION SIDESWIPE,EASTATWATERAVESOUTHSWAINAVE,LN CONTROL,2021-09-03 14:06:00,,,
1238,BLOOMINGTON PD,BLOOMINGTON,2,0.0,0.0,0,0,,,,W 11TH ST,N ASHLYNN PARK DR,,,,39.17165349532925,-86.52702453133266,LOCAL/CITY RD,N,URBAN,N,N,B,,DAYLIGHT,CLEAR,DRY,,T-INTERSECTION,STRAIGHT/LEVEL,CONCRETE,FAILURE TO YIELD RIGHT OF WAY,RIGHT ANGLE,ASHLYNPARKDRW11THST,STOP SIGN,2021-09-03 16:13:00,,,
1239,INDIANA UNIV BLOOMINGTON PD,BLOOMINGTON,2,0.0,0.0,0,0,,,,E 17TH ST,N INDIANA AVE,,,,39.16436367895484,-86.55197869082237,LOCAL/CITY RD,N,URBAN,N,N,N,,DAYLIGHT,CLEAR,DRY,,T-INTERSECTION,STRAIGHT/LEVEL,ASPHALT,FOLLOWING TOO CLOSELY,REAR END,EAST17THSTINDIANAAVE,STOP SIGN,2021-09-03 17:41:00,,,
1240,BLOOMINGTON PD,BLOOMINGTON,1,0.0,1.0,0,0,,,,I-69 N,,,3500.0,S,39.10671257674114,-86.540264170177,INTERSTATE,N,URBAN,N,N,N,,DAYLIGHT,CLEAR,DRY,,NO JUNCTION INVOLVED,STRAIGHT/GRADE,ASPHALT,UNSAFE SPEED,RAN OFF RD,I-69 NSTATERD4546HWY,LN CONTROL,2021-09-03 18:45:00,,,
1241,MONROE SD,BLOOMINGTON,2,0.0,0.0,0,0,2963,,,S BUBBY ROY LN,,,,,39.150337572281515,-86.47140153216809,COUNTY RD,N,RURAL,N,N,N,,DAYLIGHT,CLEAR,DRY,,NO JUNCTION INVOLVED,CURVE/GRADE,ASPHALT,UNSAFE BACKING,BACKING CRASH,SBUBBYROYLN,NONE,2021-09-03 19:15:00,,,
1242,BLOOMINGTON PD,BLOOMINGTON,2,0.0,0.0,0,0,,,,I-69 N,,,1000.0,S,39.01998390186198,-86.53637000099276,INTERSTATE,N,URBAN,N,N,N,,DAYLIGHT,CLEAR,DRY,,NO JUNCTION INVOLVED,STRAIGHT/GRADE,ASPHALT,FOLLOWING TOO CLOSELY,REAR END,I-69 N120,NONE,2021-09-03 19:20:00,,,
1243,ISP BLOOMINGTON 33,BLOOMINGTON,2,,0.0,0,0,,,,S WALNUT ST,E HILLSIDE DR,,0.0,,39.21202280133359,-86.58705941771836,LOCAL/CITY RD,,URBAN,N,N,N,,DAYLIGHT,CLEAR,DRY,,FOUR-WAY INTERSECTION,,ASPHALT,FAILURE TO YIELD RIGHT OF WAY,LEFT TURN,WalnutStHillsideDr,,2021-09-02 07:41:00,,,
1244,BLOOMINGTON PD,BLOOMINGTON,2,0.0,1.0,0,0,,,,N INDIANA AVE,E 12TH ST,,,,39.166612230927974,-86.53000442897302,LOCAL/CITY RD,N,URBAN,N,N,N,,DAYLIGHT,CLEAR,DRY,,FOUR-WAY INTERSECTION,STRAIGHT/LEVEL,ASPHALT,FAILURE TO YIELD RIGHT OF WAY,RIGHT ANGLE,E12THSTNINDIANAAVE,NONE,2021-09-02 08:50:00,,,
1245,ISP BLOOMINGTON 33,BLOOMINGTON,2,,0.0,0,0,,,,W BLOOMFIELD RD,S RANSOM LN,,0.0,,39.18375,-86.51919,LOCAL/CITY RD,,URBAN,N,N,N,,DAYLIGHT,CLEAR,DRY,,NO JUNCTION INVOLVED,,ASPHALT,FOLLOWING TOO CLOSELY,REAR END,WBloomfieldRdSRansomLn,,2021-09-02 12:45:00,,,
1246,BLOOMINGTON PD,BLOOMINGTON,2,0.0,0.0,0,0,,,,S WALNUT ST,E 2ND ST,,150.0,E,39.209940839297005,-86.58274975675873,LOCAL/CITY RD,N,URBAN,N,N,N,,DAYLIGHT,CLEAR,DRY,,NO JUNCTION INVOLVED,STRAIGHT/LEVEL,ASPHALT,FOLLOWING TOO CLOSELY,REAR END,2NDSTWALNUTST,NONE,2021-09-02 12:52:00,,,
1247,MONROE SD,BLOOMINGTON,2,0.0,0.0,0,0,400,,,S MADISON ST,,,,,39.17144850533367,-86.49539162809542,COUNTY RD,Y,RURAL,N,N,N,,DAWN/DUSK,CLEAR,DRY,,NO JUNCTION INVOLVED,STRAIGHT/LEVEL,ASPHALT,UNSAFE BACKING,BACKING CRASH,WTERRACEDR,LN CONTROL,2021-09-02 13:47:00,,,
1248,ISP BLOOMINGTON 33,BLOOMINGTON,1,,1.0,0,0,,,,W KARST FARM PARK DR,,,500.0,,39.152543880683936,-86.5825943627703,COUNTY RD,,RURAL,N,N,N,,DAYLIGHT,CLEAR,DRY,,NO JUNCTION INVOLVED,,ASPHALT,,OTHER - EXPLAIN IN NARRATIVE,WKarstFarmParkDrS.EndwrightRd.,,2021-09-02 15:44:00,,True,
1249,MONROE SD,BLOOMINGTON,2,0.0,0.0,0,0,,,,N CURRY PK,W WOODYARD,,,,39.17146808334692,-86.49539097929305,LOCAL/CITY RD,N,URBAN,N,N,N,,DAYLIGHT,CLEAR,DRY,,NO JUNCTION INVOLVED,CURVE/LEVEL,ASPHALT,UNSAFE LN MOVEMENT,SAME DIRECTION SIDESWIPE,CURRYPKWOODYARDRD,TRAFFIC CONTROL SIGNAL,2021-09-02 17:07:00,,,
1250,BLOOMINGTON PD,BLOOMINGTON,2,0.0,0.0,0,0,,,,E 3RD ST,S ROOSEVELT ST,,,,39.171477723103514,-86.49537685848568,LOCAL/CITY RD,N,URBAN,N,N,N,,DAYLIGHT,CLEAR,DRY,,T-INTERSECTION,STRAIGHT/GRADE,ASPHALT,FOLLOWING TOO CLOSELY,REAR END,EAST3RDSTSOUTHROOSEVELTST,NONE,2021-09-02 19:10:00,,,
1251,INDIANA UNIV BLOOMINGTON PD,BLOOMINGTON,3,0.0,0.0,0,0,,,,E 3RD ST,S INDIANA AVE,,,,39.163046805600324,-86.51530577139961,LOCAL/CITY RD,Y,URBAN,N,N,N,,DAYLIGHT,CLEAR,DRY,,,STRAIGHT/LEVEL,ASPHALT,FOLLOWING TOO CLOSELY,REAR END,HENDERSONST3RDST,NONE,2021-09-02 19:20:00,,,
1252,MONROE SD,BLOOMINGTON,1,0.0,0.0,0,0,,,,W DUNLEIGH DR,N BROOKBANK DR,,100.0,E,39.17326,-86.53689,COUNTY RD,N,URBAN,N,N,N,,DARK (NOT LIGHTED),CLEAR,DRY,,NO JUNCTION INVOLVED,CURVE/LEVEL,ASPHALT,RAN OFF RD RIGHT,RAN OFF RD,BROOKBANKDRDUNLEIGHDR,NONE,2021-09-02 22:27:00,,,
1253,MONROE SD,BLOOMINGTON,1,0.0,0.0,0,1,,,,ST RD 45,W HINDS RD (NE),,100.0,W,39.17902,-86.52704,ST RD,N,RURAL,N,N,N,,DARK (NOT LIGHTED),CLEAR,DRY,,NO JUNCTION INVOLVED,CURVE/GRADE,ASPHALT,ANIMAL/OBJECT IN RDWAY,COLLISION WITH DEER,HINDSRDST RD 45 W,LN CONTROL,2021-09-01 06:19:00,,,
1254,BLOOMINGTON PD,BLOOMINGTON,2,0.0,0.0,0,0,,,,N WALNUT ST,E 10TH ST,,,,-3.137909175294221e-07,-4.3801526026976456e-05,LOCAL/CITY RD,N,URBAN,N,N,N,,DAYLIGHT,CLEAR,DRY,,FOUR-WAY INTERSECTION,STRAIGHT/GRADE,ASPHALT,DISREGARD SIGNAL/REG SIGN,RIGHT ANGLE,10THSTWALNUTST,TRAFFIC CONTROL SIGNAL,2021-09-01 08:17:00,,,
1255,BLOOMINGTON PD,BLOOMINGTON,3,0.0,1.0,0,0,,,,W BLOOMFIELD RD,S LANDMARK AVE,,,,39.136197692229466,-86.64448725771486,LOCAL/CITY RD,N,URBAN,N,N,N,,DAYLIGHT,CLEAR,DRY,,FOUR-WAY INTERSECTION,STRAIGHT/LEVEL,ASPHALT,DRIVER DISTRACTED - EXPLAIN IN NARRATIVE,REAR END,SLANDMARKAVEWBLOOMFIELDRD,NONE,2021-09-01 13:22:00,,,
1256,MONROE SD,BLOOMINGTON,2,0.0,0.0,0,0,3501,,,N PROW RD,,,,,-1.8133137995395137e-05,-3.578043068857529e-05,LOCAL/CITY RD,N,URBAN,Y,N,N,,DAYLIGHT,CLEAR,DRY,,NO JUNCTION INVOLVED,STRAIGHT/GRADE,ASPHALT,FOLLOWING TOO CLOSELY,REAR END,NPROWRD,NONE,2021-09-01 15:28:00,,,
1257,MONROE SD,BLOOMINGTON,1,0.0,0.0,0,1,,,,S SHIELDS RIDGE RD,,,800.0,S,39.150507896533,-86.533699354318,COUNTY RD,N,RURAL,N,N,N,,DAWN/DUSK,CLEAR,DRY,,NO JUNCTION INVOLVED,CURVE/GRADE,ASPHALT,ANIMAL/OBJECT IN RDWAY,COLLISION WITH DEER,PAYNETOWNRDSHIELDSRIDGERD,NONE,2021-09-01 19:52:00,,,
1258,INDIANA UNIV BLOOMINGTON PD,BLOOMINGTON,2,0.0,0.0,0,0,,,,E 10TH ST,N FORREST AVE,,,,39.174294244608106,-86.52700486010812,LOCAL/CITY RD,N,URBAN,N,N,N,,DAYLIGHT,CLOUDY,DRY,,NO JUNCTION INVOLVED,STRAIGHT/LEVEL,ASPHALT,UNSAFE SPEED,REAR END,FORRESTAVETENTHST,NONE,2021-08-31 11:05:00,,,
1259,BLOOMINGTON PD,BLOOMINGTON,2,0.0,0.0,0,0,,,,E LONGVIEW AVE,N PETE LLIS DR,,,,39.15926,-86.55527,LOCAL/CITY RD,N,URBAN,N,N,N,,DAYLIGHT,CLEAR,DRY,,FOUR-WAY INTERSECTION,STRAIGHT/LEVEL,ASPHALT,DISREGARD SIGNAL/REG SIGN,RIGHT ANGLE,ELONGVIEWAVENPETEELLISDR,STOP SIGN,2021-08-31 13:27:00,,,
1260,ISP BLOOMINGTON 33,BLOOMINGTON,1,,0.0,0,0,,,,I-69 S,,,634.0,,39.16137210670766,-86.53364526071104,INTERSTATE,,RURAL,N,N,N,,DAYLIGHT,RAIN,WET,,NO JUNCTION INVOLVED,,ASPHALT,SPEED TOO FAST FOR WEATHER CONDITIONS,,I-69127,,2021-08-31 14:58:00,,,
1261,BLOOMINGTON PD,BLOOMINGTON,2,0.0,0.0,0,0,,,,N ROGERS ST,W 7TH ST,,,,39.12795057736182,-86.53680283523025,LOCAL/CITY RD,N,URBAN,Y,N,N,,DAYLIGHT,RAIN,WET,,FOUR-WAY INTERSECTION,STRAIGHT/LEVEL,ASPHALT,DISREGARD SIGNAL/REG SIGN,RIGHT ANGLE,NORTHROGERSSTWEST7THST,STOP SIGN,2021-08-31 15:49:00,,,
1262,ISP BLOOMINGTON 33,BLOOMINGTON,1,,0.0,0,0,,,,I-69 N,,,1003.0,,39.14093118207218,-86.5987062270937,INTERSTATE,,RURAL,N,N,N,,DAYLIGHT,RAIN,WET,,NO JUNCTION INVOLVED,,ASPHALT,SPEED TOO FAST FOR WEATHER CONDITIONS,,I-69122,,2021-08-31 15:59:00,,,
1263,BLOOMINGTON PD,BLOOMINGTON,2,0.0,0.0,0,0,,,,W GRIMES LN,S MORTON ST,,,,39.19022656700775,-86.58254935603955,LOCAL/CITY RD,N,URBAN,N,N,N,,DAYLIGHT,RAIN,WET,,T-INTERSECTION,STRAIGHT/LEVEL,ASPHALT,FOLLOWING TOO CLOSELY,REAR END,SMORTONSTWGRIMESLN,NONE,2021-08-31 16:31:00,,,
1264,BLOOMINGTON PD,BLOOMINGTON,2,0.0,0.0,0,0,,,,N COLLEGE AVE,W 7TH ST,,,,39.16424048661586,-86.50602037462295,LOCAL/CITY RD,N,URBAN,N,N,N,,DAYLIGHT,RAIN,WET,,FOUR-WAY INTERSECTION,STRAIGHT/GRADE,ASPHALT,FAILURE TO YIELD RIGHT OF WAY,SAME DIRECTION SIDESWIPE,NORTHCOLLEGEAVEWEST7THST,TRAFFIC CONTROL SIGNAL,2021-08-31 16:45:00,,,
1265,MONROE SD,BLOOMINGTON,2,0.0,0.0,0,0,,,,N MATTHEWS DR,,,750.0,W,39.16426938307892,-86.52691084828014,LOCAL/CITY RD,N,RURAL,N,N,N,,DAYLIGHT,CLEAR,DRY,,NO JUNCTION INVOLVED,CURVE/GRADE,ASPHALT,IMPROPER PASSING,SAME DIRECTION SIDESWIPE,NMATTHEWSDRWDELAPRD,LN CONTROL,2021-08-31 17:04:00,,,
1266,BLOOMINGTON PD,BLOOMINGTON,3,0.0,0.0,0,0,,,,N COLLEGE AVE,W 7TH ST,,50.0,N,39.215238411471596,-86.60008895278825,LOCAL/CITY RD,N,URBAN,N,N,N,,DAYLIGHT,RAIN,WET,,NO JUNCTION INVOLVED,STRAIGHT/GRADE,ASPHALT,FOLLOWING TOO CLOSELY,REAR END,NCOLLEGEAVEW7THST,LN CONTROL,2021-08-31 17:05:00,,,
1267,BLOOMINGTON PD,BLOOMINGTON,2,0.0,0.0,0,0,,,,W FULLERTON PK,S LEONARD SPRINGS RD,,,,39.08987333889878,-86.66630532533506,LOCAL/CITY RD,Y,RURAL,N,N,N,,DAYLIGHT,CLOUDY,WET,,T-INTERSECTION,STRAIGHT/LEVEL,ASPHALT,DISREGARD SIGNAL/REG SIGN,LEFT TURN,SLEONARDSPRINGSRDWFULLERTONPK,STOP SIGN,2021-08-31 17:54:00,,,
1268,MONROE SD,BLOOMINGTON,3,0.0,0.0,0,0,,,,N THOMAS RD,,,1000.0,S,39.171649187870216,-86.53360013489494,COUNTY RD,N,RURAL,N,N,N,,DAYLIGHT,CLEAR,WET,,NO JUNCTION INVOLVED,STRAIGHT/HILLCREST,ASPHALT,SPEED TOO FAST FOR WEATHER CONDITIONS,REAR END,THOMASRDTULIPST,NONE,2021-08-31 18:04:00,,,
1269,INDIANA UNIV BLOOMINGTON PD,BLOOMINGTON,1,0.0,1.0,0,0,,,,E 17TH ST,N EAGLESON AVE (W),,427.0,E,39.15993,-86.55382,LOCAL/CITY RD,N,URBAN,N,N,N,,DARK (NOT LIGHTED),CLEAR,WET,,T-INTERSECTION,STRAIGHT/HILLCREST,ASPHALT,PEDESTRIAN ACTION,COLLISION WITH OBJECT IN RD,EAST17THSTEAGLESON AVEAVE,LN CONTROL,2021-08-31 22:10:00,,,True
1270,MONROE SD,BLOOMINGTON,2,0.0,0.0,0,0,,,,S ROGERS ST,W WALLS DR,,,,39.202048,-86.552096,LOCAL/CITY RD,N,URBAN,N,N,N,,DAYLIGHT,RAIN,WET,,NO JUNCTION INVOLVED,STRAIGHT/LEVEL,ASPHALT,SPEED TOO FAST FOR WEATHER CONDITIONS,REAR END,SOUTHROGERSSTWESTWALLSDR,NONE,2021-08-30 07:55:00,,,
1271,MONROE SD,BLOOMINGTON,1,0.0,0.0,0,0,,,,I-69 N,,,2500.0,S,39.00527601872362,-86.47715525748369,INTERSTATE,N,RURAL,N,Y,N,,DAYLIGHT,RAIN,WET,,RAMP,STRAIGHT/GRADE,ASPHALT,SPEED TOO FAST FOR WEATHER CONDITIONS,RAN OFF RD,I-69 N125.0,NONE,2021-08-30 08:03:00,,,
1272,BLOOMINGTON PD,BLOOMINGTON,2,0.0,0.0,0,0,,,,E WYLIE ST,,,200.0,E,39.17161598540601,-86.52241600643414,LOCAL/CITY RD,N,URBAN,N,N,N,,DAYLIGHT,RAIN,WET,,NO JUNCTION INVOLVED,STRAIGHT/LEVEL,ASPHALT,DRIVER DISTRACTED - EXPLAIN IN NARRATIVE,REAR END,WOODLAWNAVEWYLIEST,NONE,2021-08-30 10:00:00,,,
1273,BLOOMINGTON PD,BLOOMINGTON,2,0.0,0.0,0,0,,,,ST RD 45/46,N KINSER PK,,,,39.16686860740051,-86.4949350776922,ST RD,N,URBAN,N,N,N,,DAYLIGHT,RAIN,WET,,FOUR-WAY INTERSECTION,STRAIGHT/LEVEL,ASPHALT,SPEED TOO FAST FOR WEATHER CONDITIONS,REAR END,NKINSERPKST RD 4546E,TRAFFIC CONTROL SIGNAL,2021-08-30 11:28:00,,,
1274,INDIANA UNIV BLOOMINGTON PD,BLOOMINGTON,2,0.0,0.0,0,0,,,,E 17TH ST,N FEE LN,,,,39.27934032084127,-86.52361307104778,LOCAL/CITY RD,N,URBAN,N,N,N,,DAYLIGHT,RAIN,WET,,FOUR-WAY INTERSECTION,STRAIGHT/GRADE,ASPHALT,SPEED TOO FAST FOR WEATHER CONDITIONS,REAR END,EAST17THSTFEELN,TRAFFIC CONTROL SIGNAL,2021-08-30 11:37:00,,,
1275,BLOOMINGTON PD,BLOOMINGTON,2,0.0,0.0,0,0,,,,S ROGERS ST,W 4TH ST,,,,39.168576304705866,-86.53866791971934,LOCAL/CITY RD,N,URBAN,N,N,N,,DAYLIGHT,CLOUDY,WET,,FOUR-WAY INTERSECTION,STRAIGHT/GRADE,ASPHALT,FAILURE TO YIELD RIGHT OF WAY,RIGHT ANGLE,SROGERSSTW4THST,STOP SIGN,2021-08-30 12:47:00,,,
1276,BLOOMINGTON PD,BLOOMINGTON,2,0.0,0.0,0,0,,,,W KIRKWOOD AVE,S ADAMS ST,,,,39.219772769499315,-86.55070245703614,LOCAL/CITY RD,Y,URBAN,N,N,N,,DAYLIGHT,CLOUDY,DRY,,NO JUNCTION INVOLVED,CURVE/GRADE,ASPHALT,FOLLOWING TOO CLOSELY,REAR END,SADAMSSTWKIRKWOODAVE,LN CONTROL,2021-08-30 13:14:00,,,
1277,MONROE SD,BLOOMINGTON,1,0.0,0.0,0,0,,,,W POPCORN RD,S ROCKPORT RD,,,,39.15332470197657,-86.53639467510793,,Y,RURAL,N,N,N,,DAYLIGHT,RAIN,WET,,NO JUNCTION INVOLVED,CURVE/GRADE,ASPHALT,RAN OFF RD RIGHT,RAN OFF RD,POPCORNRDROCKPORTRD,NONE,2021-08-30 13:50:00,,,