_id,Agency,City,Vehicles Involved,Trailers Involved,Number Injured,Number Dead,Number Deer,House Number,Roadway Interchange,Roadway Ramp,Roadway Id,Intersecting Road,Interchange,Feet From,Direction,Latitude,Longitude,Roadway Class,Hit and Run?,Locality,School Zone?,Rumble Strips?,Construction?,Construction Type,Light Condition,Weather Conditions,Surface Condition,Type of Median,Roadway Junction Type,Road Character,Roadway Surface,Primary Factor,Manner of Collision,Unique Location Id,Traffic Control,DateTime,Address Number,Cyclist Involved,Pedestrian Involved
1278,INDIANA UNIV BLOOMINGTON PD,BLOOMINGTON,2,0.0,2.0,0,0,,,,ST RD 45/46,N DUNN ST,,100.0,E,39.168533960399785,-86.53486468296109,ST RD,N,URBAN,N,N,N,,DAYLIGHT,RAIN,WET,,T-INTERSECTION,STRAIGHT/GRADE,ASPHALT,FAILURE TO YIELD RIGHT OF WAY,RIGHT ANGLE,DUNNSTST RD 46E,STOP SIGN,2021-08-30 16:20:00,,,
1279,BLOOMINGTON PD,BLOOMINGTON,2,0.0,0.0,0,0,,,,S LEONARD SPRINGS RD,ST RD 45,,,,-1.8519880375336268e-05,-1.4393379887576023e-05,LOCAL/CITY RD,N,URBAN,N,N,N,,DAYLIGHT,RAIN,WET,,FOUR-WAY INTERSECTION,STRAIGHT/GRADE,ASPHALT,FAILURE TO YIELD RIGHT OF WAY,RIGHT ANGLE,EASTSTATEHIGHWAY45HWYSOUTHLEONARDSPRINGSRD,TRAFFIC CONTROL SIGNAL,2021-08-30 16:50:00,,,
1280,MONROE SD,BLOOMINGTON,2,0.0,0.0,0,0,,,,ST RD 45,W ELLER RD,,,,39.16853012109249,-86.53486407857308,ST RD,N,RURAL,N,N,N,,DAYLIGHT,RAIN,WET,,FOUR-WAY INTERSECTION,STRAIGHT/LEVEL,CONCRETE,IMPROPER LN USAGE,SAME DIRECTION SIDESWIPE,ST RD 45 WWELLERRD,NONE,2021-08-30 17:09:00,,,
1281,BLOOMINGTON PD,BLOOMINGTON,2,0.0,1.0,0,0,,,,W COUNTRY CLUB DR,S WALNUT ST,,,,39.12337913092373,-86.58257717591438,LOCAL/CITY RD,N,URBAN,N,N,N,,DAYLIGHT,RAIN,WET,,FOUR-WAY INTERSECTION,STRAIGHT/LEVEL,ASPHALT,FOLLOWING TOO CLOSELY,REAR END,SOUTHWALNUTSTWINSLOWRD,TRAFFIC CONTROL SIGNAL,2021-08-30 17:15:00,,,
1282,MONROE SD,BLOOMINGTON,2,0.0,0.0,0,0,,,,S WALNUT ST,E DILLMAN RD,,0.0,N,39.21095316988373,-86.63031785337705,LOCAL/CITY RD,N,URBAN,N,N,N,,DAYLIGHT,RAIN,WET,,FOUR-WAY INTERSECTION,STRAIGHT/GRADE,ASPHALT,FAILURE TO YIELD RIGHT OF WAY,LEFT/RIGHT TURN,EDILLMANRDSOLDST RD 37RD,FLASHING OVERHEAD BEACON,2021-08-30 17:20:00,,,
1283,MONROE SD,BLOOMINGTON,2,0.0,0.0,0,0,,,,I-69 S,,,500.0,N,39.1788051026708,-86.51246462871188,INTERSTATE,N,RURAL,N,N,N,,DAYLIGHT,RAIN,WET,,NO JUNCTION INVOLVED,STRAIGHT/LEVEL,ASPHALT,RDWAY SURFACE CONDITION,RIGHT ANGLE,I-69S128,NONE,2021-08-30 17:37:00,,,
1284,ELLETTSVILLE PD,ELLETTSVILLE,2,0.0,0.0,0,0,,,,ST RD 46 (WB),N MATTHEWS DR (N),,,,39.1341219584796,-86.53840955255201,LOCAL/CITY RD,N,URBAN,N,N,N,,DAYLIGHT,RAIN,WET,,FOUR-WAY INTERSECTION,STRAIGHT/LEVEL,ASPHALT,OTHER (DRIVER) - EXPLAIN IN NARRATIVE,REAR END,MAINSTMATTHEWSDR,TRAFFIC CONTROL SIGNAL,2021-08-30 18:25:00,,,
1285,MONROE SD,BLOOMINGTON,2,0.0,0.0,0,0,,,,ST RD 37,S VICTOR PK,,,,-1.0751476752850833e-05,-1.3144879842112803e-05,ST RD,N,RURAL,N,N,Y,LN CLOSURE,DAWN/DUSK,RAIN,WET,,FOUR-WAY INTERSECTION,STRAIGHT/GRADE,ASPHALT,SPEED TOO FAST FOR WEATHER CONDITIONS,REAR END,S ST RD 37VICTORPK,LN CONTROL,2021-08-30 18:54:00,,,
1286,BLOOMINGTON PD,BLOOMINGTON,2,0.0,0.0,0,0,,,,W COUNTRY CLUB DR,S BANTA AVE,,150.0,W,39.158618113566874,-86.52184861533159,LOCAL/CITY RD,N,URBAN,N,N,N,,DAYLIGHT,CLOUDY,WET,,NO JUNCTION INVOLVED,STRAIGHT/GRADE,ASPHALT,FOLLOWING TOO CLOSELY,REAR END,SBANTAAVEWCOUNTRYCLUBDR,LN CONTROL,2021-08-29 11:46:00,,,
1287,ISP JASPER 34,BLOOMINGTON,1,,1.0,0,0,,,,I-69 S,,,0.0,,39.186412616885605,-86.53774551388523,INTERSTATE,,RURAL,N,Y,N,,DARK (NOT LIGHTED),CLEAR,DRY,,NO JUNCTION INVOLVED,,ASPHALT,,RAN OFF RD,I-69,,2021-08-29 12:49:00,,,
1288,MONROE SD,BLOOMINGTON,2,0.0,0.0,0,0,,,,N SHUFFLE CREEK RD,E MIDVIEW DR,,,,39.17899,-86.51897,LOCAL/CITY RD,N,RURAL,N,N,N,,DAYLIGHT,CLEAR,DRY,,T-INTERSECTION,STRAIGHT/LEVEL,ASPHALT,IMPROPER PASSING,SAME DIRECTION SIDESWIPE,MIDVIEWDRSHUFFLECREEKRD,NONE,2021-08-29 14:22:00,,,
1289,BLOOMINGTON PD,BLOOMINGTON,2,0.0,0.0,0,0,,,,S BASSWOOD DR,S MULLER PKWY,,,,39.16561299159239,-86.53873394545379,LOCAL/CITY RD,Y,URBAN,N,N,N,,DAYLIGHT,CLEAR,DRY,,T-INTERSECTION,CURVE/GRADE,ASPHALT,UNSAFE LN MOVEMENT,SAME DIRECTION SIDESWIPE,SBASSWOODDRSMULLERPKWY,NONE,2021-08-29 16:41:00,,,
1290,INDIANA UNIV BLOOMINGTON PD,BLOOMINGTON,2,0.0,0.0,0,0,,,,N EAGLESON AVE,E 17TH ST,,,,39.16667976216319,-86.5496351760021,LOCAL/CITY RD,N,URBAN,N,N,N,,DAWN/DUSK,CLEAR,DRY,,NO JUNCTION INVOLVED,STRAIGHT/LEVEL,ASPHALT,UNSAFE BACKING,BACKING CRASH,17THSTNEAGLESON AVEAVE,NONE,2021-08-29 19:36:00,,,
1291,INDIANA UNIV BLOOMINGTON PD,BLOOMINGTON,1,0.0,0.0,0,0,150,,,ENTRANCE TO EAGLESON AVE PARKING GARAGE,,,,,39.00273789505162,-86.58989917471624,UNKNOWN,N,URBAN,N,N,N,,DAWN/DUSK,CLEAR,DRY,,NO JUNCTION INVOLVED,STRAIGHT/LEVEL,CONCRETE,IMPROPER TURNING,COLLISION WITH OBJECT IN RD,NEAGLESON AVEAVE,NONE,2021-08-29 20:10:00,,,
1292,BLOOMINGTON PD,BLOOMINGTON,2,1.0,0.0,0,0,,,,S COLLEGE MALL RD,ST RD 46,,,,39.18628171095211,-86.52845971654727,LOCAL/CITY RD,Y,URBAN,N,N,N,,DARK (LIGHTED),CLEAR,DRY,,FOUR-WAY INTERSECTION,STRAIGHT/LEVEL,ASPHALT,DISREGARD SIGNAL/REG SIGN,RIGHT ANGLE,3RDSTCOLLEGEMALLRD,TRAFFIC CONTROL SIGNAL,2021-08-28 05:40:00,,,
1293,BLOOMINGTON PD,BLOOMINGTON,1,0.0,0.0,0,0,,,,S SMITH RD,E BROWNRIDGE RD,,,,39.14195,-86.58259,LOCAL/CITY RD,N,URBAN,N,N,N,,DARK (NOT LIGHTED),CLEAR,DRY,,FOUR-WAY INTERSECTION,STRAIGHT/GRADE,ASPHALT,RAN OFF RD RIGHT,RAN OFF RD,EBROWNRIDGERDSSMITHRD,NONE,2021-08-28 06:32:00,,,
1294,BLOOMINGTON PD,BLOOMINGTON,2,0.0,0.0,0,0,,,,ST RD 46,E 7TH ST,,100.0,S,39.12237309368537,-86.61431113716446,ST RD,N,URBAN,N,N,N,,DAYLIGHT,CLEAR,DRY,,NO JUNCTION INVOLVED,STRAIGHT/LEVEL,ASPHALT,FOLLOWING TOO CLOSELY,REAR END,E7THSTST RD 46S,NONE,2021-08-28 14:27:00,,,
1295,BLOOMINGTON PD,BLOOMINGTON,2,0.0,1.0,0,0,,,,S COLLEGE MALL RD,ST RD 46,,50.0,S,39.135924552500136,-86.53115765130273,LOCAL/CITY RD,N,URBAN,N,N,N,,DAYLIGHT,CLEAR,DRY,,NO JUNCTION INVOLVED,STRAIGHT/LEVEL,ASPHALT,FAILURE TO YIELD RIGHT OF WAY,LEFT TURN,E 3RDSTSCOLLEGEMALLRD,NONE,2021-08-28 15:13:00,,,
1296,INDIANA UNIV BLOOMINGTON PD,BLOOMINGTON,2,0.0,1.0,0,0,,,,N EAGLESON AVE,E 10TH ST,,,,39.092870251821864,-86.5340614848929,LOCAL/CITY RD,N,URBAN,N,N,N,,DAYLIGHT,CLEAR,DRY,,NO JUNCTION INVOLVED,STRAIGHT/GRADE,ASPHALT,IMPROPER TURNING,LEFT TURN,EAGLESON AVEAVETENTHST,NONE,2021-08-28 16:02:00,,,
1297,BLOOMINGTON PD,BLOOMINGTON,2,0.0,0.0,0,0,,,,ST RD 45/46,N WALNUT ST,,,,-2.0797681401882724e-05,-2.2130235564410236e-05,LOCAL/CITY RD,N,URBAN,N,N,N,,DAYLIGHT,CLEAR,DRY,,FOUR-WAY INTERSECTION,STRAIGHT/LEVEL,ASPHALT,FOLLOWING TOO CLOSELY,REAR END,NWALNUTSTST RD 46HWY,TRAFFIC CONTROL SIGNAL,2021-08-28 18:35:00,,,
1298,MONROE SD,BLOOMINGTON,1,0.0,0.0,0,0,,,,ST RD 46,N LOWER BIRDIE GALYAN RD,,,,39.23599,-86.62498,ST RD,N,RURAL,N,N,N,,DAYLIGHT,CLEAR,DRY,,T-INTERSECTION,CURVE/HILLCREST,ASPHALT,IMPROPER TURNING,RAN OFF RD,NLOWERBIRDIEGALYANRDST RD 46E,NONE,2021-08-28 19:01:00,,,
1299,MONROE SD,BLOOMINGTON,1,0.0,0.0,0,1,,,,ST RD 37,,,3500.0,S,39.10564602774468,-86.55127516919826,ST RD,N,RURAL,N,N,N,,DARK (NOT LIGHTED),CLEAR,DRY,,NO JUNCTION INVOLVED,STRAIGHT/GRADE,ASPHALT,ANIMAL/OBJECT IN RDWAY,COLLISION WITH DEER,SOUTHZIKESRDS ST RD 37,NONE,2021-08-27 05:30:00,,,
1300,BLOOMINGTON PD,BLOOMINGTON,3,0.0,2.0,0,0,2600,,,N WALNUT ST,E GLENDORA DR,,100.0,N,39.13625,-86.54483,LOCAL/CITY RD,N,URBAN,N,N,N,,DAYLIGHT,CLEAR,DRY,,NO JUNCTION INVOLVED,STRAIGHT/LEVEL,ASPHALT,LEFT OF CENTER,HEAD ON BETWEEN TWO MOTOR VEHICLES,2600NWALNUTSTGLENDORARD,LN CONTROL,2021-08-27 07:27:00,,,
1301,MONROE SD,BLOOMINGTON,2,0.0,0.0,0,0,,,,ST RD 46,N SMITH PK,,,,39.27315800578582,-86.52351857137488,ST RD,N,URBAN,N,N,N,,DAYLIGHT,CLEAR,DRY,,FOUR-WAY INTERSECTION,STRAIGHT/GRADE,ASPHALT,FOLLOWING TOO CLOSELY,REAR END,NORTHSMITHPKST RD 46 W,TRAFFIC CONTROL SIGNAL,2021-08-27 07:33:00,,,
1302,MONROE SD,BLOOMINGTON,2,0.0,0.0,0,0,,,,S SMITH PK,,,500.0,N,39.25036204468234,-86.40159898212407,LOCAL/CITY RD,N,URBAN,N,N,N,,DAYLIGHT,CLEAR,DRY,,T-INTERSECTION,STRAIGHT/LEVEL,ASPHALT,FAILURE TO YIELD RIGHT OF WAY,RIGHT ANGLE,NELSONLNSSMITHPK,NONE,2021-08-27 08:35:00,,,
1303,INDIANA UNIV BLOOMINGTON PD,BLOOMINGTON,2,0.0,0.0,0,0,,,,N EAGLESON AVE,N FISHER CT,,500.0,W,39.15854467530718,-86.56795977697874,LOCAL/CITY RD,N,URBAN,N,N,N,,DAYLIGHT,CLEAR,DRY,,NO JUNCTION INVOLVED,STRAIGHT/LEVEL,ASPHALT,OTHER (DRIVER) - EXPLAIN IN NARRATIVE,OTHER - EXPLAIN IN NARRATIVE,EAGLESON AVEAVENFISHERCT,NONE,2021-08-27 10:47:00,,,
1304,BLOOMINGTON PD,BLOOMINGTON,2,0.0,0.0,0,0,,,,W 2ND ST,S COLLEGE AVE,,500.0,W,39.178784009026465,-86.51245115752059,LOCAL/CITY RD,N,URBAN,N,N,N,,DAYLIGHT,CLEAR,DRY,,NO JUNCTION INVOLVED,STRAIGHT/LEVEL,ASPHALT,FOLLOWING TOO CLOSELY,REAR END,SCOLLEGEAVEW 2NDST,NONE,2021-08-27 11:50:00,,,
1305,BLOOMINGTON PD,BLOOMINGTON,2,0.0,0.0,0,0,,,,ST RD 46,E 3RD ST,,,,39.16553151631343,-86.5179824522838,LOCAL/CITY RD,N,URBAN,N,N,N,,DAYLIGHT,CLEAR,DRY,,FOUR-WAY INTERSECTION,STRAIGHT/LEVEL,ASPHALT,FOLLOWING TOO CLOSELY,REAR END,E 3RDSTSTRD46BYP,NONE,2021-08-27 12:23:00,,,
1306,INDIANA UNIV BLOOMINGTON PD,BLOOMINGTON,2,0.0,2.0,0,0,,,,ST RD 45/46,N MILO B SAMPSON LN,,,,39.16419790152878,-86.49828771583589,ST RD,N,URBAN,N,N,N,,DAYLIGHT,CLEAR,DRY,,NO JUNCTION INVOLVED,STRAIGHT/LEVEL,ASPHALT,DRIVER ASLEEP OR FATIGUED,HEAD ON BETWEEN TWO MOTOR VEHICLES,NMILOBSAMPSONLNST RD 46,NONE,2021-08-27 13:12:00,,,
1307,BLOOMINGTON PD,BLOOMINGTON,2,0.0,0.0,0,0,,,,E RHORER RD,S JAMIE LN,,,,39.16112916453878,-86.48074810601015,LOCAL/CITY RD,N,URBAN,N,N,N,,DAYLIGHT,CLEAR,DRY,,T-INTERSECTION,STRAIGHT/GRADE,ASPHALT,FOLLOWING TOO CLOSELY,REAR END,EASTRHORERRDSOUTHJAMIELN,STOP SIGN,2021-08-27 13:19:00,,,
1308,BLOOMINGTON PD,BLOOMINGTON,2,0.0,0.0,0,0,1714,,,W EZEKIEL DR,S ELEMENT WAY,,,,39.16765,-86.50003,LOCAL/CITY RD,N,URBAN,N,N,N,,DAYLIGHT,CLEAR,DRY,,NO JUNCTION INVOLVED,STRAIGHT/LEVEL,ASPHALT,UNSAFE BACKING,BACKING CRASH,WEZEKIELDR,NONE,2021-08-27 13:44:00,,,
1309,BLOOMINGTON PD,BLOOMINGTON,2,0.0,0.0,0,0,,,,N WALNUT ST,E GLENDORA DR,,,,39.164208929096766,-86.49829357166877,LOCAL/CITY RD,N,URBAN,N,N,N,,DAYLIGHT,CLEAR,DRY,,T-INTERSECTION,CURVE/LEVEL,ASPHALT,FAILURE TO YIELD RIGHT OF WAY,RIGHT ANGLE,EASTGLENDORADRNORTHWALNUTST,STOP SIGN,2021-08-27 16:02:00,,,
1310,INDIANA UNIV BLOOMINGTON PD,BLOOMINGTON,3,0.0,0.0,0,0,,,,ST RD 45,N PETE LLIS DR,,,,39.17158537466382,-86.51566841951934,ST RD,N,URBAN,N,N,N,,DAYLIGHT,CLOUDY,DRY,,T-INTERSECTION,STRAIGHT/LEVEL,ASPHALT,FOLLOWING TOO CLOSELY,REAR END,RANGERDST RD 45,NONE,2021-08-27 16:45:00,,,
1311,MONROE SD,BLOOMINGTON,2,0.0,0.0,0,0,,,,S BREEDEN RD,,,335.0,S,39.18619657353771,-86.53453388725167,LOCAL/CITY RD,N,RURAL,N,N,N,,DAYLIGHT,CLOUDY,DRY,,NO JUNCTION INVOLVED,CURVE/GRADE,CONCRETE,LEFT OF CENTER,RIGHT ANGLE,SBREEDENRDWFREELANDLN,NONE,2021-08-27 17:02:00,,,
1312,BLOOMINGTON PD,BLOOMINGTON,2,0.0,0.0,0,0,401,,,E VARSITY LN,N DUNN ST,,50.0,W,39.16267453720613,-86.41338101834167,LOCAL/CITY RD,N,URBAN,N,N,N,,DAYLIGHT,RAIN,WET,,FOUR-WAY INTERSECTION,STRAIGHT/LEVEL,ASPHALT,FOLLOWING TOO CLOSELY,REAR END,401EVARSITYLNNDUNNST,STOP SIGN,2021-08-27 17:58:00,,,
1313,BLOOMINGTON PD,BLOOMINGTON,2,0.0,1.0,0,0,,,,W 2ND ST,S PATTERSON DR,,200.0,E,38.680320865100825,-86.53636092329569,LOCAL/CITY RD,Y,URBAN,N,N,N,,DAYLIGHT,CLOUDY,WET,,NO JUNCTION INVOLVED,CURVE/GRADE,ASPHALT,FOLLOWING TOO CLOSELY,REAR END,SPATTERSONDRW 2NDST,NONE,2021-08-27 18:00:00,,,
1314,BLOOMINGTON PD,BLOOMINGTON,2,0.0,0.0,0,0,,,,ST RD 46,E 7TH ST,,,,39.19018294889519,-86.53326642463492,LOCAL/CITY RD,N,URBAN,N,N,B,,DAYLIGHT,RAIN,WET,,T-INTERSECTION,STRAIGHT/GRADE,ASPHALT,FOLLOWING TOO CLOSELY,REAR END,EAST7THSTNORTHSTATERD46HWY,STOP SIGN,2021-08-27 18:06:00,,,
1315,MONROE SD,BLOOMINGTON,1,0.0,0.0,0,0,5757,,,N SHUFFLE CREEK RD,,,,,39.209932454927745,-86.58272308849463,LOCAL/CITY RD,Y,RURAL,N,N,N,,DAYLIGHT,RAIN,WET,,NO JUNCTION INVOLVED,CURVE/GRADE,ASPHALT,RAN OFF RD RIGHT,RAN OFF RD,NSHUFFLECREEKRD,NONE,2021-08-27 18:40:00,,,
1316,BLOOMINGTON PD,BLOOMINGTON,1,0.0,0.0,0,0,,I-69,W - 120B,ST RD 45/46,I-69 N,120B,,,39.1990235507954,-86.58316075776389,INTERSTATE,N,URBAN,N,N,N,,DAYLIGHT,RAIN,WET,,RAMP,CURVE/HILLCREST,CONCRETE,SPEED TOO FAST FOR WEATHER CONDITIONS,OTHER - EXPLAIN IN NARRATIVE,I46 W,NONE,2021-08-27 18:54:00,,,
1317,BLOOMINGTON PD,BLOOMINGTON,2,0.0,1.0,0,0,,,,ST RD 46,,,300.0,S,39.18373792067191,-86.51689801200062,LOCAL/CITY RD,N,URBAN,N,N,N,,DAYLIGHT,RAIN,WET,,T-INTERSECTION,STRAIGHT/GRADE,ASPHALT,FOLLOWING TOO CLOSELY,REAR END,EAST7THSTNORTHSTATERD46HWY,NONE,2021-08-27 19:05:00,,,
1318,MONROE SD,BLOOMINGTON,1,0.0,0.0,0,1,,,,N STINESVILLE RD,,,1500.0,N,39.161378046315804,-86.53499610824976,COUNTY RD,N,RURAL,N,N,N,,DARK (LIGHTED),CLEAR,DRY,,NO JUNCTION INVOLVED,STRAIGHT/GRADE,ASPHALT,ANIMAL/OBJECT IN RDWAY,COLLISION WITH DEER,STATERD46RDSTINESVILLERD,NONE,2021-08-26 04:03:00,,,
1319,INDIANA UNIV BLOOMINGTON PD,BLOOMINGTON,2,0.0,0.0,0,0,,,,E 17TH ST,ST RD 45/46,,,,39.16431782075661,-86.47207254127699,LOCAL/CITY RD,N,URBAN,N,N,N,,DAYLIGHT,CLEAR,DRY,,T-INTERSECTION,STRAIGHT/LEVEL,ASPHALT,FOLLOWING TOO CLOSELY,REAR END,EAST17THSTST RD 46,TRAFFIC CONTROL SIGNAL,2021-08-26 10:30:00,,,
1320,MONROE SD,ELLETTSVILLE,2,0.0,0.0,0,0,,,,ST RD 46,,,716.0,E,39.18619020673436,-86.52217809874516,ST RD,N,RURAL,N,N,Y,INTERMITTENT OR MOVING WORK,DAYLIGHT,CLEAR,DRY,,T-INTERSECTION,CURVE/GRADE,ASPHALT,VIEW OBSTRUCTED,REAR END,ST RD 46 WWCHAFFINCHAPELRD,LN CONTROL,2021-08-26 11:38:00,,,
1321,MONROE SD,BLOOMINGTON,1,0.0,1.0,0,0,,,,ST RD 37,S VICTOR PK,,,,39.121421082802534,-86.51766496344638,ST RD,N,URBAN,N,N,N,,DAYLIGHT,CLOUDY,DRY,,FOUR-WAY INTERSECTION,STRAIGHT/GRADE,ASPHALT,RAN OFF RD RIGHT,RAN OFF RD,SVICTORPKN ST RD 37,TRAFFIC CONTROL SIGNAL,2021-08-26 13:30:00,,,
1322,INDIANA UNIV BLOOMINGTON PD,BLOOMINGTON,2,0.0,0.0,0,0,,,,ST RD 45/46,E DISCOVERY PKWY,,,,39.14253799633632,-86.55810744785053,ST RD,N,URBAN,N,N,N,,DAYLIGHT,CLEAR,DRY,,T-INTERSECTION,STRAIGHT/LEVEL,ASPHALT,FOLLOWING TOO CLOSELY,REAR END,EDISCOVERYPKWYST RD 45N,TRAFFIC CONTROL SIGNAL,2021-08-26 15:34:00,,,
1323,BLOOMINGTON PD,BLOOMINGTON,2,0.0,1.0,0,0,913,,,S TIMOTHY CT,W ROSS LN,,,,39.19023,-86.53324,UNKNOWN,N,URBAN,N,N,N,,DAYLIGHT,CLEAR,DRY,,NO JUNCTION INVOLVED,STRAIGHT/GRADE,ASPHALT,OTHER (VEHICLE) - EXPLAIN IN NARRATIVE,RIGHT ANGLE,SOUTHTIMOTHYCT,NONE,2021-08-26 16:31:00,,,True
1324,BLOOMINGTON PD,BLOOMINGTON,3,0.0,0.0,0,0,,,,ST RD 48,S CURRY PK,,,,39.17144329970237,-86.49540538697444,LOCAL/CITY RD,N,URBAN,N,N,N,,DAYLIGHT,CLEAR,DRY,,FOUR-WAY INTERSECTION,STRAIGHT/LEVEL,ASPHALT,FOLLOWING TOO CLOSELY,REAR END,SCURRYPKW 3RDST,TRAFFIC CONTROL SIGNAL,2021-08-26 16:45:00,,,
1325,ISP BLOOMINGTON 33,BLOOMINGTON,2,,0.0,0,0,,,,E RHORER RD,S WALNUT ST PK,,0.0,,-4.7421448031214104e-05,-1.1908819755841592e-05,LOCAL/CITY RD,,URBAN,N,N,N,,DAYLIGHT,CLEAR,DRY,,NO JUNCTION INVOLVED,,ASPHALT,UNSAFE SPEED,REAR END,SWalnutStreetPikeERhorerRd,,2021-08-26 17:33:00,,,
1326,BLOOMINGTON PD,BLOOMINGTON,2,0.0,0.0,0,0,,,,E 3RD ST,S BRYAN AVE,,,,39.18297724558967,-86.52832610980147,LOCAL/CITY RD,N,URBAN,N,N,N,,DAYLIGHT,CLEAR,DRY,,FOUR-WAY INTERSECTION,STRAIGHT/LEVEL,CONCRETE,FAILURE TO YIELD RIGHT OF WAY,SAME DIRECTION SIDESWIPE,EAST3RDSTSOUTHBRYANAVE,TRAFFIC CONTROL SIGNAL,2021-08-26 18:20:00,,,
1327,BLOOMINGTON PD,BLOOMINGTON,2,0.0,0.0,0,0,,,,S HENDERSON ST,E HUNTER AVE,,,,39.160747283184286,-86.54849606681239,LOCAL/CITY RD,N,URBAN,N,N,N,,DAYLIGHT,CLEAR,DRY,,T-INTERSECTION,STRAIGHT/GRADE,ASPHALT,IMPROPER TURNING,SAME DIRECTION SIDESWIPE,EASTHUNTERAVESOUTHHENDERSONST,LN CONTROL,2021-08-26 18:44:00,,,
1328,BLOOMINGTON PD,BLOOMINGTON,2,0.0,0.0,0,0,,,,E ATWATER AVE,S HIGH ST,,,,39.16764604409053,-86.50007336615582,LOCAL/CITY RD,N,URBAN,N,N,N,,DARK (NOT LIGHTED),CLEAR,DRY,,T-INTERSECTION,STRAIGHT/GRADE,ASPHALT,FAILURE TO YIELD RIGHT OF WAY,RIGHT ANGLE,EATWATERAVESHIGHST,STOP SIGN,2021-08-26 21:24:00,,,
1329,BLOOMINGTON PD,BLOOMINGTON,2,0.0,0.0,0,0,,,,E MILLER DR,S WALNUT ST,,,,39.244427112027,-86.40435589969229,LOCAL/CITY RD,N,URBAN,N,N,N,,DAYLIGHT,CLEAR,DRY,,T-INTERSECTION,STRAIGHT/HILLCREST,ASPHALT,FOLLOWING TOO CLOSELY,REAR END,EMILLERSTSWALNUTST,LN CONTROL,2021-08-25 09:58:00,,,
1330,ISP BLOOMINGTON 33,BLOOMINGTON,2,,1.0,0,0,,,,I-69 S,,,0.0,,39.187020523297925,-86.55505500662612,INTERSTATE,,URBAN,N,N,N,,DAYLIGHT,CLOUDY,DRY,,NO JUNCTION INVOLVED,,ASPHALT,UNSAFE SPEED,REAR END,I-69122MM,,2021-08-25 14:45:00,,,
1331,MONROE SD,BLOOMINGTON,2,0.0,0.0,0,0,,,,ST RD 48,W VERNAL PK,,300.0,W,39.1359940257944,-86.50052086940566,ST RD,N,RURAL,N,N,N,,DAYLIGHT,RAIN,WET,,T-INTERSECTION,CURVE/LEVEL,ASPHALT,IMPROPER LN USAGE,OPPOSITE DIRECTION SIDESWIPE,ST RD 48WWVERNALPK,NONE,2021-08-25 16:05:00,,,
1332,MONROE SD,BLOOMINGTON,2,0.0,0.0,0,0,,,,ST RD 48,W VERNAL PK,,300.0,W,39.42583536226037,-86.66578223344625,ST RD,N,RURAL,N,N,N,,DAYLIGHT,RAIN,WET,,T-INTERSECTION,CURVE/LEVEL,ASPHALT,FOLLOWING TOO CLOSELY,REAR END,ST RD 48WWVERNALPK,NONE,2021-08-25 16:30:00,,,
1333,MONROE SD,BLOOMINGTON,2,0.0,0.0,0,0,,,,N CURRY PK,W WOODYARD,,600.0,S,39.17968074362643,-86.50730340841322,LOCAL/CITY RD,N,URBAN,N,N,N,,DAYLIGHT,CLEAR,DRY,,NO JUNCTION INVOLVED,STRAIGHT/GRADE,ASPHALT,FOLLOWING TOO CLOSELY,REAR END,NCURRYPKWWOODYARDRD,NONE,2021-08-25 16:45:00,,,
1334,MONROE SD,BLOOMINGTON,1,0.0,0.0,0,1,,,,W GORDON PK,S ROGERS ST,,500.0,W,39.2596397301671,-86.65763642757332,LOCAL/CITY RD,N,URBAN,Y,N,N,,DARK (LIGHTED),CLEAR,DRY,,NO JUNCTION INVOLVED,STRAIGHT/GRADE,ASPHALT,ANIMAL/OBJECT IN RDWAY,COLLISION WITH DEER,SOUTHROGERSSTWESTGORDONPK,NONE,2021-08-25 22:50:00,,,
1335,BLOOMINGTON PD,BLOOMINGTON,2,0.0,0.0,0,0,,,,E WINSLOW RD,S WALNUT ST,,100.0,E,39.10561066231359,-86.55128576944685,LOCAL/CITY RD,N,URBAN,N,N,N,,DARK (LIGHTED),CLEAR,DRY,,NO JUNCTION INVOLVED,STRAIGHT/LEVEL,ASPHALT,FOLLOWING TOO CLOSELY,REAR END,WALNUTSTWINSLOWRD,NONE,2021-08-24 06:15:00,,,
1336,ELLETTSVILLE PD,ELLETTSVILLE,2,0.0,0.0,0,0,,,,W REEVES RD,SYCAMORE DR,,,,39.17149,-86.49537,LOCAL/CITY RD,N,URBAN,N,N,N,,DAYLIGHT,CLEAR,DRY,,FOUR-WAY INTERSECTION,STRAIGHT/GRADE,ASPHALT,FOLLOWING TOO CLOSELY,REAR END,REEVESRDSYCAMOREDR,STOP SIGN,2021-08-24 08:34:00,,,