_id,Agency,City,Vehicles Involved,Trailers Involved,Number Injured,Number Dead,Number Deer,House Number,Roadway Interchange,Roadway Ramp,Roadway Id,Intersecting Road,Interchange,Feet From,Direction,Latitude,Longitude,Roadway Class,Hit and Run?,Locality,School Zone?,Rumble Strips?,Construction?,Construction Type,Light Condition,Weather Conditions,Surface Condition,Type of Median,Roadway Junction Type,Road Character,Roadway Surface,Primary Factor,Manner of Collision,Unique Location Id,Traffic Control,DateTime,Address Number,Cyclist Involved,Pedestrian Involved
1337,ELLETTSVILLE PD,ELLETTSVILLE,2,0.0,0.0,0,0,,,,ST RD 46,W FORREST PARK DR,,,,39.15659249502428,-86.55755055306216,ST RD,N,URBAN,N,N,N,,DAYLIGHT,CLEAR,DRY,,NO JUNCTION INVOLVED,STRAIGHT/LEVEL,ASPHALT,FOLLOWING TOO CLOSELY,REAR END,FORRESTPARKDRST RD 46 W,LN CONTROL,2021-08-24 09:05:00,,,
1338,MONROE SD,BLOOMINGTON,1,0.0,1.0,0,0,,,,ST RD 46,E WOODVIEW DR,,100.0,E,39.16463,-86.58295,ST RD,N,RURAL,N,N,N,,DAYLIGHT,CLEAR,DRY,,NO JUNCTION INVOLVED,CURVE/GRADE,ASPHALT,RAN OFF RD RIGHT,RAN OFF RD,ST RD 46EWESTWOODVIEWDR,NONE,2021-08-24 12:36:00,,,
1339,BLOOMINGTON PD,BLOOMINGTON,2,0.0,1.0,0,0,,,,N PETE LLIS DR,E JOHN HINKLE PL,,,,39.12146,-86.53134,LOCAL/CITY RD,N,URBAN,N,N,N,,DAYLIGHT,CLEAR,DRY,,T-INTERSECTION,STRAIGHT/GRADE,ASPHALT,FOLLOWING TOO CLOSELY,REAR END,EJOHNHINKLEPLNPETEELLISDR,LN CONTROL,2021-08-24 12:49:00,,,
1340,BLOOMINGTON PD,BLOOMINGTON,3,0.0,0.0,0,0,,,,E RHORER RD,S SARE RD,,,,39.16426596729863,-86.5082573953695,LOCAL/CITY RD,Y,URBAN,N,N,N,,DAYLIGHT,CLEAR,DRY,,T-INTERSECTION,STRAIGHT/LEVEL,ASPHALT,FOLLOWING TOO CLOSELY,REAR END,ERHORERRDSSARERD,TRAFFIC CONTROL SIGNAL,2021-08-24 16:11:00,,,
1341,INDIANA UNIV BLOOMINGTON PD,BLOOMINGTON,2,0.0,0.0,0,0,,,,N WOODLAWN AVE,E 8TH ST,,,,39.162225060749485,-86.52727617305106,LOCAL/CITY RD,Y,URBAN,N,N,N,,DAYLIGHT,CLEAR,DRY,,FOUR-WAY INTERSECTION,STRAIGHT/LEVEL,ASPHALT,IMPROPER LN USAGE,SAME DIRECTION SIDESWIPE,E8THSTWOODLAWNAVE,NONE,2021-08-24 16:39:00,,,
1342,BLOOMINGTON PD,BLOOMINGTON,2,0.0,0.0,0,0,,,,ST RD 46,S PETE LLIS DR,,,,39.163065696430905,-86.50849897441364,LOCAL/CITY RD,N,URBAN,N,N,N,,DAYLIGHT,CLEAR,DRY,,FOUR-WAY INTERSECTION,STRAIGHT/LEVEL,ASPHALT,FAILURE TO YIELD RIGHT OF WAY,RIGHT ANGLE,EAST3RDSTSOUTHPETEELLISDR,TRAFFIC CONTROL SIGNAL,2021-08-24 16:58:00,,,
1343,ELLETTSVILLE PD,ELLETTSVILLE,2,0.0,0.0,0,0,410,,,W IROQUOIS DR,,,400.0,W,39.14686398270288,-86.53268870175854,LOCAL/CITY RD,N,URBAN,N,N,N,,DARK (NOT LIGHTED),CLEAR,DRY,,NO JUNCTION INVOLVED,STRAIGHT/LEVEL,ASPHALT,OTHER (DRIVER) - EXPLAIN IN NARRATIVE,BACKING CRASH,IROQUOISSTTECUMSEHST,NONE,2021-08-23 00:30:00,,,
1344,INDIANA UNIV BLOOMINGTON PD,BLOOMINGTON,2,0.0,0.0,0,0,,,,E COTTAGE GROVE AVE,N WOODLAWN AVE,,,,39.211456284792774,-86.55418278273304,LOCAL/CITY RD,N,URBAN,N,N,N,,DAYLIGHT,CLEAR,DRY,,FOUR-WAY INTERSECTION,STRAIGHT/LEVEL,ASPHALT,FAILURE TO YIELD RIGHT OF WAY,SAME DIRECTION SIDESWIPE,COTTAGEGROVESTWOODLAWNAVE,NONE,2021-08-23 10:14:00,,,
1345,INDIANA UNIV BLOOMINGTON PD,BLOOMINGTON,2,1.0,0.0,0,0,,,,S WOODLAWN AVE,E 3RD ST,,,,39.16839563805485,-86.66121785100964,LOCAL/CITY RD,N,URBAN,N,N,N,,DAYLIGHT,CLEAR,DRY,,T-INTERSECTION,STRAIGHT/GRADE,ASPHALT,IMPROPER TURNING,LEFT TURN,3RDSTWOODLAWNAVE,NONE,2021-08-23 12:18:00,,,
1346,BLOOMINGTON PD,BLOOMINGTON,2,0.0,0.0,0,0,,,,S PATTERSON DR,W PROSPECT ST,,,,39.16842,-86.66119,LOCAL/CITY RD,Y,URBAN,N,N,N,,DAYLIGHT,CLEAR,DRY,,FOUR-WAY INTERSECTION,STRAIGHT/LEVEL,ASPHALT,FOLLOWING TOO CLOSELY,REAR END,SPATTERSONDRWPROSPECTST,TRAFFIC CONTROL SIGNAL,2021-08-23 16:15:00,,,
1347,ELLETTSVILLE PD,ELLETTSVILLE,2,0.0,0.0,0,0,,,,ST RD 46,N CHANDLER DR,,,,39.19026,-86.58252,LOCAL/CITY RD,N,URBAN,N,N,N,,DAYLIGHT,CLEAR,DRY,,T-INTERSECTION,STRAIGHT/LEVEL,ASPHALT,DRIVER DISTRACTED - EXPLAIN IN NARRATIVE,REAR END,CHANDLERDRMAINST,LN CONTROL,2021-08-23 16:30:00,,,
1348,BLOOMINGTON PD,BLOOMINGTON,2,0.0,0.0,0,0,,,,N DUNN ST,E 17TH ST,,,,39.121500355908026,-86.53917407406175,LOCAL/CITY RD,N,URBAN,N,N,N,,DAYLIGHT,CLEAR,DRY,,FOUR-WAY INTERSECTION,STRAIGHT/GRADE,ASPHALT,FAILURE TO YIELD RIGHT OF WAY,RIGHT ANGLE,EAST17THSTNORTHDUNNST,TRAFFIC CONTROL SIGNAL,2021-08-23 17:26:00,,,
1349,INDIANA UNIV BLOOMINGTON PD,BLOOMINGTON,2,0.0,0.0,0,0,,,,N INDIANA AVE,E 14TH ST,,,,39.135931227346965,-86.53112933919117,LOCAL/CITY RD,N,URBAN,N,N,N,,DAYLIGHT,CLEAR,DRY,,T-INTERSECTION,STRAIGHT/LEVEL,ASPHALT,FAILURE TO YIELD RIGHT OF WAY,LEFT TURN,FOURTEENTHSTINDIANAAVE,NONE,2021-08-23 18:50:00,,,
1350,ISP BLOOMINGTON 33,BLOOMINGTON,1,,0.0,0,1,,,,S GARRISON CHAPEL RD,W ELLER RD,,370.0,,39.23123001035876,-86.64000317227104,COUNTY RD,,RURAL,N,N,N,,DARK (LIGHTED),CLEAR,DRY,,FOUR-WAY INTERSECTION,,ASPHALT,ANIMAL/OBJECT IN RDWAY,COLLISION WITH DEER,WEllerRdSGarrisonChapelRd,,2021-08-23 20:40:00,,,
1351,BLOOMINGTON PD,BLOOMINGTON,1,0.0,0.0,0,0,503,,,S MULLER PKWY,,,,,39.21203007218141,-86.58705877294724,UNKNOWN,Y,URBAN,N,N,N,,DAYLIGHT,CLEAR,DRY,,NO JUNCTION INVOLVED,STRAIGHT/LEVEL,ASPHALT,IMPROPER TURNING,OTHER - EXPLAIN IN NARRATIVE,SOUTHMUELLERPKWY,NONE,2021-08-23 23:00:00,,,
1352,INDIANA UNIV BLOOMINGTON PD,BLOOMINGTON,2,0.0,0.0,0,0,,,,N WOODLAWN AVE,E 17TH ST,,,,39.15152929919721,-86.38609225591965,,Y,URBAN,N,N,N,,DARK (LIGHTED),CLEAR,DRY,,FOUR-WAY INTERSECTION,STRAIGHT/HILLCREST,ASPHALT,FOLLOWING TOO CLOSELY,REAR END,EAST17THSTWOODLAWNAVE,LN CONTROL,2021-08-23 23:50:00,,,
1353,BLOOMINGTON PD,BLOOMINGTON,3,0.0,0.0,0,0,,,,ST RD 46,S SMITH RD,,,,39.1705252514614,-86.49562798722606,LOCAL/CITY RD,N,URBAN,N,N,N,,DAYLIGHT,CLEAR,DRY,,NO JUNCTION INVOLVED,STRAIGHT/LEVEL,ASPHALT,FOLLOWING TOO CLOSELY,REAR END,E 3RDSTSMITHRD,TRAFFIC CONTROL SIGNAL,2021-08-22 09:32:00,,,
1354,BLOOMINGTON PD,BLOOMINGTON,2,0.0,1.0,0,0,,,,N PETE LLIS DR,E LONGVIEW AVE,,,,39.12144141129348,-86.51162876623376,LOCAL/CITY RD,N,URBAN,N,N,N,,DAYLIGHT,CLEAR,DRY,,FOUR-WAY INTERSECTION,STRAIGHT/LEVEL,ASPHALT,FAILURE TO YIELD RIGHT OF WAY,RIGHT ANGLE,ELONGVIEWAVENPETEELLISDR,STOP SIGN,2021-08-22 10:58:00,,,
1355,INDIANA UNIV BLOOMINGTON PD,BLOOMINGTON,2,0.0,0.0,0,0,,,,E 10TH ST,N SUNRISE DR,,,,39.169465486037865,-86.52352343870287,LOCAL/CITY RD,N,URBAN,N,N,N,,DAYLIGHT,CLEAR,DRY,,FOUR-WAY INTERSECTION,STRAIGHT/LEVEL,ASPHALT,FAILURE TO YIELD RIGHT OF WAY,RIGHT ANGLE,NSUNRISEDRTENTHST,TRAFFIC CONTROL SIGNAL,2021-08-22 16:15:00,,,
1356,BLOOMINGTON PD,BLOOMINGTON,2,0.0,0.0,0,0,,,,W EZEKIEL DR,S ELEMENT WAY,,,,39.164158580747454,-86.49496627678448,LOCAL/CITY RD,Y,URBAN,N,N,N,,DAYLIGHT,CLEAR,DRY,,T-INTERSECTION,STRAIGHT/GRADE,ASPHALT,UNSAFE BACKING,BACKING CRASH,SELEMENTWAYWEZEKIALDR,NONE,2021-08-22 17:19:00,,,
1357,BLOOMINGTON PD,BLOOMINGTON,1,0.0,1.0,0,0,,,,S HENDERSON ST,ENTRANCE TO CRAWFORD APARTMENTS,,250.0,S,39.22272441,-86.62369014,LOCAL/CITY RD,N,URBAN,N,Y,N,,DARK (NOT LIGHTED),CLEAR,DRY,,NO JUNCTION INVOLVED,STRAIGHT/LEVEL,ASPHALT,PEDESTRIAN ACTION,COLLISION WITH OBJECT IN RD,EASTBRANDONCTSOUTHHENDERSONST,LN CONTROL,2021-08-22 21:00:00,,,True
1358,MONROE SD,BLOOMINGTON,1,0.0,0.0,0,0,,,,S HANDY RD,S AIRLINE RD,,,,39.17252,-86.52352,COUNTY RD,N,RURAL,N,N,N,,DARK (NOT LIGHTED),CLOUDY,DRY,,T-INTERSECTION,CURVE/LEVEL,ASPHALT,RAN OFF RD RIGHT,RAN OFF RD,AIRLNRDHANDYRD,NONE,2021-08-22 21:01:00,,,
1359,ISP BLOOMINGTON 33,BLOOMINGTON,1,,0.0,0,1,,,,ST RD 45,N RUSSELL RD (N),,0.0,,39.16425,-86.52261,ST RD,,RURAL,N,N,N,,DAWN/DUSK,CLEAR,DRY,,RAILRD CROSSINGS,,ASPHALT,ANIMAL/OBJECT IN RDWAY,COLLISION WITH DEER,StateRd45RussellRd,,2021-08-21 06:50:00,,,
1360,BLOOMINGTON PD,BLOOMINGTON,2,0.0,1.0,0,0,,,,N ADAMS ST,W KIRKWOOD AVE,,,,39.16267043467222,-86.55049821798596,LOCAL/CITY RD,N,URBAN,N,N,N,,DAYLIGHT,CLEAR,DRY,,FOUR-WAY INTERSECTION,CURVE/GRADE,ASPHALT,FOLLOWING TOO CLOSELY,REAR END,NADAMSSTWKIRKWOODAVE,TRAFFIC CONTROL SIGNAL,2021-08-21 08:04:00,,,
1361,MONROE SD,BLOOMINGTON,2,0.0,0.0,0,0,2450,,,W KARST FARM PARK RD,S ENDWRIGHT RD,,,,39.23394,-86.62197,UNKNOWN,N,URBAN,N,N,N,,DAYLIGHT,CLEAR,DRY,,T-INTERSECTION,STRAIGHT/GRADE,ASPHALT,FOLLOWING TOO CLOSELY,REAR END,SENDWRIGHTRD,STOP SIGN,2021-08-21 12:29:00,,,
1362,BLOOMINGTON PD,BLOOMINGTON,2,0.0,0.0,0,0,,,,S JEFFERSON ST,E 3RD ST,,,,39.178993693281754,-86.52836658439145,LOCAL/CITY RD,N,URBAN,N,N,N,,DAYLIGHT,CLEAR,DRY,,T-INTERSECTION,STRAIGHT/LEVEL,ASPHALT,FOLLOWING TOO CLOSELY,REAR END,E 3RDSTSJEFFERSONST,NONE,2021-08-21 13:57:00,,,
1363,BLOOMINGTON PD,BLOOMINGTON,2,0.0,0.0,0,0,,,,E 3RD ST,S HILLSDALE DR,,50.0,W,39.176057973058434,-86.52703187528346,LOCAL/CITY RD,N,URBAN,N,N,N,,DAYLIGHT,CLEAR,DRY,,NO JUNCTION INVOLVED,STRAIGHT/GRADE,ASPHALT,FOLLOWING TOO CLOSELY,REAR END,E 3RDSTSHILLSDALEDR,NONE,2021-08-21 14:08:00,,,
1364,BLOOMINGTON PD,BLOOMINGTON,2,0.0,0.0,0,0,,,,S ROGERS ST,W PATTERSON DR,,,,39.12249035859673,-86.64284513105731,LOCAL/CITY RD,N,URBAN,N,N,N,,DAYLIGHT,CLEAR,DRY,,FOUR-WAY INTERSECTION,STRAIGHT/LEVEL,ASPHALT,FAILURE TO YIELD RIGHT OF WAY,RIGHT ANGLE,SROGERSSTWPATTERSONDR,TRAFFIC CONTROL SIGNAL,2021-08-21 15:23:00,,,
1365,INDIANA UNIV BLOOMINGTON PD,BLOOMINGTON,2,0.0,0.0,0,0,,,,S SWAIN AVE,E 3RD ST,,,,39.16103203914059,-86.56745534898569,LOCAL/CITY RD,N,URBAN,N,N,N,,DAYLIGHT,CLEAR,DRY,,T-INTERSECTION,STRAIGHT/GRADE,ASPHALT,IMPROPER TURNING,LEFT TURN,SWAINAVE 3RDST,NONE,2021-08-21 17:08:00,,,
1366,INDIANA UNIV BLOOMINGTON PD,BLOOMINGTON,2,1.0,0.0,0,0,,,,S PARK AVE,E ATWATER AVE,,,,39.179019046183214,-86.52360366480316,LOCAL/CITY RD,Y,URBAN,N,N,N,,DAYLIGHT,CLEAR,DRY,,T-INTERSECTION,STRAIGHT/LEVEL,ASPHALT,IMPROPER TURNING,OPPOSITE DIRECTION SIDESWIPE,ATWATERAVESPARKAVE,STOP SIGN,2021-08-21 17:29:00,,,
1367,BLOOMINGTON PD,BLOOMINGTON,2,0.0,0.0,0,0,,,,N COLLEGE AVE,W 10TH ST,,,,39.16415959755793,-86.48124563940453,LOCAL/CITY RD,Y,URBAN,N,N,N,,DAYLIGHT,CLEAR,DRY,,FOUR-WAY INTERSECTION,STRAIGHT/LEVEL,ASPHALT,IMPROPER LN USAGE,RIGHT ANGLE,NCOLLEGEAVEW10THST,TRAFFIC CONTROL SIGNAL,2021-08-21 18:03:00,,,
1368,BLOOMINGTON PD,BLOOMINGTON,2,0.0,0.0,0,0,,,,S ROGERS ST,,,500.0,S,39.16686455107964,-86.49492713846757,LOCAL/CITY RD,Y,URBAN,N,N,N,,DAYLIGHT,CLEAR,DRY,,FOUR-WAY INTERSECTION,STRAIGHT/LEVEL,ASPHALT,LEFT OF CENTER,OPPOSITE DIRECTION SIDESWIPE,SROCKPORTRDSROGERSST,NONE,2021-08-21 18:23:00,,,
1369,MONROE SD,BLOOMINGTON,1,0.0,2.0,0,0,8255,,,S FAIRFAX RD,,,1000.0,N,39.17153419079244,-86.51251163880521,LOCAL/CITY RD,N,RURAL,N,N,N,,DARK (NOT LIGHTED),CLEAR,DRY,,NO JUNCTION INVOLVED,STRAIGHT/LEVEL,ASPHALT,ANIMAL/OBJECT IN RDWAY,COLLISION WITH ANIMAL OTHER,CLEVEBUTCHERRDFAIRFAXRD,LN CONTROL,2021-08-20 03:15:00,,,
1370,BLOOMINGTON PD,BLOOMINGTON,2,0.0,0.0,0,0,,,,W 6TH ST,N COLLEGE AVE,,,,39.142517565285225,-86.55809753967127,LOCAL/CITY RD,N,URBAN,N,N,N,,DAYLIGHT,CLEAR,DRY,,FOUR-WAY INTERSECTION,STRAIGHT/GRADE,ASPHALT,UNSAFE BACKING,BACKING CRASH,6THSTCOLLEGEAVE,TRAFFIC CONTROL SIGNAL,2021-08-20 11:54:00,,,
1371,BLOOMINGTON PD,BLOOMINGTON,2,0.0,0.0,0,0,,,,ST RD 45,S LIBERTY DR,,,,39.14671245165861,-86.526962351972,LOCAL/CITY RD,N,URBAN,N,N,N,,DAYLIGHT,CLEAR,DRY,,FOUR-WAY INTERSECTION,STRAIGHT/LEVEL,ASPHALT,IMPROPER LN USAGE,REAR END,SLIBERTYDRWST RD 45HWY,TRAFFIC CONTROL SIGNAL,2021-08-20 14:36:00,,,
1372,BLOOMINGTON PD,BLOOMINGTON,2,0.0,1.0,0,0,,,,S WOODLAWN AVE,E 2ND ST,,,,39.09583018998744,-86.49386646903459,LOCAL/CITY RD,N,URBAN,N,N,N,,DAYLIGHT,CLEAR,DRY,,FOUR-WAY INTERSECTION,STRAIGHT/LEVEL,ASPHALT,DISREGARD SIGNAL/REG SIGN,RIGHT ANGLE,ESECONDSTSWOODLAWNAVE,STOP SIGN,2021-08-20 15:46:00,,,
1373,BLOOMINGTON PD,BLOOMINGTON,2,0.0,1.0,0,0,,,,W 3RD ST,S MULLER PKWY,,,,39.17503798216077,-86.48142225625188,LOCAL/CITY RD,N,URBAN,N,N,N,,DARK (LIGHTED),CLEAR,DRY,,T-INTERSECTION,STRAIGHT/LEVEL,ASPHALT,FAILURE TO YIELD RIGHT OF WAY,RIGHT ANGLE,SMULLERPKWYW 3RDST,STOP SIGN,2021-08-20 22:53:00,,,
1374,MONROE SD,BLOOMINGTON,2,1.0,0.0,0,0,,,,I-69 S,,,1000.0,S,39.1666558700108,-86.549672359243,INTERSTATE,N,URBAN,N,Y,N,,DAYLIGHT,CLOUDY,DRY,,INTERCHANGE,STRAIGHT/GRADE,ASPHALT,OTHER (VEHICLE) - EXPLAIN IN NARRATIVE,OTHER - EXPLAIN IN NARRATIVE,BURMARDI-69S,NONE,2021-08-19 01:35:00,,,
1375,INDIANA UNIV BLOOMINGTON PD,BLOOMINGTON,2,0.0,0.0,0,0,,,,ST RD 45,ST RD 45/46,,,,39.140379083535485,-86.5963521413989,ST RD,N,URBAN,N,N,N,,DAYLIGHT,CLEAR,DRY,,FOUR-WAY INTERSECTION,STRAIGHT/LEVEL,ASPHALT,DRIVER DISTRACTED - EXPLAIN IN NARRATIVE,REAR END,ST RD 45ST RD 46,TRAFFIC CONTROL SIGNAL,2021-08-19 08:53:00,,,
1376,BLOOMINGTON PD,BLOOMINGTON,2,0.0,0.0,0,0,,,,W HAYS CT,S ROGERS ST,,40.0,W,39.16422405268072,-86.50712052612775,LOCAL/CITY RD,N,URBAN,N,N,N,,DAYLIGHT,CLEAR,DRY,,NO JUNCTION INVOLVED,STRAIGHT/GRADE,ASPHALT,IMPROPER LN USAGE,SAME DIRECTION SIDESWIPE,SROGERSSTWHAYSCT,NONE,2021-08-19 08:57:00,,,
1377,ISP BLOOMINGTON 33,BLOOMINGTON,2,,0.0,0,0,,,,ST RD 45/46,,,500.0,N,39.164221742060114,-86.50268172159004,ST RD,,URBAN,N,N,N,,DAYLIGHT,CLOUDY,DRY,,NO JUNCTION INVOLVED,,ASPHALT,UNSAFE SPEED,REAR END,ST RD 45DiscoveryParkway,,2021-08-19 12:25:00,,,
1378,BLOOMINGTON PD,BLOOMINGTON,2,0.0,0.0,0,0,,,,ST RD 45,S LIBERTY DR,,,,39.15380580031853,-86.53873053435947,LOCAL/CITY RD,N,URBAN,N,N,N,,DAYLIGHT,CLEAR,DRY,,FOUR-WAY INTERSECTION,STRAIGHT/LEVEL,ASPHALT,FAILURE TO YIELD RIGHT OF WAY,RIGHT ANGLE,LIBERTYDRWESTSTATERD45HWY,TRAFFIC CONTROL SIGNAL,2021-08-19 14:04:00,,,
1379,BLOOMINGTON PD,BLOOMINGTON,2,0.0,0.0,0,0,,,,S LIBERTY DR,ST RD 45,,50.0,N,39.16422025047966,-86.51530142283791,LOCAL/CITY RD,N,URBAN,Y,N,N,,DAYLIGHT,CLEAR,DRY,,FOUR-WAY INTERSECTION,STRAIGHT/LEVEL,ASPHALT,BRAKE FAILURE OR DEFECTIVE,REAR END,SLIBERTYDRST RD 45HWY,NONE,2021-08-19 14:31:00,,,
1380,BLOOMINGTON PD,BLOOMINGTON,2,0.0,0.0,0,0,,,,N WALNUT ST,W 10TH ST,,,,39.16305884525209,-86.52406306545215,LOCAL/CITY RD,N,URBAN,N,N,N,,DAYLIGHT,CLEAR,DRY,,FOUR-WAY INTERSECTION,STRAIGHT/GRADE,ASPHALT,DISREGARD SIGNAL/REG SIGN,RIGHT ANGLE,NORTHWALNUTSTWEST10THST,TRAFFIC CONTROL SIGNAL,2021-08-19 15:05:00,,,
1381,BLOOMINGTON PD,BLOOMINGTON,2,0.0,0.0,0,0,,,,S WASHINGTON ST,E 7TH ST,,50.0,S,39.17164486775187,-86.53487539473228,LOCAL/CITY RD,Y,URBAN,N,N,N,,DAYLIGHT,CLOUDY,DRY,,NO JUNCTION INVOLVED,STRAIGHT/GRADE,ASPHALT,UNSAFE LN MOVEMENT,SAME DIRECTION SIDESWIPE,E7THSTSWASHINGTONST,NONE,2021-08-19 15:30:00,,,
1382,INDIANA UNIV BLOOMINGTON PD,BLOOMINGTON,2,0.0,0.0,0,0,,,,ST RD 45/46,E DISCOVERY PKWY,,300.0,N,39.14640130312415,-86.53882551227723,ST RD,N,URBAN,N,N,N,,DAYLIGHT,CLEAR,DRY,,NO JUNCTION INVOLVED,STRAIGHT/LEVEL,ASPHALT,FOLLOWING TOO CLOSELY,REAR END,EDISCOVERYPKWYST RD 45N,NONE,2021-08-19 16:31:00,,,
1383,INDIANA UNIV BLOOMINGTON PD,BLOOMINGTON,2,0.0,0.0,0,0,,,,ST RD 45/46,E DISCOVERY PKWY,,330.0,N,39.151229046659374,-86.4905660783525,ST RD,N,URBAN,N,N,N,,DAYLIGHT,CLEAR,DRY,,NO JUNCTION INVOLVED,STRAIGHT/LEVEL,ASPHALT,FOLLOWING TOO CLOSELY,REAR END,EDISCOVERYPKWYST RD 45N,NONE,2021-08-19 16:31:00,,,
1384,INDIANA UNIV BLOOMINGTON PD,BLOOMINGTON,2,0.0,0.0,0,0,,,,ST RD 45/46,E DISCOVERY PKWY,,150.0,N,39.16753539960881,-86.53486558522158,ST RD,N,URBAN,N,N,N,,DAYLIGHT,CLEAR,DRY,,T-INTERSECTION,STRAIGHT/LEVEL,ASPHALT,FOLLOWING TOO CLOSELY,REAR END,DISCOVERYPKWYST RD 46E,TRAFFIC CONTROL SIGNAL,2021-08-19 17:13:00,,,
1385,INDIANA UNIV BLOOMINGTON PD,BLOOMINGTON,2,0.0,0.0,0,0,,,,ST RD 45/46,E DISCOVERY PKWY,,,,39.144975850620405,-86.57779928876347,ST RD,N,URBAN,N,N,N,,DAYLIGHT,CLEAR,DRY,,NO JUNCTION INVOLVED,STRAIGHT/LEVEL,ASPHALT,FOLLOWING TOO CLOSELY,REAR END,DISCOVERYPKWYST RD 45S,TRAFFIC CONTROL SIGNAL,2021-08-19 17:50:00,,,
1386,BLOOMINGTON PD,BLOOMINGTON,2,0.0,0.0,0,0,,,,N WALNUT ST,E 14TH ST,,30.0,S,39.1610377409446,-86.52267097286907,LOCAL/CITY RD,Y,,N,N,N,,DAYLIGHT,CLEAR,DRY,,NO JUNCTION INVOLVED,STRAIGHT/GRADE,CONCRETE,UNSAFE LN MOVEMENT,SAME DIRECTION SIDESWIPE,E14THSTNWALNUTST,NONE,2021-08-19 18:32:00,,,
1387,BLOOMINGTON PD,BLOOMINGTON,2,0.0,1.0,0,0,,,,ST RD 45/46,N KINSER PK,,,,39.16446508575162,-86.56269973060972,LOCAL/CITY RD,N,URBAN,N,N,N,,DAWN/DUSK,CLEAR,DRY,,FOUR-WAY INTERSECTION,STRAIGHT/GRADE,ASPHALT,OTHER (DRIVER) - EXPLAIN IN NARRATIVE,REAR END,NKINSERPKWSTATERD4546BYP,TRAFFIC CONTROL SIGNAL,2021-08-19 20:11:00,,,
1388,BLOOMINGTON PD,BLOOMINGTON,2,0.0,0.0,0,0,,,,S ADAMS ST,S PATTERSON DR,,,,-3.7084594677932466e-05,-1.9679599281883242e-05,LOCAL/CITY RD,Y,URBAN,N,N,N,,DARK (LIGHTED),CLEAR,DRY,,FOUR-WAY INTERSECTION,CURVE/GRADE,ASPHALT,IMPROPER LN USAGE,OPPOSITE DIRECTION SIDESWIPE,ADAMSSTW 3RDST,TRAFFIC CONTROL SIGNAL,2021-08-19 23:10:00,,,
1389,MONROE SD,BLOOMINGTON,3,0.0,1.0,0,0,,,,N SMITH PK,W WOODYARD,,200.0,N,39.143567592848655,-86.58035430106395,COUNTY RD,N,RURAL,N,N,N,,DAYLIGHT,CLEAR,DRY,,T-INTERSECTION,STRAIGHT/GRADE,ASPHALT,LEFT OF CENTER,OPPOSITE DIRECTION SIDESWIPE,NSMITHPKWOODYARDRD,LN CONTROL,2021-08-18 12:12:00,,,
1390,INDIANA UNIV BLOOMINGTON PD,BLOOMINGTON,2,0.0,0.0,0,0,,,,E 10TH ST,N SUNRISE DR,,,,39.142973682687156,-86.53890667289447,LOCAL/CITY RD,N,URBAN,N,N,N,,DAYLIGHT,CLEAR,DRY,,FOUR-WAY INTERSECTION,STRAIGHT/LEVEL,ASPHALT,FOLLOWING TOO CLOSELY,REAR END,NSUNRISEDRTENTHST,TRAFFIC CONTROL SIGNAL,2021-08-18 13:10:00,,,
1391,INDIANA UNIV BLOOMINGTON PD,BLOOMINGTON,2,0.0,0.0,0,0,,,,E 3RD ST,S FESS AVE,,,,39.17510330194709,-86.50409521649074,LOCAL/CITY RD,N,URBAN,N,N,N,,DAYLIGHT,CLEAR,DRY,,T-INTERSECTION,STRAIGHT/LEVEL,ASPHALT,IMPROPER TURNING,LEFT TURN,FESSAVE 3RDST,NONE,2021-08-18 13:20:00,,,
1392,BLOOMINGTON PD,BLOOMINGTON,2,0.0,0.0,0,0,,,,W 2ND ST,B-LINE TRAIL,,30.0,E,39.14500074024779,-86.57776793299458,LOCAL/CITY RD,N,URBAN,N,N,N,,DAYLIGHT,CLEAR,DRY,,TRAIL CROSSINGS,STRAIGHT/LEVEL,ASPHALT,FOLLOWING TOO CLOSELY,REAR END,SMORTONSTW 2NDST,YIELD SIGN,2021-08-18 14:06:00,,,
1393,BLOOMINGTON PD,BLOOMINGTON,2,0.0,0.0,0,0,,,,E 7TH ST,ST RD 46,,,,39.14497956457296,-86.57779739887128,LOCAL/CITY RD,N,URBAN,N,N,N,,DAYLIGHT,CLEAR,DRY,,T-INTERSECTION,STRAIGHT/LEVEL,ASPHALT,FOLLOWING TOO CLOSELY,REAR END,E7THSTNSTATERD46HWY,STOP SIGN,2021-08-18 14:36:00,,,
1394,BLOOMINGTON PD,BLOOMINGTON,2,0.0,1.0,0,0,1602,,,S WALNUT ST,W SOUTHERN DR,,,,39.17167,-86.53357,LOCAL/CITY RD,N,URBAN,N,N,N,,DAYLIGHT,CLEAR,DRY,,T-INTERSECTION,STRAIGHT/LEVEL,ASPHALT,FAILURE TO YIELD RIGHT OF WAY,RIGHT ANGLE,EASTSOUTHERNDRSOUTHWALNUTST,STOP SIGN,2021-08-18 15:56:00,,,
1395,ISP BLOOMINGTON 33,BLOOMINGTON,1,,0.0,0,0,,,,I-69 N,ST RD 37,,0.0,,39.16850808537821,-86.53237688781259,INTERSTATE,,URBAN,N,N,N,,DAYLIGHT,CLEAR,DRY,,NO JUNCTION INVOLVED,,CONCRETE,,RAN OFF RD,I-69114.5,,2021-08-18 16:20:00,,,