_id,Agency,City,Vehicles Involved,Trailers Involved,Number Injured,Number Dead,Number Deer,House Number,Roadway Interchange,Roadway Ramp,Roadway Id,Intersecting Road,Interchange,Feet From,Direction,Latitude,Longitude,Roadway Class,Hit and Run?,Locality,School Zone?,Rumble Strips?,Construction?,Construction Type,Light Condition,Weather Conditions,Surface Condition,Type of Median,Roadway Junction Type,Road Character,Roadway Surface,Primary Factor,Manner of Collision,Unique Location Id,Traffic Control,DateTime,Address Number,Cyclist Involved,Pedestrian Involved
1396,INDIANA UNIV BLOOMINGTON PD,BLOOMINGTON,2,0.0,0.0,0,0,,,,S SWAIN AVE,E 3RD ST,,,,39.17148271275969,-86.49539243240447,LOCAL/CITY RD,N,URBAN,N,N,N,,DAYLIGHT,CLEAR,DRY,,T-INTERSECTION,STRAIGHT/LEVEL,ASPHALT,IMPROPER TURNING,LEFT TURN,SWAINAVE 3RDST,NONE,2021-08-18 16:40:00,,,
1397,BLOOMINGTON PD,BLOOMINGTON,1,0.0,1.0,0,0,,,,ST RD 46,S COLLEGE MALL RD,,100.0,E,39.17148693647821,-86.49539009701753,LOCAL/CITY RD,Y,URBAN,N,N,N,,DARK (LIGHTED),CLEAR,DRY,,NO JUNCTION INVOLVED,STRAIGHT/LEVEL,ASPHALT,FAILURE TO YIELD RIGHT OF WAY,RIGHT TURN,ESTRD46HWYSCOLLEGEMALLRD,NONE,2021-08-18 22:23:00,,,True
1398,MONROE SD,BLOOMINGTON,1,0.0,0.0,0,0,,,,W PERSIMMON CT,S WHITE PINE DR,,,,39.17149,-86.49537,LOCAL/CITY RD,Y,URBAN,N,N,N,,DARK (NOT LIGHTED),CLEAR,DRY,,T-INTERSECTION,CURVE/LEVEL,ASPHALT,RAN OFF RD RIGHT,RAN OFF RD,SOUTHWHITEPINEDRWESTPERSIMMONCT,NONE,2021-08-18 22:50:00,,,
1399,ISP BLOOMINGTON 33,BLOOMINGTON,2,,0.0,0,0,7844,,,W ELWREN RD,ST RD 45,,185.0,,39.171487757193475,-86.4953730417401,LOCAL/CITY RD,,RURAL,N,N,N,,DAYLIGHT,FOG/SMOKE/SMOG,DRY,,NO JUNCTION INVOLVED,,ASPHALT,OTHER (DRIVER) - EXPLAIN IN NARRATIVE,REAR END,WStateRd45 WElwrenRd,,2021-08-17 08:27:00,,,
1400,BLOOMINGTON PD,BLOOMINGTON,2,0.0,0.0,0,0,,,,N WOODBURN AVE,W 14TH ST,,,,39.17149,-86.49537,LOCAL/CITY RD,N,URBAN,N,N,N,,DAWN/DUSK,CLEAR,DRY,,NO JUNCTION INVOLVED,STRAIGHT/GRADE,ASPHALT,IMPROPER TURNING,LEFT TURN,NWOODBURNAVEW14THST,NONE,2021-08-17 09:13:00,,,
1401,ISP BLOOMINGTON 33,BLOOMINGTON,2,,0.0,0,0,,,,I-69 N,,,0.0,,39.171466575438515,-86.49537125092472,INTERSTATE,,RURAL,N,N,N,,DAYLIGHT,CLEAR,DRY,,NO JUNCTION INVOLVED,,CONCRETE,,SAME DIRECTION SIDESWIPE,I-69106.5,,2021-08-17 13:20:00,,,
1402,BLOOMINGTON PD,BLOOMINGTON,2,0.0,0.0,0,0,,,,E COVENANTER DR,S COLLEGE MALL RD,,,,39.17592161913998,-86.5335761150661,LOCAL/CITY RD,N,URBAN,N,N,N,,DAYLIGHT,CLOUDY,DRY,,FOUR-WAY INTERSECTION,STRAIGHT/LEVEL,ASPHALT,FAILURE TO YIELD RIGHT OF WAY,LEFT/RIGHT TURN,ECOVENANTERDRSCOLLEGEMALLRD,TRAFFIC CONTROL SIGNAL,2021-08-17 13:51:00,,,
1403,BLOOMINGTON PD,BLOOMINGTON,2,0.0,0.0,0,0,1836,,,S OAKDALE DR,,,,,39.186379637191095,-86.53774793132305,UNKNOWN,N,URBAN,N,N,N,,DAYLIGHT,CLOUDY,DRY,,NO JUNCTION INVOLVED,NON-RDWAY CRASH,ASPHALT,UNSAFE BACKING,BACKING CRASH,SOAKDALEDR,NONE,2021-08-17 14:44:00,,,
1404,BLOOMINGTON PD,BLOOMINGTON,2,0.0,1.0,0,0,,,,S ROGERS ST,W 4TH ST,,,,39.16267908954232,-86.550513841042,LOCAL/CITY RD,N,URBAN,N,N,N,,DAYLIGHT,CLEAR,DRY,,FOUR-WAY INTERSECTION,STRAIGHT/LEVEL,ASPHALT,DISREGARD SIGNAL/REG SIGN,LEFT TURN,SROGERSSTW4THST,STOP SIGN,2021-08-17 16:51:00,,,
1405,INDIANA UNIV BLOOMINGTON PD,BLOOMINGTON,2,0.0,0.0,0,0,,,,ST RD 46,ST RD 45,,,,39.190649524391155,-86.58315876510025,ST RD,N,URBAN,N,N,N,,DAYLIGHT,CLEAR,DRY,,FOUR-WAY INTERSECTION,STRAIGHT/LEVEL,ASPHALT,FOLLOWING TOO CLOSELY,REAR END,ST RD 45ST RD 46,TRAFFIC CONTROL SIGNAL,2021-08-17 16:56:00,,,
1406,BLOOMINGTON PD,BLOOMINGTON,1,1.0,0.0,0,0,,,,W 17TH ST,N MADISON ST,,,,39.171538924194444,-86.51249009027698,LOCAL/CITY RD,N,URBAN,N,N,N,,DAYLIGHT,CLEAR,DRY,,FOUR-WAY INTERSECTION,STRAIGHT/HILLCREST,ASPHALT,OVERCORRECTING/OVERSTEERING,RAN OFF RD,NMADISONSTW17THST,TRAFFIC CONTROL SIGNAL,2021-08-17 17:55:00,,,
1407,INDIANA UNIV BLOOMINGTON PD,BLOOMINGTON,2,0.0,0.0,0,0,,,,ST RD 45/46,E 10TH ST,,,,39.16425405424522,-86.52589978540037,ST RD,Y,URBAN,N,N,N,,DAYLIGHT,CLOUDY,DRY,,FOUR-WAY INTERSECTION,STRAIGHT/LEVEL,ASPHALT,UNSAFE SPEED,REAR END,ST RD 45ST RD 46,TRAFFIC CONTROL SIGNAL,2021-08-17 18:00:00,,,
1408,BLOOMINGTON PD,BLOOMINGTON,2,0.0,0.0,0,0,,,,S ADAMS ST,ENTRANCE TO MARATHON GAS STATION,,,,39.0134412421332,-86.54736449003585,LOCAL/CITY RD,N,URBAN,N,N,N,,DAYLIGHT,CLEAR,DRY,,FOUR-WAY INTERSECTION,STRAIGHT/LEVEL,ASPHALT,FOLLOWING TOO CLOSELY,REAR END,SPATTERSONDRW 3RDST,TRAFFIC CONTROL SIGNAL,2021-08-17 18:20:00,,,
1409,MONROE SD,BLOOMINGTON,1,1.0,0.0,0,0,1907,,,W LANCASTER RD,N MAPLE GROVE RD,,,,39.16765,-86.50003,LOCAL/CITY RD,N,RURAL,N,N,N,,DAYLIGHT,CLEAR,DRY,,NO JUNCTION INVOLVED,CURVE/GRADE,CONCRETE,IMPROPER TURNING,RAN OFF RD,WLANCASTERDR,NONE,2021-08-17 18:22:00,,,
1410,BLOOMINGTON PD,BLOOMINGTON,2,0.0,0.0,0,0,3462,,,E JOHN HINKLE PL,,,,,39.14971858611941,-86.53352427953114,LOCAL/CITY RD,N,URBAN,N,N,N,,DAYLIGHT,CLEAR,DRY,,NO JUNCTION INVOLVED,STRAIGHT/LEVEL,ASPHALT,FAILURE TO YIELD RIGHT OF WAY,BACKING CRASH,EJOHNHICKLEPL,NONE,2021-08-17 18:40:00,,,
1411,BLOOMINGTON PD,BLOOMINGTON,2,0.0,1.0,0,0,,,,N WALNUT ST,W 14TH ST,,,,39.18329287632582,-86.55622195660705,LOCAL/CITY RD,N,URBAN,N,N,N,,DAYLIGHT,CLEAR,DRY,,FOUR-WAY INTERSECTION,STRAIGHT/GRADE,ASPHALT,IMPROPER TURNING,SAME DIRECTION SIDESWIPE,NORTHWALNUTSTWEST14THST,STOP SIGN,2021-08-17 19:44:00,,,
1412,BLOOMINGTON PD,BLOOMINGTON,2,0.0,1.0,0,0,,,,N WALNUT ST,,,200.0,S,39.16422075343004,-86.51527980511894,LOCAL/CITY RD,N,URBAN,N,N,Y,LN CLOSURE,DAYLIGHT,FOG/SMOKE/SMOG,DRY,,NO JUNCTION INVOLVED,STRAIGHT/LEVEL,ASPHALT,UNSAFE LN MOVEMENT,SAME DIRECTION SIDESWIPE,NWALNUTSTW7THST,LN CONTROL,2021-08-17 20:53:00,,,
1413,BLOOMINGTON PD,BLOOMINGTON,2,0.0,1.0,0,0,,,,S COLLEGE AVE,W 11TH ST,,,,39.16420138493971,-86.49827398751961,LOCAL/CITY RD,N,URBAN,N,N,N,,DARK (LIGHTED),CLEAR,DRY,,FOUR-WAY INTERSECTION,STRAIGHT/HILLCREST,ASPHALT,DRIVER DISTRACTED - EXPLAIN IN NARRATIVE,RIGHT ANGLE,SCOLLEGEAVEW11THST,TRAFFIC CONTROL SIGNAL,2021-08-17 21:14:00,,,
1414,BLOOMINGTON PD,BLOOMINGTON,3,0.0,1.0,0,0,,,,E WINSLOW RD,S HIGHLAND AVE,,15.0,W,39.109146603342566,-86.53709203464639,LOCAL/CITY RD,N,URBAN,N,N,N,,DAYLIGHT,CLOUDY,DRY,,T-INTERSECTION,STRAIGHT/GRADE,ASPHALT,FOLLOWING TOO CLOSELY,REAR END,EWINSLOWRDSHIGHLANDAVE,NONE,2021-08-16 08:16:00,,,
1415,BLOOMINGTON PD,BLOOMINGTON,2,0.0,0.0,0,0,,,,W 3RD ST,S YANCY LN,,,,39.10766,-86.64364,LOCAL/CITY RD,N,URBAN,N,N,N,,DAYLIGHT,CLEAR,DRY,,T-INTERSECTION,STRAIGHT/GRADE,ASPHALT,BRAKE FAILURE OR DEFECTIVE,REAR END,SOUTHYANCYLNWEST3RDST,STOP SIGN,2021-08-16 14:23:00,,,
1416,BLOOMINGTON PD,BLOOMINGTON,2,0.0,0.0,0,0,,,,ST RD 48,S WELMIR DR,,,,39.17595,-86.536,LOCAL/CITY RD,N,URBAN,N,N,N,,DAYLIGHT,CLOUDY,DRY,,T-INTERSECTION,STRAIGHT/GRADE,ASPHALT,IMPROPER TURNING,RIGHT ANGLE,RUNKLEWAYW 3RDST,NONE,2021-08-16 14:50:00,,,
1417,BLOOMINGTON PD,BLOOMINGTON,2,0.0,0.0,0,0,,,,E 2ND ST,S WOODLAWN AVE,,,,39.06848264825508,-86.67338003287934,LOCAL/CITY RD,N,URBAN,N,N,N,,DAYLIGHT,CLEAR,DRY,,FOUR-WAY INTERSECTION,STRAIGHT/LEVEL,ASPHALT,DISREGARD SIGNAL/REG SIGN,RIGHT ANGLE,EAST2NDSTSOUTHWOODLAWNAVE,STOP SIGN,2021-08-16 17:08:00,,,
1418,ISP BLOOMINGTON 33,BLOOMINGTON,3,,2.0,0,0,,,,ST RD 46,E KERR CREEK RD,,150.0,,39.15517,-86.49773,ST RD,,RURAL,N,N,N,,DAYLIGHT,CLOUDY,DRY,,NO JUNCTION INVOLVED,,ASPHALT,UNSAFE SPEED,REAR END,StateRd46KerrCreekRd,,2021-08-16 17:55:00,,,
1419,INDIANA UNIV BLOOMINGTON PD,BLOOMINGTON,2,0.0,0.0,0,0,,,,N FEE LN,E LAW LN,,,,39.14510113438783,-86.57135061668937,LOCAL/CITY RD,N,URBAN,N,N,N,,DAYLIGHT,CLEAR,DRY,,T-INTERSECTION,STRAIGHT/GRADE,ASPHALT,DRIVER DISTRACTED - EXPLAIN IN NARRATIVE,REAR END,ELAWLNNFEELN,LN CONTROL,2021-08-16 19:25:00,,,
1420,BLOOMINGTON PD,BLOOMINGTON,2,0.0,0.0,0,0,,,,E 9TH ST,N WASHINGTON ST,,50.0,W,39.16560048710165,-86.5387396771863,LOCAL/CITY RD,N,URBAN,N,N,N,,DAWN/DUSK,CLEAR,DRY,,NO JUNCTION INVOLVED,STRAIGHT/GRADE,ASPHALT,UNSAFE BACKING,BACKING CRASH,EAST9THSTNORTHWASHINGTONST,NONE,2021-08-16 20:09:00,,,
1421,BLOOMINGTON PD,BLOOMINGTON,2,0.0,1.0,0,0,,,,ST RD 45/46,N WALNUT ST,,2500.0,E,39.18624251913431,-86.53164735900057,LOCAL/CITY RD,N,URBAN,N,N,N,,DAYLIGHT,CLEAR,DRY,,NO JUNCTION INVOLVED,STRAIGHT/GRADE,ASPHALT,FOLLOWING TOO CLOSELY,REAR END,INDIANA4546BYPNWALNUTST,NONE,2021-08-16 22:54:00,,,
1422,BLOOMINGTON PD,BLOOMINGTON,2,0.0,0.0,0,0,,,,E MAXWELL LN,S HAWTHORNE DR,,150.0,W,39.17900052997841,-86.53774972198981,LOCAL/CITY RD,N,URBAN,N,N,N,,DARK (LIGHTED),CLEAR,DRY,,FOUR-WAY INTERSECTION,STRAIGHT/LEVEL,ASPHALT,OTHER (DRIVER) - EXPLAIN IN NARRATIVE,SAME DIRECTION SIDESWIPE,EMAXWELLLNSHAWTHORNEDR,NONE,2021-08-15 03:26:00,,,
1423,ISP BLOOMINGTON 33,BLOOMINGTON,2,,1.0,0,0,,,,ST RD 37,E MONROE DAM RD,,0.0,,39.17158109130145,-86.50215523434919,ST RD,,RURAL,N,N,Y,LN CLOSURE,DAYLIGHT,CLOUDY,DRY,,NO JUNCTION INVOLVED,,ASPHALT,FAILURE TO YIELD RIGHT OF WAY,REAR END,StateRd37MonroeDamRd.,,2021-08-15 08:50:00,,,
1424,BLOOMINGTON PD,BLOOMINGTON,2,0.0,0.0,0,0,,,,E ROGERS ST,S SARE RD,,,,39.165301224742926,-86.55042348258411,LOCAL/CITY RD,N,URBAN,N,N,N,,DAYLIGHT,CLOUDY,DRY,,TRAFFIC CIRCLE/ROUNDABOUT,CURVE/LEVEL,ASPHALT,FAILURE TO YIELD RIGHT OF WAY,LEFT TURN,EROGERSRDSSARERD,YIELD SIGN,2021-08-15 14:19:00,,,
1425,BLOOMINGTON PD,BLOOMINGTON,2,1.0,0.0,0,0,,,14,ST RD 45,I-69 S,,,,39.21022298518691,-86.5609214443756,LOCAL/CITY RD,N,URBAN,N,N,N,,DAYLIGHT,CLEAR,DRY,,RAMP,CURVE/LEVEL,ASPHALT,FOLLOWING TOO CLOSELY,REAR END,US69SWBLOOMFIELDRD,YIELD SIGN,2021-08-15 14:35:00,,,
1426,MONROE SD,BLOOMINGTON,2,0.0,0.0,0,0,5470,,,W ERS WAY,,,,,39.169292456758214,-86.49199954690995,UNKNOWN,N,RURAL,N,N,N,,DAYLIGHT,CLEAR,DRY,,NO JUNCTION INVOLVED,STRAIGHT/GRADE,CONCRETE,BRAKE FAILURE OR DEFECTIVE,BACKING CRASH,SFARMERSDR,NONE,2021-08-15 14:57:00,,,
1427,INDIANA UNIV BLOOMINGTON PD,BLOOMINGTON,2,0.0,0.0,0,0,,,,S SWAIN AVE,E 3RD ST,,,,39.17591808814366,-86.53355569706628,LOCAL/CITY RD,N,URBAN,N,N,N,,DAYLIGHT,CLOUDY,DRY,,T-INTERSECTION,STRAIGHT/LEVEL,ASPHALT,IMPROPER TURNING,LEFT TURN,SWAINAVE 3RDST,NONE,2021-08-15 15:35:00,,,
1428,BLOOMINGTON PD,BLOOMINGTON,2,0.0,0.0,0,0,,,,E KIRKWOOD AVE,S WASHINGTON ST,,100.0,W,39.16859499998782,-86.53359295361302,LOCAL/CITY RD,Y,URBAN,N,N,N,,DAYLIGHT,CLOUDY,DRY,,NO JUNCTION INVOLVED,STRAIGHT/LEVEL,ASPHALT,UNSAFE LN MOVEMENT,SAME DIRECTION SIDESWIPE,EKIRKWOODDRSWASHINGTONST,NONE,2021-08-15 17:28:00,,,
1429,ELLETTSVILLE PD,ELLETTSVILLE,2,0.0,0.0,0,0,,,,ST RD 46,N DEER PARK DR,,,,39.17328,-86.53481,ST RD,N,URBAN,N,N,N,,DAWN/DUSK,CLOUDY,DRY,,T-INTERSECTION,STRAIGHT/LEVEL,ASPHALT,FAILURE TO YIELD RIGHT OF WAY,LEFT/RIGHT TURN,DEERPARKDRST RD 46 W,STOP SIGN,2021-08-15 19:26:00,,,
1430,INDIANA UNIV BLOOMINGTON PD,BLOOMINGTON,2,0.0,0.0,0,0,,,,N SUNRISE DR,,,300.0,N,39.13598215955307,-86.51749275192256,LOCAL/CITY RD,N,URBAN,N,N,N,,DARK (LIGHTED),CLEAR,DRY,,NO JUNCTION INVOLVED,STRAIGHT/GRADE,ASPHALT,UNSAFE BACKING,BACKING CRASH,E7THSTNSUNRISEDR,NONE,2021-08-15 22:00:00,,,
1431,MONROE SD,BLOOMINGTON,1,0.0,0.0,0,0,,,,S HARMONY RD,ST RD 45,,,,39.164521979075516,-86.56949436228979,LOCAL/CITY RD,Y,RURAL,N,N,N,,DARK (NOT LIGHTED),CLEAR,DRY,,T-INTERSECTION,CURVE/LEVEL,ASPHALT,RAN OFF RD RIGHT,RAN OFF RD,HARMONYRDWESTSTATERD45RD,STOP SIGN,2021-08-15 22:45:00,,,
1432,MONROE SD,BLOOMINGTON,2,0.0,0.0,0,0,,,Y,ST RD 37,E MONROE DAM RD,,,,39.16462825693987,-86.58220626013572,ST RD,N,RURAL,N,N,Y,LN CLOSURE,DARK (LIGHTED),CLEAR,DRY,,RAMP,CURVE/GRADE,ASPHALT,FAILURE TO YIELD RIGHT OF WAY,SAME DIRECTION SIDESWIPE,MONROEDAMRDS ST RD 37,YIELD SIGN,2021-08-14 05:36:00,,,
1433,BLOOMINGTON PD,BLOOMINGTON,1,0.0,1.0,0,0,,,,S WALNUT ST PK,E WINSLOW RD,,,,39.16104793148691,-86.52267849266214,LOCAL/CITY RD,N,URBAN,N,N,N,,DAYLIGHT,CLEAR,DRY,,FOUR-WAY INTERSECTION,STRAIGHT/LEVEL,ASPHALT,FAILURE TO YIELD RIGHT OF WAY,RIGHT ANGLE,EWINSLOWRDSWALNUTSTPK,STOP SIGN,2021-08-14 10:20:00,,True,
1434,ELLETTSVILLE PD,ELLETTSVILLE,2,0.0,0.0,0,0,,,,ST RD 46,N HARTSTRAIT RD,,,,39.16655413516266,-86.46259246650379,ST RD,N,URBAN,N,N,N,,DAYLIGHT,CLEAR,DRY,,FOUR-WAY INTERSECTION,STRAIGHT/GRADE,ASPHALT,FOLLOWING TOO CLOSELY,REAR TO REAR,HARTSTRAITRDST RD 46 W,TRAFFIC CONTROL SIGNAL,2021-08-14 12:33:00,,,
1435,BLOOMINGTON PD,BLOOMINGTON,2,0.0,2.0,0,0,,,,S PATTERSON DR,S FAIRVIEW ST,,,,39.17395,-86.5189,LOCAL/CITY RD,N,URBAN,N,N,N,,DAYLIGHT,CLEAR,DRY,,FOUR-WAY INTERSECTION,STRAIGHT/LEVEL,ASPHALT,FOLLOWING TOO CLOSELY,REAR END,SFAIRVIEWSTSPATTERSONDR,TRAFFIC CONTROL SIGNAL,2021-08-14 14:35:00,,,
1436,BLOOMINGTON PD,BLOOMINGTON,2,0.0,0.0,0,0,,,,N WALNUT ST,W 7TH ST,,,,39.17044278548778,-86.53234292051576,LOCAL/CITY RD,N,URBAN,N,N,N,,DAYLIGHT,CLEAR,DRY,,FOUR-WAY INTERSECTION,STRAIGHT/LEVEL,ASPHALT,FAILURE TO YIELD RIGHT OF WAY,SAME DIRECTION SIDESWIPE,NWALNUTSTW7THST,TRAFFIC CONTROL SIGNAL,2021-08-14 15:20:00,,,
1437,BLOOMINGTON PD,BLOOMINGTON,2,0.0,3.0,0,0,,,,W ST RD 37,N STONE MILL RD,,,,39.18624,-86.53453,LOCAL/CITY RD,N,URBAN,N,N,N,,DAYLIGHT,CLEAR,DRY,,FOUR-WAY INTERSECTION,STRAIGHT/LEVEL,ASPHALT,FAILURE TO YIELD RIGHT OF WAY,RIGHT ANGLE,NOLDSTATERD37RDNSTONEMILLRD,STOP SIGN,2021-08-14 15:21:00,,,
1438,BLOOMINGTON PD,BLOOMINGTON,2,0.0,0.0,0,0,,,,E 3RD ST,S JEFFERSON ST,,,,39.15776237897636,-86.520184941607,LOCAL/CITY RD,N,URBAN,N,N,N,,DAYLIGHT,CLEAR,DRY,,T-INTERSECTION,STRAIGHT/LEVEL,ASPHALT,FOLLOWING TOO CLOSELY,REAR END,E 3RDSTSJEFFERSONST,NONE,2021-08-14 16:20:00,,,
1439,MONROE SD,BLOOMINGTON,2,1.0,0.0,0,0,,,,I-69 N,N ST RD 37,,,,39.019991880180825,-86.53637868376306,INTERSTATE,N,RURAL,N,N,N,,DAYLIGHT,CLEAR,DRY,,RAMP,STRAIGHT/LEVEL,ASPHALT,FAILURE TO YIELD RIGHT OF WAY,SAME DIRECTION SIDESWIPE,COLLEGEAVEI-69 N,NONE,2021-08-14 18:48:00,,,
1440,MONROE SD,BLOOMINGTON,1,0.0,0.0,0,0,,,,ST RD 45,S WOODBINE DR,,,,39.13574,-86.49667,ST RD,N,URBAN,N,N,N,,DAYLIGHT,CLEAR,DRY,,T-INTERSECTION,STRAIGHT/LEVEL,ASPHALT,RAN OFF RD RIGHT,RAN OFF RD,ST RD 45 WWOODBINDRD,NONE,2021-08-14 19:58:00,,,
1441,BLOOMINGTON PD,BLOOMINGTON,2,0.0,0.0,0,0,,,,W 3RD ST,S CORY LN,,,,39.182158392025855,-86.55693744595592,LOCAL/CITY RD,N,URBAN,N,N,N,,DARK (LIGHTED),CLEAR,DRY,,FOUR-WAY INTERSECTION,STRAIGHT/LEVEL,ASPHALT,OTHER (DRIVER) - EXPLAIN IN NARRATIVE,REAR END,SCORYLNW 3RDST,TRAFFIC CONTROL SIGNAL,2021-08-14 22:28:00,,,
1442,BLOOMINGTON PD,BLOOMINGTON,2,0.0,0.0,0,0,,,,E HUNTER AVE,S WOODLAWN AVE,,50.0,E,39.14808668290931,-86.58154903289697,LOCAL/CITY RD,Y,URBAN,Y,N,N,,UNKNOWN,CLEAR,DRY,,NO JUNCTION INVOLVED,STRAIGHT/LEVEL,ASPHALT,OVERCORRECTING/OVERSTEERING,OPPOSITE DIRECTION SIDESWIPE,EHUNTERAVESWOODLAWNAVE,NONE,2021-08-13 07:36:00,,,
1443,BLOOMINGTON PD,BLOOMINGTON,2,0.0,0.0,0,0,,,,S COLLEGE AVE,W 3RD ST,,,,39.1642229666638,-86.51527560392267,LOCAL/CITY RD,N,URBAN,N,N,N,,DAYLIGHT,CLEAR,DRY,,FOUR-WAY INTERSECTION,STRAIGHT/LEVEL,ASPHALT,FAILURE TO YIELD RIGHT OF WAY,RIGHT ANGLE,SCOLLEGEAVEW 3RDST,TRAFFIC CONTROL SIGNAL,2021-08-13 11:45:00,,,
1444,BLOOMINGTON PD,BLOOMINGTON,2,0.0,0.0,0,0,,,,W 3RD ST,S WALNUT ST,,,,39.16654107030761,-86.53235307437211,LOCAL/CITY RD,N,URBAN,N,N,N,,DAYLIGHT,CLOUDY,DRY,,FOUR-WAY INTERSECTION,STRAIGHT/HILLCREST,ASPHALT,FOLLOWING TOO CLOSELY,REAR END,SWALNUTSTW 3RDST,TRAFFIC CONTROL SIGNAL,2021-08-13 12:10:00,,,
1445,BLOOMINGTON PD,BLOOMINGTON,2,0.0,0.0,0,0,,,,W ARLINGTON RD,W 20TH ST,,50.0,E,39.21211,-86.58718,LOCAL/CITY RD,N,URBAN,N,N,N,,DAYLIGHT,CLEAR,DRY,,NO JUNCTION INVOLVED,CURVE/GRADE,ASPHALT,IMPROPER TURNING,LEFT TURN,20THSTARLINGTONRD,LN CONTROL,2021-08-13 12:18:00,,,
1446,BLOOMINGTON PD,BLOOMINGTON,2,0.0,0.0,0,0,317,,,W 17TH ST,N MADISON ST,,,,39.20025759253666,-86.51243107661698,UNKNOWN,N,URBAN,N,N,N,,DAYLIGHT,CLOUDY,DRY,,NO JUNCTION INVOLVED,STRAIGHT/GRADE,ASPHALT,FAILURE TO YIELD RIGHT OF WAY,BACKING CRASH,WEST17THST,NONE,2021-08-13 14:07:00,,,
1447,BLOOMINGTON PD,BLOOMINGTON,3,0.0,0.0,0,0,,,,S COLLEGE MALL RD,E COVENANTER DR,,,,39.111032068404306,-86.63819010206275,LOCAL/CITY RD,N,URBAN,N,N,N,,DAYLIGHT,CLEAR,DRY,,FOUR-WAY INTERSECTION,STRAIGHT/LEVEL,ASPHALT,FAILURE TO YIELD RIGHT OF WAY,RIGHT ANGLE,COLLEGEMALLRDECOVENANTERDR,TRAFFIC CONTROL SIGNAL,2021-08-13 14:28:00,,,
1448,BLOOMINGTON PD,BLOOMINGTON,2,0.0,0.0,0,0,3205,,,ST RD 45,ENTRANCE TO SAM'S CLUB,,,,39.01998679345414,-86.53634510571978,LOCAL/CITY RD,N,URBAN,N,N,N,,DAYLIGHT,CLEAR,DRY,,NO JUNCTION INVOLVED,STRAIGHT/LEVEL,ASPHALT,FAILURE TO YIELD RIGHT OF WAY,RIGHT ANGLE,WSTATERD45SAMSCLUBRD,NONE,2021-08-13 15:49:00,,,
1449,BLOOMINGTON PD,BLOOMINGTON,2,0.0,0.0,0,0,,,,N WALNUT ST,W 9TH ST,,,,39.135982315461526,-86.52881872619797,LOCAL/CITY RD,N,URBAN,N,N,N,,DAYLIGHT,CLEAR,DRY,,FOUR-WAY INTERSECTION,STRAIGHT/GRADE,ASPHALT,IMPROPER TURNING,LEFT TURN,NORTHWALNUTSTWEST9THST,STOP SIGN,2021-08-13 16:11:00,,,
1450,MONROE SD,BLOOMINGTON,2,0.0,1.0,0,0,,,,S SMITH RD,E ST REMY DR,,250.0,S,39.22765,-86.61593,COUNTY RD,Y,RURAL,N,N,N,,DAYLIGHT,CLEAR,DRY,,NO JUNCTION INVOLVED,STRAIGHT/GRADE,ASPHALT,FOLLOWING TOO CLOSELY,REAR END,REMYDRSMITHRD,NONE,2021-08-13 19:13:00,,,
1451,MONROE SD,BLOOMINGTON,1,0.0,0.0,0,0,,,,N STINESVILLE RD,W MT CARMEL RD,,150.0,S,39.15383,-86.54109,COUNTY RD,N,RURAL,N,N,N,,DARK (NOT LIGHTED),CLEAR,DRY,,NO JUNCTION INVOLVED,CURVE/GRADE,ASPHALT,ANIMAL/OBJECT IN RDWAY,RAN OFF RD,MTCARMELRDSTINESVILLERD,NONE,2021-08-13 21:50:00,,,
1452,ISP BLOOMINGTON 33,BLOOMINGTON,2,,0.0,0,0,,,,W TAPP RD,S ROCKPORT RD,,0.0,,39.16853959330451,-86.53362629765985,LOCAL/CITY RD,,URBAN,N,N,N,,DAWN/DUSK,CLEAR,DRY,,FOUR-WAY INTERSECTION,,ASPHALT,UNSAFE LN MOVEMENT,SAME DIRECTION SIDESWIPE,WTappRdSRockportRd,,2021-08-12 07:12:00,,,
1453,MONROE SD,BLOOMINGTON,1,0.0,4.0,0,0,,,,E NORTHSHORE DR,,,2000.0,N,39.21354893686623,-86.53636492448155,LOCAL/CITY RD,N,RURAL,N,N,N,,DAYLIGHT,CLEAR,DRY,,NO JUNCTION INVOLVED,STRAIGHT/GRADE,ASPHALT,RAN OFF RD RIGHT,RAN OFF RD,ENORTHSHOREDRESPILLWAYRD,NONE,2021-08-12 08:20:00,,,
1454,BLOOMINGTON PD,BLOOMINGTON,2,0.0,1.0,0,0,,,,E SMITH AVE,S DUNN ST,,,,39.16422046722606,-86.50712763841969,LOCAL/CITY RD,N,URBAN,N,N,N,,DAYLIGHT,CLEAR,DRY,,FOUR-WAY INTERSECTION,STRAIGHT/HILLCREST,ASPHALT,DISREGARD SIGNAL/REG SIGN,RIGHT ANGLE,ESMITHAVESDUNNST,STOP SIGN,2021-08-12 10:20:00,,,
1455,BLOOMINGTON PD,BLOOMINGTON,2,0.0,1.0,0,0,,,,ST RD 46,E 3RD ST,,200.0,N,39.23839535224756,-86.53810858301908,ST RD,N,URBAN,N,N,N,,DAYLIGHT,CLEAR,DRY,,NO JUNCTION INVOLVED,STRAIGHT/GRADE,ASPHALT,CELL PHONE USAGE,REAR END,E 3RDSTST RD 46S,LN CONTROL,2021-08-12 12:12:00,,,