_id,Agency,City,Vehicles Involved,Trailers Involved,Number Injured,Number Dead,Number Deer,House Number,Roadway Interchange,Roadway Ramp,Roadway Id,Intersecting Road,Interchange,Feet From,Direction,Latitude,Longitude,Roadway Class,Hit and Run?,Locality,School Zone?,Rumble Strips?,Construction?,Construction Type,Light Condition,Weather Conditions,Surface Condition,Type of Median,Roadway Junction Type,Road Character,Roadway Surface,Primary Factor,Manner of Collision,Unique Location Id,Traffic Control,DateTime,Address Number,Cyclist Involved,Pedestrian Involved
1456,BLOOMINGTON PD,BLOOMINGTON,2,0.0,0.0,0,0,,,,W 6TH ST,N MORTON ST,,40.0,E,39.1093326504774,-86.64097611310858,LOCAL/CITY RD,N,URBAN,N,N,N,,DAYLIGHT,CLEAR,DRY,,NO JUNCTION INVOLVED,STRAIGHT/LEVEL,ASPHALT,IMPROPER TURNING,SAME DIRECTION SIDESWIPE,NORTHMORTONSTWEST6THST,NONE,2021-08-12 17:08:00,,,
1457,BLOOMINGTON PD,BLOOMINGTON,1,0.0,0.0,0,0,,118,S,ST RD 48,I-69 S,,,,39.16445099087137,-86.56014660110124,LOCAL/CITY RD,N,URBAN,N,N,N,,DARK (LIGHTED),RAIN,WET,,RAMP,CURVE/GRADE,ASPHALT,RAN OFF RD RIGHT,RAN OFF RD,STRD37OPAS,TRAFFIC CONTROL SIGNAL,2021-08-12 20:40:00,,,
1458,BLOOMINGTON PD,BLOOMINGTON,1,0.0,0.0,0,0,,,,W 11TH ST,N MAPLE ST,,,,39.1622,-86.52262,LOCAL/CITY RD,N,URBAN,N,N,N,,DARK (LIGHTED),RAIN,WET,,NO JUNCTION INVOLVED,STRAIGHT/GRADE,ASPHALT,RAN OFF RD RIGHT,RAN OFF RD,11THSTMAPLEST,STOP SIGN,2021-08-12 20:52:00,,,
1459,MONROE SD,BLOOMINGTON,1,0.0,1.0,0,0,5265,,,ST RD 45,,,,,39.164602063539135,-86.53490056940902,ST RD,N,RURAL,N,N,N,,DARK (LIGHTED),CLEAR,DRY,,NO JUNCTION INVOLVED,STRAIGHT/LEVEL,ASPHALT,RAN OFF RD RIGHT,RAN OFF RD,ST RD 45,LN CONTROL,2021-08-12 23:30:00,,,
1460,BLOOMINGTON PD,BLOOMINGTON,2,0.0,0.0,0,0,,,,W HOWE ST,S ROGERS ST,,20.0,E,39.16455201359148,-86.53367774634899,LOCAL/CITY RD,Y,URBAN,N,N,N,,UNKNOWN,CLEAR,DRY,,NO JUNCTION INVOLVED,STRAIGHT/GRADE,ASPHALT,UNSAFE LN MOVEMENT,SAME DIRECTION SIDESWIPE,SROGERSSTWHOWEST,NONE,2021-08-11 00:00:00,,,
1461,MONROE SD,BLOOMINGTON,1,0.0,0.0,0,1,,,,ST RD 446,,,2500.0,S,39.1837871292266,-86.55011829632414,ST RD,N,RURAL,N,Y,N,,DAYLIGHT,CLEAR,DRY,,T-INTERSECTION,STRAIGHT/GRADE,ASPHALT,ANIMAL/OBJECT IN RDWAY,COLLISION WITH DEER,SSCHWARTZRIDGERDST RD 446S,NONE,2021-08-11 07:02:00,,,
1462,BLOOMINGTON PD,BLOOMINGTON,2,0.0,0.0,0,0,,,,N KINSER PK,ST RD 45/46,,,,39.179027617781436,-86.53775288095827,LOCAL/CITY RD,N,URBAN,N,N,N,,DAYLIGHT,CLEAR,DRY,,FOUR-WAY INTERSECTION,STRAIGHT/LEVEL,ASPHALT,FAILURE TO YIELD RIGHT OF WAY,LEFT/RIGHT TURN,NKINSERPKWSTRD4546BYP,NONE,2021-08-11 13:15:00,,,
1463,MONROE SD,BLOOMINGTON,2,0.0,0.0,0,0,,,,N DANIEL'S WAY,W ZENITH DR,,,,39.15517,-86.49773,LOCAL/CITY RD,N,RURAL,N,N,N,,DAYLIGHT,CLEAR,DRY,,T-INTERSECTION,STRAIGHT/LEVEL,ASPHALT,FAILURE TO YIELD RIGHT OF WAY,RIGHT ANGLE,DANIELSWAYZENITHDR,STOP SIGN,2021-08-11 16:00:00,,,
1464,MONROE SD,BLOOMINGTON,1,0.0,0.0,0,0,4410,,,ST RD 446,S OLD RICHARDSON RD,,,,39.14468,-86.57581,ST RD,N,URBAN,N,N,N,,DAYLIGHT,CLEAR,DRY,,T-INTERSECTION,CURVE/LEVEL,ASPHALT,UNSAFE SPEED,RAN OFF RD,ST RD 446S,LN CONTROL,2021-08-11 18:40:00,,,
1465,BLOOMINGTON PD,BLOOMINGTON,2,0.0,0.0,0,0,,,,S WALNUT ST,W COUNTRY CLUB DR,,,,39.17044278962582,-86.5335767832307,LOCAL/CITY RD,Y,URBAN,N,N,N,,DARK (LIGHTED),CLEAR,DRY,,FOUR-WAY INTERSECTION,STRAIGHT/LEVEL,ASPHALT,FAILURE TO YIELD RIGHT OF WAY,LEFT TURN,SWALNUTSTWCOUNTRYCLUBDR,TRAFFIC CONTROL SIGNAL,2021-08-11 21:41:00,,,
1466,MONROE SD,BLOOMINGTON,2,0.0,1.0,0,0,,,,ST RD 37,S ST RD 37,,,,39.14215900471224,-86.48037221321319,ST RD,Y,URBAN,N,Y,N,,DARK (LIGHTED),CLEAR,DRY,,FOUR-WAY INTERSECTION,STRAIGHT/LEVEL,ASPHALT,DISREGARD SIGNAL/REG SIGN,RIGHT ANGLE,SOLDST37RDS ST RD 37,TRAFFIC CONTROL SIGNAL,2021-08-10 03:00:00,,,
1467,ISP BLOOMINGTON 33,BLOOMINGTON,2,,1.0,0,0,,,,W DILLMAN RD,ST RD 37,,0.0,,39.29608916809653,-86.65940077637471,ST RD,,RURAL,N,N,N,,DAWN/DUSK,CLEAR,DRY,,FOUR-WAY INTERSECTION,,ASPHALT,FAILURE TO YIELD RIGHT OF WAY,LEFT TURN,WDillmanRdStateRd37,,2021-08-10 07:05:00,,,
1468,ELLETTSVILLE PD,ELLETTSVILLE,2,0.0,2.0,0,0,,,,ST RD 46,S POPLAR DR,,,,39.13635,-86.54874,ST RD,N,URBAN,N,N,N,,DAYLIGHT,RAIN,WET,,T-INTERSECTION,STRAIGHT/LEVEL,ASPHALT,FAILURE TO YIELD RIGHT OF WAY,RIGHT ANGLE,POPLARDRST RD 46 W,STOP SIGN,2021-08-10 08:08:00,,,
1469,BLOOMINGTON PD,BLOOMINGTON,2,0.0,0.0,0,0,,,,S CURRY PK,ST RD 45,,,,-3.319422203714348e-05,-2.840255539659717e-05,LOCAL/CITY RD,N,URBAN,N,N,N,,DAYLIGHT,CLOUDY,DRY,,FOUR-WAY INTERSECTION,STRAIGHT/LEVEL,ASPHALT,FOLLOWING TOO CLOSELY,REAR END,SCURRYPKWST RD 45HWY,TRAFFIC CONTROL SIGNAL,2021-08-10 08:25:00,,,
1470,BLOOMINGTON PD,BLOOMINGTON,1,0.0,0.0,0,0,,,,W 11TH ST,N WALNUT ST,,75.0,E,39.16276480878538,-86.52844552788383,LOCAL/CITY RD,N,URBAN,N,N,Y,INTERMITTENT OR MOVING WORK,DAYLIGHT,CLEAR,DRY,,NO JUNCTION INVOLVED,STRAIGHT/LEVEL,ASPHALT,OTHER (DRIVER) - EXPLAIN IN NARRATIVE,OTHER - EXPLAIN IN NARRATIVE,NWALNUTSTW11THST,LN CONTROL,2021-08-10 14:53:00,,,
1471,BLOOMINGTON PD,BLOOMINGTON,4,0.0,0.0,0,0,,,,ST RD 45,W INDUSTRIAL BLVD,,,,39.16431677499371,-86.4720828803208,ST RD,Y,URBAN,N,N,N,,DAYLIGHT,CLEAR,DRY,,FOUR-WAY INTERSECTION,STRAIGHT/LEVEL,ASPHALT,UNSAFE LN MOVEMENT,SAME DIRECTION SIDESWIPE,ST RD 45 WWINDUSTRIALBLVD,TRAFFIC CONTROL SIGNAL,2021-08-10 16:31:00,,,
1472,MONROE SD,BLOOMINGTON,2,0.0,0.0,0,0,,,,E RHORER RD,S WALNUT ST PK,,,,39.16753970921517,-86.53614195444435,LOCAL/CITY RD,N,URBAN,N,N,N,,DAYLIGHT,CLEAR,DRY,,FOUR-WAY INTERSECTION,STRAIGHT/GRADE,ASPHALT,UNSAFE BACKING,BACKING CRASH,ERHORERRDSOUTHWALNUTSTPK,TRAFFIC CONTROL SIGNAL,2021-08-10 17:18:00,,,
1473,MONROE SD,BLOOMINGTON,2,0.0,0.0,0,0,,,,W MONARCH CT,,,1000.0,N,39.164518543981956,-86.57329374367826,LOCAL/CITY RD,N,URBAN,N,N,N,,DAYLIGHT,CLEAR,DRY,,NO JUNCTION INVOLVED,STRAIGHT/LEVEL,ASPHALT,IMPROPER TURNING,SAME DIRECTION SIDESWIPE,SFIELDSTONEBLVDWMONARCHCT,NONE,2021-08-10 17:23:00,,,
1474,INDIANA UNIV BLOOMINGTON PD,BLOOMINGTON,2,0.0,0.0,0,0,,,,ST RD 45/46,E 10TH ST,,500.0,N,39.173245665834614,-86.54215859943399,ST RD,N,URBAN,N,N,N,,DAYLIGHT,CLEAR,DRY,,NO JUNCTION INVOLVED,STRAIGHT/LEVEL,ASPHALT,FOLLOWING TOO CLOSELY,REAR END,10THSTSTST RD 46S,NONE,2021-08-10 17:55:00,,,
1475,BLOOMINGTON PD,BLOOMINGTON,1,0.0,0.0,0,0,1410,,,W 15TH ST,N ILLINOIS ST,,,,39.18631198549718,-86.53305743286627,UNKNOWN,Y,URBAN,N,N,N,,DAWN/DUSK,CLEAR,DRY,,NO JUNCTION INVOLVED,STRAIGHT/LEVEL,ASPHALT,RAN OFF RD RIGHT,RAN OFF RD,W15THST,NONE,2021-08-10 20:35:00,,,
1476,MONROE SD,BLOOMINGTON,1,0.0,0.0,0,1,,,,ST RD 37,S ST RD 37,,300.0,S,39.16237376937046,-86.53875037308113,ST RD,N,URBAN,N,N,N,,DAYLIGHT,RAIN,WET,,NO JUNCTION INVOLVED,CURVE/HILLCREST,ASPHALT,ANIMAL/OBJECT IN RDWAY,COLLISION WITH DEER,OLDSTATERD37SOUTHRDS ST RD 37,NONE,2021-08-09 07:12:00,,,
1477,ISP BLOOMINGTON 33,BLOOMINGTON,3,,0.0,0,0,,,,ST RD 37,S WALNUT ST,,0.0,,38.817536131937246,-86.41882894208419,ST RD,,RURAL,N,N,Y,LN CLOSURE,DAYLIGHT,RAIN,WET,,NO JUNCTION INVOLVED,,ASPHALT,FOLLOWING TOO CLOSELY,REAR END,ST RD 37southofOldS ST RD 37,,2021-08-09 07:17:00,,,
1478,BLOOMINGTON PD,BLOOMINGTON,2,0.0,0.0,0,0,,,,S ROGERS ST,W COUNTRY CLUB DR,,,,39.18637076540155,-86.5377134181004,LOCAL/CITY RD,N,URBAN,N,N,N,,DAYLIGHT,RAIN,WET,,FOUR-WAY INTERSECTION,STRAIGHT/LEVEL,ASPHALT,FAILURE TO YIELD RIGHT OF WAY,HEAD ON BETWEEN TWO MOTOR VEHICLES,COUNTRYCLUBDRIVEROGERSST,TRAFFIC CONTROL SIGNAL,2021-08-09 07:57:00,,,
1479,MONROE SD,ELLETTSVILLE,2,0.0,0.0,0,0,,,,N SMITH PK,W FORREST PARK DR,,,,39.17010386359657,-86.59830427626733,LOCAL/CITY RD,N,URBAN,N,N,N,,DAYLIGHT,RAIN,WET,,T-INTERSECTION,STRAIGHT/HILLCREST,ASPHALT,RDWAY SURFACE CONDITION,REAR END,NSMITHPKWFORRESTPARKDR,LN CONTROL,2021-08-09 10:12:00,,,
1480,MONROE SD,BLOOMINGTON,2,0.0,0.0,0,0,,,,ST RD 45,S HARMONY RD,,,,39.11219,-86.43133,ST RD,N,RURAL,N,N,N,,DAYLIGHT,RAIN,WET,,FOUR-WAY INTERSECTION,STRAIGHT/LEVEL,ASPHALT,UNSAFE LN MOVEMENT,SAME DIRECTION SIDESWIPE,SHARMONYRDST RD 45 W,NONE,2021-08-09 11:30:00,,,
1481,ELLETTSVILLE PD,ELLETTSVILLE,2,0.0,0.0,0,0,,,,ST RD 46,N TUPELO DR,,,,39.135926726763934,-86.53114328432267,ST RD,N,URBAN,N,N,N,,DAYLIGHT,RAIN,WET,,NO JUNCTION INVOLVED,STRAIGHT/LEVEL,ASPHALT,FAILURE TO YIELD RIGHT OF WAY,RIGHT ANGLE,ST RD 46 WTUPELODR,LN CONTROL,2021-08-09 11:34:00,,,
1482,ELLETTSVILLE PD,ELLETTSVILLE,2,0.0,0.0,0,0,,,,ST RD 46,W FORREST PARK DR,,,,39.085234680453915,-86.54276953343604,ST RD,N,URBAN,N,N,N,,DAYLIGHT,RAIN,WET,,NO JUNCTION INVOLVED,STRAIGHT/LEVEL,ASPHALT,FAILURE TO YIELD RIGHT OF WAY,RIGHT ANGLE,FORRESTPARKFARMSDRST RD 46 W,STOP SIGN,2021-08-09 11:36:00,,,
1483,BLOOMINGTON PD,BLOOMINGTON,2,0.0,0.0,0,0,812,,,W COUNTRY CLUB DR,,,200.0,E,39.09292710001149,-86.5460289662114,LOCAL/CITY RD,N,URBAN,N,N,N,,DAYLIGHT,RAIN,WET,,NO JUNCTION INVOLVED,STRAIGHT/GRADE,ASPHALT,FOLLOWING TOO CLOSELY,REAR END,SOUTHBANTAAVEWESTCOUNTRYCLUBDR,NONE,2021-08-09 13:23:00,,,
1484,BLOOMINGTON PD,BLOOMINGTON,2,0.0,0.0,0,0,,,,ST RD 46,E 10TH ST,,500.0,S,39.23748407451715,-86.6292258614466,LOCAL/CITY RD,N,URBAN,N,N,N,,DAYLIGHT,RAIN,WET,,NO JUNCTION INVOLVED,STRAIGHT/LEVEL,ASPHALT,UNSAFE LN MOVEMENT,REAR END,E 10THSTESTRD46BYP,NONE,2021-08-09 14:02:00,,,
1485,INDIANA UNIV BLOOMINGTON PD,BLOOMINGTON,2,0.0,0.0,0,0,,,,S SWAIN AVE,E 3RD ST,,,,39.14191536709114,-86.58261593465292,LOCAL/CITY RD,N,URBAN,N,N,N,,DAYLIGHT,CLOUDY,WET,,T-INTERSECTION,STRAIGHT/LEVEL,ASPHALT,IMPROPER TURNING,LEFT TURN,SWAINAVE 3RDST,NONE,2021-08-09 14:15:00,,,
1486,BLOOMINGTON PD,BLOOMINGTON,2,0.0,2.0,0,0,,,,W 3RD ST,S LANDMARK AVE,,,,39.17323895598743,-86.5335965957924,LOCAL/CITY RD,N,URBAN,N,N,N,,DAYLIGHT,CLOUDY,WET,,FOUR-WAY INTERSECTION,STRAIGHT/GRADE,ASPHALT,FAILURE TO YIELD RIGHT OF WAY,RIGHT ANGLE,SLANDMARKAVEW 3RDST,TRAFFIC CONTROL SIGNAL,2021-08-09 14:41:00,,,
1487,BLOOMINGTON PD,BLOOMINGTON,2,0.0,0.0,0,0,513,,,W HOOSIER CT AVE,,,,,39.14356912689336,-86.5803423137376,UNKNOWN,N,URBAN,N,N,N,,DAYLIGHT,CLEAR,DRY,,NO JUNCTION INVOLVED,STRAIGHT/LEVEL,ASPHALT,UNSAFE BACKING,BACKING CRASH,WESTGOURLEYPK,NONE,2021-08-09 19:36:00,,,
1488,MONROE SD,BLOOMINGTON,2,0.0,2.0,0,0,,,,W FLATWOODS RD,,,2500.0,E,39.12143765735589,-86.53137594025985,LOCAL/CITY RD,N,RURAL,N,N,N,,DAWN/DUSK,CLEAR,DRY,,NO JUNCTION INVOLVED,STRAIGHT/LEVEL,ASPHALT,LEFT OF CENTER,HEAD ON BETWEEN TWO MOTOR VEHICLES,NCOUNTYLINERDWFLATWOODSRD,NONE,2021-08-09 20:43:00,,,
1489,BLOOMINGTON PD,BLOOMINGTON,2,0.0,0.0,1,0,,,,N WALNUT ST,W KIRKWOOD AVE,,,,39.26448101575334,-86.60467492198575,LOCAL/CITY RD,N,URBAN,N,N,N,,DARK (LIGHTED),CLEAR,DRY,,FOUR-WAY INTERSECTION,STRAIGHT/LEVEL,ASPHALT,UNSAFE SPEED,REAR END,KIRKWOODAVENWALNUTST,TRAFFIC CONTROL SIGNAL,2021-08-08 00:45:00,,,
1490,MONROE SD,ELLETTSVILLE,2,0.0,0.0,0,0,,,,ST RD 46,N UNION VALLEY RD,,,,39.17159504792333,-86.5021741548674,ST RD,N,URBAN,N,N,N,,DAYLIGHT,CLEAR,DRY,,FOUR-WAY INTERSECTION,STRAIGHT/LEVEL,ASPHALT,FAILURE TO YIELD RIGHT OF WAY,RIGHT TURN,NUNIONVALLEYRDST RD 46 W,TRAFFIC CONTROL SIGNAL,2021-08-08 12:22:00,,,
1491,MONROE SD,BLOOMINGTON,1,0.0,0.0,0,0,,,,ST RD 45,N RICHARDSON RD,,,,39.17658550311169,-86.55177420266598,ST RD,N,RURAL,N,N,N,,DAYLIGHT,CLEAR,LOOSE MATERIAL ON RD,,NO JUNCTION INVOLVED,CURVE/LEVEL,ASPHALT,RDWAY SURFACE CONDITION,NON-COLLISION,NORTHRICHARDSONRDST RD 45E,NONE,2021-08-08 15:13:00,,,
1492,MONROE SD,BLOOMINGTON,2,0.0,0.0,0,0,,,,ST RD 45,N INDUSTRIAL BLVD,,,,39.08526,-86.54273,ST RD,N,RURAL,N,N,N,,DAYLIGHT,CLEAR,DRY,,NO JUNCTION INVOLVED,STRAIGHT/LEVEL,ASPHALT,DISREGARD SIGNAL/REG SIGN,HEAD ON BETWEEN TWO MOTOR VEHICLES,NORTHINDUSTRIALBLVDST RD 45 W,TRAFFIC CONTROL SIGNAL,2021-08-08 16:57:00,,,
1493,ELLETTSVILLE PD,ELLETTSVILLE,2,0.0,0.0,0,0,,,,ST RD 46,N UNION VALLEY RD,,,,39.16631948472437,-86.53355252354265,ST RD,N,URBAN,N,N,N,,DAYLIGHT,CLEAR,DRY,,NO JUNCTION INVOLVED,STRAIGHT/LEVEL,ASPHALT,FAILURE TO YIELD RIGHT OF WAY,LEFT TURN,ST RD 46 WUNIONVALLEYRD,TRAFFIC CONTROL SIGNAL,2021-08-08 17:34:00,,,
1494,BLOOMINGTON PD,BLOOMINGTON,2,0.0,0.0,0,0,415,,,ALLEY,,,,,39.136012327855006,-86.53829161057736,UNKNOWN,N,URBAN,N,N,N,,DAYLIGHT,CLEAR,DRY,,NO JUNCTION INVOLVED,STRAIGHT/LEVEL,ASPHALT,IMPROPER TURNING,LEFT/RIGHT TURN,SDUNNST,NONE,2021-08-08 18:10:00,,,
1495,MONROE SD,BLOOMINGTON,1,0.0,0.0,1,0,9999,,,ST RD 46,W FOSTER FISCUS RD,,1200.0,E,39.2082,-86.58315,ST RD,N,URBAN,N,N,N,,UNKNOWN,CLEAR,DRY,,NO JUNCTION INVOLVED,CURVE/LEVEL,ASPHALT,RAN OFF RD RIGHT,RAN OFF RD,NCOUNTYLINERDST RD 46 W,LN CONTROL,2021-08-07 06:00:00,,,
1496,ELLETTSVILLE PD,ELLETTSVILLE,2,0.0,0.0,0,0,,,,ST RD 46,N BRIAR GATE DR,,,,39.11105632919378,-86.63821502179773,ST RD,N,URBAN,N,N,N,,DAYLIGHT,CLOUDY,DRY,,NO JUNCTION INVOLVED,STRAIGHT/LEVEL,ASPHALT,IMPROPER LN USAGE,REAR END,BRIARGATELNST RD 46 W,LN CONTROL,2021-08-07 19:35:00,,,
1497,MONROE SD,BLOOMINGTON,1,1.0,0.0,0,0,,,,ST RD 446,E BURGOON CHURCH RD,,,,39.21296,-86.5897,ST RD,N,RURAL,N,N,N,,DARK (NOT LIGHTED),CLEAR,DRY,,NO JUNCTION INVOLVED,CURVE/GRADE,ASPHALT,RAN OFF RD RIGHT,RAN OFF RD,BURGOONCHURCHRDST RD 446,NONE,2021-08-07 21:10:00,,,
1498,MONROE SD,BLOOMINGTON,1,0.0,0.0,0,0,,,,S SHIELDS RIDGE RD,,,2000.0,E,39.21203313137111,-86.58705554587866,COUNTY RD,N,RURAL,N,N,N,,DARK (NOT LIGHTED),CLEAR,DRY,,NO JUNCTION INVOLVED,CURVE/GRADE,ASPHALT,TIRE FAILURE OR DEFECTIVE,RAN OFF RD,7900SSHIELDSRIDGERDSSHADYSIDEDR,NONE,2021-08-07 22:48:00,,,
1499,BLOOMINGTON PD,BLOOMINGTON,3,0.0,0.0,0,0,,,,W 8TH ST,N HAY ST,,,,39.136304,-86.544592,LOCAL/CITY RD,N,URBAN,N,N,N,,DAYLIGHT,CLEAR,DRY,,FOUR-WAY INTERSECTION,STRAIGHT/LEVEL,ASPHALT,OTHER (VEHICLE) - EXPLAIN IN NARRATIVE,SAME DIRECTION SIDESWIPE,8THSTHAYST,NONE,2021-08-06 06:39:00,,,
1500,MONROE SD,BLOOMINGTON,2,0.0,0.0,0,0,,,,I-69 N,,,100.0,S,39.171572388726,-86.50219184540049,INTERSTATE,N,URBAN,N,N,N,,DAYLIGHT,CLEAR,DRY,,NO JUNCTION INVOLVED,CURVE/GRADE,ASPHALT,IMPROPER LN USAGE,SAME DIRECTION SIDESWIPE,I-69 N128.5,NONE,2021-08-06 08:00:00,,,
1501,INDIANA UNIV BLOOMINGTON PD,BLOOMINGTON,2,0.0,0.0,0,0,,,,ST RD 45/46,E DISCOVERY PKWY,,,,39.16422331193239,-86.51526046682372,ST RD,N,URBAN,N,N,N,,DAYLIGHT,CLEAR,DRY,,T-INTERSECTION,STRAIGHT/LEVEL,ASPHALT,FOLLOWING TOO CLOSELY,REAR END,DISCOVERYPKWYST RD 45S,TRAFFIC CONTROL SIGNAL,2021-08-06 12:01:00,,,
1502,BLOOMINGTON PD,BLOOMINGTON,2,0.0,0.0,0,0,,,,E WINSLOW RD,ENTRANCE TO EL RANCHERO,,250.0,E,39.16443,-86.5563,LOCAL/CITY RD,N,URBAN,N,N,N,,DAYLIGHT,CLEAR,DRY,,NO JUNCTION INVOLVED,STRAIGHT/LEVEL,ASPHALT,FAILURE TO YIELD RIGHT OF WAY,LEFT TURN,EWINSLOWRDSWALNUTST,NONE,2021-08-06 14:13:00,,,
1503,ELLETTSVILLE PD,ELLETTSVILLE,2,0.0,0.0,0,0,,,,ST RD 46,N MATTHEWS DR (N),,,,39.18476233542387,-86.53820039956133,LOCAL/CITY RD,N,URBAN,N,N,N,,DAYLIGHT,CLEAR,DRY,,FOUR-WAY INTERSECTION,STRAIGHT/LEVEL,ASPHALT,FAILURE TO YIELD RIGHT OF WAY,SAME DIRECTION SIDESWIPE,MAINSTMATTHEWSDR,NONE,2021-08-06 15:45:00,,,
1504,BLOOMINGTON PD,BLOOMINGTON,2,0.0,0.0,0,0,,,,W COUNTRY CLUB DR,S ROGERS ST,,,,39.25262530912794,-86.68409679129947,LOCAL/CITY RD,N,URBAN,N,N,N,,DAYLIGHT,CLEAR,DRY,,FOUR-WAY INTERSECTION,STRAIGHT/GRADE,ASPHALT,IMPROPER TURNING,LEFT TURN,SOUTHROGERSSTWESTCOUNTRYCLUBRD,TRAFFIC CONTROL SIGNAL,2021-08-06 16:59:00,,,
1505,MONROE SD,BLOOMINGTON,3,0.0,0.0,0,0,,,,ST RD 46,N SMITH PK,,50.0,E,39.16657325335283,-86.53362663806448,ST RD,N,RURAL,N,N,N,,DAYLIGHT,CLEAR,DRY,,FOUR-WAY INTERSECTION,STRAIGHT/LEVEL,ASPHALT,FOLLOWING TOO CLOSELY,REAR END,NSMITHPKST RD 46 W,NONE,2021-08-06 17:35:00,,,
1506,BLOOMINGTON PD,BLOOMINGTON,2,0.0,1.0,0,0,,,,S CURRY PK,ST RD 48,,,,39.21512700875581,-86.59267917908961,LOCAL/CITY RD,N,URBAN,N,N,N,,DAYLIGHT,CLEAR,DRY,,FOUR-WAY INTERSECTION,STRAIGHT/LEVEL,ASPHALT,FAILURE TO YIELD RIGHT OF WAY,RIGHT ANGLE,SOUTHCURRYPKWEST3RDST,TRAFFIC CONTROL SIGNAL,2021-08-06 18:07:00,,,
1507,BLOOMINGTON PD,BLOOMINGTON,2,0.0,0.0,0,0,,,,ST RD 46,S SMITH RD,,,,39.23980085390431,-86.38759326881153,LOCAL/CITY RD,Y,URBAN,N,N,N,,DAYLIGHT,CLEAR,DRY,,FOUR-WAY INTERSECTION,STRAIGHT/HILLCREST,ASPHALT,FOLLOWING TOO CLOSELY,REAR END,E 3RDSTSSMITHRD,TRAFFIC CONTROL SIGNAL,2021-08-06 18:17:00,,,
1508,INDIANA UNIV BLOOMINGTON PD,BLOOMINGTON,2,0.0,0.0,0,0,,,,N DUNN ST,ENTRANCE TO IU  9,,377.0,N,39.14355011390632,-86.58034900110987,LOCAL/CITY RD,Y,URBAN,N,N,N,,DAYLIGHT,CLEAR,DRY,,T-INTERSECTION,STRAIGHT/HILLCREST,ASPHALT,RAN OFF RD RIGHT,RAN OFF RD,DUNNSTEVARSITYLN,NONE,2021-08-05 06:58:00,,,
1509,BLOOMINGTON PD,BLOOMINGTON,2,0.0,0.0,0,0,,,,S ROGERS ST,,,500.0,S,39.21510020596321,-86.59271329194706,LOCAL/CITY RD,Y,URBAN,N,N,N,,DAYLIGHT,CLEAR,DRY,,NO JUNCTION INVOLVED,STRAIGHT/GRADE,ASPHALT,FOLLOWING TOO CLOSELY,REAR END,ROCKPORTRDROGERSST,LN CONTROL,2021-08-05 08:09:00,,,
1510,BLOOMINGTON PD,BLOOMINGTON,2,0.0,0.0,0,0,,,,N WALNUT ST,ST RD 45/46,,,,39.1697732067231,-86.52828896425548,LOCAL/CITY RD,N,URBAN,N,N,N,,DAYLIGHT,CLEAR,DRY,,FOUR-WAY INTERSECTION,STRAIGHT/LEVEL,ASPHALT,FAILURE TO YIELD RIGHT OF WAY,RIGHT ANGLE,NWALNUTSTWSTRD4546BYP,LN CONTROL,2021-08-05 12:26:00,,,
1511,MONROE SD,BLOOMINGTON,1,0.0,0.0,0,0,,,,S ISON RD,,,1200.0,S,39.280080373584255,-86.67980787426033,COUNTY RD,N,URBAN,N,N,N,,DAYLIGHT,CLEAR,DRY,,NO JUNCTION INVOLVED,STRAIGHT/GRADE,ASPHALT,RAN OFF RD RIGHT,RAN OFF RD,SOUTHISONRDWESTLEONARDSPRINGSRD,NONE,2021-08-05 12:52:00,,,
1512,BLOOMINGTON PD,BLOOMINGTON,2,0.0,0.0,0,0,,,,E 3RD ST,S OVERHILL DR,,,,39.21654931367761,-86.5964540981984,LOCAL/CITY RD,N,URBAN,N,N,N,,DAYLIGHT,CLEAR,DRY,,T-INTERSECTION,STRAIGHT/LEVEL,ASPHALT,FAILURE TO YIELD RIGHT OF WAY,RIGHT ANGLE,E 3RDSTSOVERHILLDR,LN CONTROL,2021-08-05 17:14:00,,,
1513,MONROE SD,BLOOMINGTON,2,1.0,0.0,0,0,,,,W ST RD 37,E WHISNAND RD,,,,39.05546189783499,-86.4089770102563,LOCAL/CITY RD,N,URBAN,N,N,N,,DAYLIGHT,CLEAR,DRY,,T-INTERSECTION,STRAIGHT/LEVEL,ASPHALT,OVERSIZE/OVERWEIGHT LOAD,OPPOSITE DIRECTION SIDESWIPE,OLDST RD 37RDWHISENANDRDRD,NONE,2021-08-05 18:05:00,,,
1514,MONROE SD,BLOOMINGTON,2,0.0,0.0,1,0,,,,ST RD 45,S DUNLAP RD,,,,39.073088,-86.461184,ST RD,N,URBAN,N,N,N,,DARK (NOT LIGHTED),CLEAR,DRY,,NO JUNCTION INVOLVED,CURVE/GRADE,ASPHALT,UNSAFE SPEED,REAR END,DUNLAPRDST RD 45,NONE,2021-08-05 23:21:00,,,
1515,BLOOMINGTON PD,BLOOMINGTON,2,0.0,0.0,0,0,,,,E SMITH AVE,S LINCOLN ST,,,,39.1695772132772,-86.55355475110566,LOCAL/CITY RD,N,URBAN,N,N,N,,DARK (NOT LIGHTED),CLOUDY,DRY,,FOUR-WAY INTERSECTION,STRAIGHT/LEVEL,ASPHALT,OTHER (DRIVER) - EXPLAIN IN NARRATIVE,REAR END,LINCOLNSTSMITHAVE,STOP SIGN,2021-08-04 01:00:00,,,