_id,Agency,City,Vehicles Involved,Trailers Involved,Number Injured,Number Dead,Number Deer,House Number,Roadway Interchange,Roadway Ramp,Roadway Id,Intersecting Road,Interchange,Feet From,Direction,Latitude,Longitude,Roadway Class,Hit and Run?,Locality,School Zone?,Rumble Strips?,Construction?,Construction Type,Light Condition,Weather Conditions,Surface Condition,Type of Median,Roadway Junction Type,Road Character,Roadway Surface,Primary Factor,Manner of Collision,Unique Location Id,Traffic Control,DateTime,Address Number,Cyclist Involved,Pedestrian Involved
1516,BLOOMINGTON PD,BLOOMINGTON,2,0.0,0.0,0,0,,,,ST RD 46,S MEADOWBROOK DR,,60.0,W,0.0,0.0,LOCAL/CITY RD,N,URBAN,N,N,N,,DAYLIGHT,CLEAR,DRY,,NO JUNCTION INVOLVED,STRAIGHT/LEVEL,ASPHALT,FOLLOWING TOO CLOSELY,REAR END,E 3RDSTSMEADOWBROOKDR,LN CONTROL,2021-08-04 07:29:00,,,
1517,BLOOMINGTON PD,BLOOMINGTON,2,0.0,0.0,0,0,,,,S COLLEGE AVE,W SMITH AVE,,,,39.17147910808794,-86.49540614823974,LOCAL/CITY RD,N,URBAN,N,N,N,,DAYLIGHT,CLEAR,DRY,,NO JUNCTION INVOLVED,STRAIGHT/LEVEL,ASPHALT,FOLLOWING TOO CLOSELY,REAR END,SCOLLEGEAVESMITHAVE,LN CONTROL,2021-08-04 12:11:00,,,
1518,BLOOMINGTON PD,BLOOMINGTON,2,0.0,1.0,0,0,,,,E 3RD ST,S GRANT ST,,,,39.13566302576163,-86.52945666248671,LOCAL/CITY RD,N,URBAN,N,N,N,,DAYLIGHT,CLEAR,DRY,,FOUR-WAY INTERSECTION,STRAIGHT/GRADE,ASPHALT,LEFT OF CENTER,HEAD ON BETWEEN TWO MOTOR VEHICLES,E 3RDSTSGRANTST,LN CONTROL,2021-08-04 13:19:00,,,
1519,BLOOMINGTON PD,BLOOMINGTON,2,0.0,0.0,0,0,,,,S WALNUT ST,E S DR,,,,39.23484,-86.6263,LOCAL/CITY RD,N,URBAN,N,N,N,,DAYLIGHT,CLEAR,DRY,,FOUR-WAY INTERSECTION,STRAIGHT/LEVEL,ASPHALT,FAILURE TO YIELD RIGHT OF WAY,SAME DIRECTION SIDESWIPE,EASTSOUTHDRSOUTHWALNUTST,TRAFFIC CONTROL SIGNAL,2021-08-04 15:04:00,,,
1520,MONROE SD,BLOOMINGTON,2,0.0,0.0,0,0,,,,W FULLERTON PK,S SIMS DR,,1000.0,E,39.13604,-86.53827,COUNTY RD,N,RURAL,N,N,N,,DAYLIGHT,CLEAR,DRY,,NO JUNCTION INVOLVED,CURVE/LEVEL,ASPHALT,FOLLOWING TOO CLOSELY,REAR END,FULLERTONPKLEONARDSPRINGSRD,NONE,2021-08-04 15:10:00,,,
1521,MONROE SD,BLOOMINGTON,2,0.0,1.0,0,0,,,,ST RD 48,N PROFILE PKWY,,,,39.209947203749714,-86.5827170157166,ST RD,Y,RURAL,N,N,N,,DAYLIGHT,CLEAR,DRY,,FOUR-WAY INTERSECTION,STRAIGHT/GRADE,ASPHALT,DISREGARD SIGNAL/REG SIGN,RIGHT ANGLE,PROFILEPKWYST RD 48W,TRAFFIC CONTROL SIGNAL,2021-08-04 18:15:00,,,
1522,BLOOMINGTON PD,BLOOMINGTON,2,0.0,1.0,0,0,,,,S WALNUT ST,E 2ND ST,,,,39.164591829638205,-86.5829900930026,LOCAL/CITY RD,N,URBAN,N,N,N,,DAYLIGHT,CLEAR,DRY,,FOUR-WAY INTERSECTION,STRAIGHT/LEVEL,ASPHALT,FOLLOWING TOO CLOSELY,REAR END,EAST2NDSTSOUTHWALNUTST,TRAFFIC CONTROL SIGNAL,2021-08-04 18:55:00,,,
1523,INDIANA UNIV BLOOMINGTON PD,BLOOMINGTON,2,0.0,1.0,0,0,,,,ST RD 46,ST RD 45,,,,39.164194080706764,-86.4812259662034,ST RD,N,URBAN,N,N,N,,DAYLIGHT,CLEAR,DRY,,FOUR-WAY INTERSECTION,STRAIGHT/LEVEL,ASPHALT,FAILURE TO YIELD RIGHT OF WAY,LEFT TURN,ST RD 45ST RD 46,NONE,2021-08-04 20:51:00,,,
1524,MONROE SD,BLOOMINGTON,1,0.0,1.0,0,0,,,,ST RD 37,S VICTOR PK,,200.0,W,39.19177432556035,-86.5286073395252,ST RD,N,RURAL,N,N,N,,DARK (LIGHTED),CLEAR,DRY,,NO JUNCTION INVOLVED,STRAIGHT/LEVEL,ASPHALT,RAN OFF RD RIGHT,RAN OFF RD,ST RD 37VICTORPK,LN CONTROL,2021-08-03 03:55:00,,,
1525,BLOOMINGTON PD,BLOOMINGTON,2,0.0,0.0,0,0,,,,S CURRY PK,ST RD 48,,,,39.14504263753826,-86.53873515206529,LOCAL/CITY RD,N,URBAN,N,N,N,,DARK (LIGHTED),CLEAR,DRY,,FOUR-WAY INTERSECTION,CURVE/GRADE,ASPHALT,IMPROPER LN USAGE,SAME DIRECTION SIDESWIPE,CURRYPK3RDST,LN CONTROL,2021-08-03 05:46:00,,,
1526,ISP BLOOMINGTON 33,BLOOMINGTON,2,,0.0,0,0,,,,S VICTOR PK,ST RD 37,,0.0,,39.18619710318795,-86.5345748606956,LOCAL/CITY RD,,RURAL,N,N,N,,DAYLIGHT,CLEAR,DRY,,FOUR-WAY INTERSECTION,,ASPHALT,IMPROPER PASSING,RIGHT TURN,VictorPikeStateRoad37,,2021-08-03 09:40:00,,,
1527,MONROE SD,BLOOMINGTON,1,0.0,0.0,0,0,,,,S WICKENS ST,W RANGEVIEW CIR,,,,39.122352,-86.6056,LOCAL/CITY RD,N,URBAN,N,N,N,,DAYLIGHT,CLEAR,DRY,,NO JUNCTION INVOLVED,STRAIGHT/GRADE,ASPHALT,RDWAY SURFACE CONDITION,COLLISION WITH OBJECT IN RD,SOUTHWICKENSSTWESTRANGEVIEWCIR,NONE,2021-08-03 11:40:00,,,
1528,BLOOMINGTON PD,BLOOMINGTON,2,0.0,0.0,0,0,,,,S HENDERSON ST,E WINSLOW RD,,,,39.16424827500921,-86.50165031239838,LOCAL/CITY RD,N,URBAN,N,N,N,,DAYLIGHT,CLEAR,DRY,,FOUR-WAY INTERSECTION,STRAIGHT/LEVEL,ASPHALT,FAILURE TO YIELD RIGHT OF WAY,RIGHT ANGLE,EWINSLOWRDSHENDERSONST,TRAFFIC CONTROL SIGNAL,2021-08-03 11:46:00,,,
1529,ELLETTSVILLE PD,ELLETTSVILLE,2,0.0,0.0,0,0,,,,ST RD 46,S SALE ST,,100.0,W,39.22471,-86.53947,ST RD,N,URBAN,N,N,N,,DAYLIGHT,CLEAR,DRY,,NO JUNCTION INVOLVED,STRAIGHT/LEVEL,ASPHALT,FOLLOWING TOO CLOSELY,REAR END,SALESTST RD 46 W,NONE,2021-08-03 14:35:00,,,
1530,ELLETTSVILLE PD,ELLETTSVILLE,1,0.0,0.0,0,0,546,,,APACHE DR,NAVAHO DR,,,,39.11949,-86.61879,LOCAL/CITY RD,N,URBAN,N,N,N,,DAYLIGHT,CLEAR,DRY,,NO JUNCTION INVOLVED,STRAIGHT/LEVEL,ASPHALT,RAN OFF RD RIGHT,RAN OFF RD,POTOWATMICT,NONE,2021-08-03 15:49:00,,,
1531,BLOOMINGTON PD,BLOOMINGTON,3,0.0,0.0,0,0,,,,ST RD 45,N PETE LLIS DR,,50.0,E,39.16277060692684,-86.53120092457847,LOCAL/CITY RD,N,URBAN,N,N,N,,DAYLIGHT,CLEAR,DRY,,FOUR-WAY INTERSECTION,STRAIGHT/LEVEL,ASPHALT,FOLLOWING TOO CLOSELY,REAR END,EAST10THSTNORTHPETEELLISDR,LN CONTROL,2021-08-03 18:10:00,,,
1532,MONROE SD,BLOOMINGTON,2,0.0,4.0,0,0,,,,E RHORER RD,,,500.0,E,39.16417482192032,-86.48450277223013,LOCAL/CITY RD,N,URBAN,N,N,N,,DAYLIGHT,CLEAR,DRY,,NO JUNCTION INVOLVED,STRAIGHT/GRADE,ASPHALT,DRIVER ASLEEP OR FATIGUED,HEAD ON BETWEEN TWO MOTOR VEHICLES,ERHORERRDSTWOCREEKSLN,NONE,2021-08-02 08:38:00,,,
1533,MONROE SD,BLOOMINGTON,3,0.0,1.0,0,0,,,,ST RD 48,S GARRISON CHAPEL RD,,200.0,W,39.16282779167753,-86.53503140806062,ST RD,N,RURAL,N,N,N,,DARK (NOT LIGHTED),CLEAR,DRY,,NO JUNCTION INVOLVED,CURVE/GRADE,ASPHALT,LEFT OF CENTER,HEAD ON BETWEEN TWO MOTOR VEHICLES,SGARRISONCHAPELRDST RD 48W,LN CONTROL,2021-08-02 23:03:00,,,
1534,ISP BLOOMINGTON 33,BLOOMINGTON,1,,0.0,0,0,,,,I-69 S,,,0.0,,39.164521511021995,-86.52986744397597,INTERSTATE,,RURAL,N,Y,N,,DAYLIGHT,CLEAR,DRY,,NO JUNCTION INVOLVED,,ASPHALT,OVERCORRECTING/OVERSTEERING,RAN OFF RD,I-69113,,2021-08-01 01:00:00,,,
1535,MONROE SD,BLOOMINGTON,1,0.0,0.0,0,0,,,,W ARLINGTON RD,W STOUTES CREEK RD,,753.0,E,39.14303,-86.5315,LOCAL/CITY RD,N,RURAL,N,N,N,,DAYLIGHT,CLOUDY,DRY,,NO JUNCTION INVOLVED,CURVE/GRADE,ASPHALT,DRIVER ASLEEP OR FATIGUED,RAN OFF RD,WESTARLINGTONRDWESTSTOUTESCREEKRD,NONE,2021-08-01 16:35:00,,,
1536,MONROE SD,BLOOMINGTON,2,0.0,0.0,0,0,3710,,,W MAYBURY MALL,W INDIAN CREEK DR,,300.0,W,39.1231,-86.57821,LOCAL/CITY RD,N,RURAL,N,N,N,,DAYLIGHT,CLEAR,DRY,,NO JUNCTION INVOLVED,STRAIGHT/LEVEL,ASPHALT,STEERING FAILURE,REAR END,3710WMAYBURYMALLRDSINDIANACREEKDR,NONE,2021-08-01 16:55:00,,,
1537,MONROE SD,BLOOMINGTON,1,0.0,0.0,0,0,,,,ST RD 46,,,400.0,W,39.16472559875439,-86.59259597772426,ST RD,Y,RURAL,N,N,N,,DAYLIGHT,CLEAR,DRY,,NO JUNCTION INVOLVED,STRAIGHT/GRADE,ASPHALT,DRIVER ILLNESS,RAN OFF RD,NBRUMMETTSCREEKRDST RD 46E,NONE,2021-08-01 19:00:00,,,
1538,MONROE SD,BLOOMINGTON,1,0.0,0.0,0,1,,,,ST RD 446,S OAK RIDGE DR,,,,39.16138,-86.53363,ST RD,N,RURAL,N,N,N,,DARK (NOT LIGHTED),CLEAR,DRY,,NO JUNCTION INVOLVED,STRAIGHT/LEVEL,ASPHALT,ANIMAL/OBJECT IN RDWAY,COLLISION WITH DEER,OAKRIDGEDRST RD 446S,NONE,2021-08-01 21:28:00,,,
1539,BLOOMINGTON PD,BLOOMINGTON,2,0.0,0.0,0,0,,,,W PATTERSON ST,S FAIRVIEW ST,,,,39.18627605519045,-86.53166643444312,LOCAL/CITY RD,N,URBAN,N,N,N,,DAWN/DUSK,CLOUDY,DRY,,FOUR-WAY INTERSECTION,STRAIGHT/GRADE,ASPHALT,FOLLOWING TOO CLOSELY,REAR END,SFAIRVIEWSTWPATTERSONST,TRAFFIC CONTROL SIGNAL,2021-07-31 06:54:00,,,
1540,MONROE SD,BLOOMINGTON,2,0.0,0.0,0,0,,,,S CURRY PK,W BELLE AVE,,,,39.105638398577064,-86.55128853188526,COUNTY RD,N,RURAL,N,N,N,,DAYLIGHT,RAIN,WET,,T-INTERSECTION,STRAIGHT/GRADE,ASPHALT,FAILURE TO YIELD RIGHT OF WAY,LEFT TURN,SOUTHCURRYPKWESTBELLEAVE,STOP SIGN,2021-07-31 13:14:00,,,
1541,BLOOMINGTON PD,BLOOMINGTON,2,0.0,3.0,0,0,,,,W COUNTRY CLUB DR,ENTRANCE TO FAIRWAY APARTMENTS,,100.0,W,39.16461841676829,-86.58296522758621,LOCAL/CITY RD,N,URBAN,N,N,N,,DAYLIGHT,RAIN,WET,,NO JUNCTION INVOLVED,STRAIGHT/GRADE,ASPHALT,SPEED TOO FAST FOR WEATHER CONDITIONS,RAN OFF RD,SBANTASTWCOUNTRYCLUBDR,NONE,2021-07-31 14:52:00,,,
1542,BLOOMINGTON PD,BLOOMINGTON,2,0.0,0.0,0,0,,,,N SMITH RD,ENTRANCE TO MEADOW PARK APARTMENTS (N),,200.0,N,39.10553,-86.55144,LOCAL/CITY RD,Y,URBAN,N,N,N,,DAYLIGHT,RAIN,WET,,NO JUNCTION INVOLVED,STRAIGHT/GRADE,ASPHALT,FOLLOWING TOO CLOSELY,REAR END,EGRANDVIEWDRNSMITHRD,NONE,2021-07-31 15:16:00,,,
1543,MONROE SD,BLOOMINGTON,2,0.0,1.0,0,0,,,,S ROCKPORT RD,,,1000.0,N,39.12511792296386,-86.54933727876413,COUNTY RD,N,RURAL,N,N,N,,DARK (NOT LIGHTED),CLEAR,DRY,,Y-INTERSECTION,STRAIGHT/GRADE,ASPHALT,IMPROPER LN USAGE,RAN OFF RD,SROCKPORTRDWPOPCORNRD,NONE,2021-07-31 21:28:00,,,
1544,BLOOMINGTON PD,BLOOMINGTON,3,0.0,2.0,0,0,,,,E 2ND ST,,,100.0,W,39.13600774189173,-86.52690347681948,LOCAL/CITY RD,N,URBAN,N,N,N,,DARK (NOT LIGHTED),CLOUDY,DRY,,NO JUNCTION INVOLVED,STRAIGHT/GRADE,ASPHALT,OTHER (DRIVER) - EXPLAIN IN NARRATIVE,SAME DIRECTION SIDESWIPE,GRANTSTSECONDST,LN CONTROL,2021-07-31 22:37:00,,,
1545,BLOOMINGTON PD,BLOOMINGTON,2,0.0,0.0,0,0,,,,E 10TH ST,N GRANT ST,,,,39.23373782149139,-86.62470534411771,LOCAL/CITY RD,N,URBAN,N,N,N,,DARK (LIGHTED),CLOUDY,WET,,FOUR-WAY INTERSECTION,STRAIGHT/GRADE,ASPHALT,FAILURE TO YIELD RIGHT OF WAY,RIGHT ANGLE,E 10THSTNGRANTST,STOP SIGN,2021-07-30 00:50:00,,,
1546,ISP BLOOMINGTON 33,BLOOMINGTON,1,,0.0,0,0,,,,I-69 N,W TAPP RD,,581.0,,39.22161691906227,-86.62913090096741,INTERSTATE,,URBAN,N,N,N,,DARK (LIGHTED),CLEAR,DRY,,NO JUNCTION INVOLVED,,ASPHALT,ANIMAL/OBJECT IN RDWAY,COLLISION WITH OBJECT IN RD,I-69,,2021-07-30 03:38:00,,,
1547,MONROE SD,BLOOMINGTON,2,0.0,0.0,0,0,,,,ST RD 46,ENTRANCE TO MCDONALD'S,,275.0,E,39.17149,-86.49537,ST RD,N,URBAN,N,N,N,,DAYLIGHT,CLEAR,DRY,,T-INTERSECTION,STRAIGHT/LEVEL,ASPHALT,IMPROPER TURNING,RIGHT TURN,NOUTBACKRDST RD 46 W,LN CONTROL,2021-07-30 09:50:00,,,
1548,BLOOMINGTON PD,BLOOMINGTON,2,0.0,1.0,0,0,,,,W 3RD ST,S CORY LN,,,,39.12140631789255,-86.51703410434108,LOCAL/CITY RD,N,URBAN,N,N,N,,DAYLIGHT,CLEAR,DRY,,FOUR-WAY INTERSECTION,STRAIGHT/GRADE,ASPHALT,FAILURE TO YIELD RIGHT OF WAY,LEFT TURN,SCORYLNW 3RDST,TRAFFIC CONTROL SIGNAL,2021-07-30 10:22:00,,,
1549,BLOOMINGTON PD,BLOOMINGTON,2,0.0,0.0,0,0,,,,N WALNUT ST,W 10TH ST,,,,39.16362378374279,-86.64991123342615,LOCAL/CITY RD,N,URBAN,N,N,N,,DAYLIGHT,CLOUDY,DRY,,FOUR-WAY INTERSECTION,STRAIGHT/GRADE,ASPHALT,DISREGARD SIGNAL/REG SIGN,RIGHT ANGLE,E 10THSTNWALNUTST,TRAFFIC CONTROL SIGNAL,2021-07-30 10:28:00,,,
1550,BLOOMINGTON PD,BLOOMINGTON,2,0.0,0.0,0,0,,,,E HILLSIDE DR,S DUNN ST,,,,39.09618888107204,-86.56492918566397,LOCAL/CITY RD,N,URBAN,N,N,N,,DAYLIGHT,CLEAR,DRY,,T-INTERSECTION,STRAIGHT/LEVEL,ASPHALT,FAILURE TO YIELD RIGHT OF WAY,RIGHT ANGLE,EHILLSIDEDRSDUNNST,STOP SIGN,2021-07-30 12:29:00,,,
1551,MONROE SD,BLOOMINGTON,2,0.0,0.0,0,0,,,,I-69 S,,,100.0,N,39.19789167231556,-86.55844804493923,INTERSTATE,N,URBAN,N,Y,N,,DAYLIGHT,CLEAR,DRY,,NO JUNCTION INVOLVED,CURVE/LEVEL,ASPHALT,DRIVER DISTRACTED - EXPLAIN IN NARRATIVE,REAR END,I-69S129,LN CONTROL,2021-07-30 14:18:00,,,
1552,ELLETTSVILLE PD,ELLETTSVILLE,3,0.0,0.0,0,0,,,,ST RD 46,N HARTSTRAIT RD,,,,39.13146495312643,-86.57835280211354,LOCAL/CITY RD,N,URBAN,N,N,N,,DAYLIGHT,CLEAR,DRY,,T-INTERSECTION,STRAIGHT/LEVEL,ASPHALT,FAILURE TO YIELD RIGHT OF WAY,LEFT TURN,HARSTRAITRDTEMPERANCEST,TRAFFIC CONTROL SIGNAL,2021-07-30 15:40:00,,,
1553,ISP BLOOMINGTON 33,BLOOMINGTON,1,,0.0,0,0,,,,S CURRY PK,ENTRANCE TO E & N MOBILE MANOR,,0.0,,39.15197007,-86.39088538,LOCAL/CITY RD,,URBAN,N,N,N,,DAYLIGHT,CLOUDY,DRY,,T-INTERSECTION,,ASPHALT,UNSAFE LN MOVEMENT,SAME DIRECTION SIDESWIPE,CurryPike900NCurryPike,,2021-07-30 15:40:00,,,
1554,BLOOMINGTON PD,BLOOMINGTON,2,0.0,1.0,0,0,,,,W 3RD ST (N),S PATTERSON DR,,,,39.131846884544764,-86.45161246582127,LOCAL/CITY RD,N,URBAN,N,N,N,,DAYLIGHT,CLEAR,DRY,,T-INTERSECTION,STRAIGHT/LEVEL,ASPHALT,FOLLOWING TOO CLOSELY,REAR END,SPATTERSONDRW 3RDST,TRAFFIC CONTROL SIGNAL,2021-07-30 15:50:00,,,
1555,ISP BLOOMINGTON 33,BLOOMINGTON,2,,0.0,0,0,,,,S CURRY PK,ENTRANCE TO E & N MOBILE MANOR,,0.0,,39.15381107921806,-86.54110556654216,LOCAL/CITY RD,,URBAN,N,N,N,,DAYLIGHT,CLEAR,DRY,,T-INTERSECTION,,ASPHALT,FAILURE TO YIELD RIGHT OF WAY,REAR END,Currypike900NCurryPIke,,2021-07-30 16:34:00,,,
1556,BLOOMINGTON PD,BLOOMINGTON,2,0.0,0.0,0,0,,,,ST RD 46,S MEADOWBROOK DR,,,,39.163252958502774,-86.58274883909229,LOCAL/CITY RD,N,URBAN,N,N,N,,DAYLIGHT,CLEAR,DRY,,FOUR-WAY INTERSECTION,STRAIGHT/LEVEL,ASPHALT,FOLLOWING TOO CLOSELY,REAR END,MEADOWBROOKLNW 3RDST,STOP SIGN,2021-07-30 16:36:00,,,
1557,BLOOMINGTON PD,BLOOMINGTON,2,0.0,0.0,0,0,,,,S GATES DR,ST RD 48,,,,39.13622344243312,-86.5456372708436,LOCAL/CITY RD,N,URBAN,N,N,N,,DAYLIGHT,CLEAR,DRY,,FOUR-WAY INTERSECTION,STRAIGHT/GRADE,ASPHALT,FOLLOWING TOO CLOSELY,REAR END,SGATESDRW 3RDST,TRAFFIC CONTROL SIGNAL,2021-07-30 17:07:00,,,
1558,BLOOMINGTON PD,BLOOMINGTON,2,0.0,0.0,0,0,,,,W 7TH ST,N MORTON ST,,100.0,W,39.17188859764816,-86.48169628922058,LOCAL/CITY RD,Y,URBAN,N,N,N,,DARK (LIGHTED),CLEAR,DRY,,NO JUNCTION INVOLVED,STRAIGHT/LEVEL,ASPHALT,UNSAFE LN MOVEMENT,OTHER - EXPLAIN IN NARRATIVE,NMORTONSTW7THST,NONE,2021-07-30 18:15:00,,,
1559,MONROE SD,BLOOMINGTON,2,0.0,0.0,0,0,,,,E RHORER RD,S NIMIT DR,,175.0,E,39.10810144,-86.5898901,LOCAL/CITY RD,N,RURAL,N,N,N,,DAYLIGHT,CLEAR,DRY,,NO JUNCTION INVOLVED,STRAIGHT/LEVEL,ASPHALT,FOLLOWING TOO CLOSELY,REAR END,ERHORERRDSNIMITDR,NONE,2021-07-30 18:41:00,,,
1560,MONROE SD,BLOOMINGTON,2,0.0,1.0,0,0,,,,ST RD 46,E KERR CREEK RD,,300.0,W,39.16132468413242,-86.5298847237843,ST RD,N,RURAL,N,Y,N,,DAYLIGHT,CLEAR,DRY,,T-INTERSECTION,STRAIGHT/LEVEL,ASPHALT,FOLLOWING TOO CLOSELY,REAR END,EKERRCREEKRDST RD 46E,NONE,2021-07-30 19:01:00,,,
1561,BLOOMINGTON PD,BLOOMINGTON,2,0.0,0.0,0,0,,,,S WALNUT ST,W GRIMES LN,,,,39.17165404954543,-86.52978030346424,LOCAL/CITY RD,N,URBAN,N,N,N,,DAYLIGHT,CLOUDY,DRY,,FOUR-WAY INTERSECTION,STRAIGHT/LEVEL,ASPHALT,FOLLOWING TOO CLOSELY,REAR END,SWALNUTSTWGRIMESLN,TRAFFIC CONTROL SIGNAL,2021-07-29 11:45:00,,,
1562,ELLETTSVILLE PD,ELLETTSVILLE,2,0.0,0.0,0,0,,,,ST RD 46,ENTRANCE TO CHANDLER FUNERAL HOME,,200.0,W,39.13682,-86.57293,ST RD,N,URBAN,N,N,N,,DAYLIGHT,CLOUDY,DRY,,NO JUNCTION INVOLVED,STRAIGHT/LEVEL,ASPHALT,IMPROPER TURNING,LEFT TURN,SOUTH1STSTST RD 46 W,LN CONTROL,2021-07-29 12:15:00,,,
1563,BLOOMINGTON PD,BLOOMINGTON,2,0.0,0.0,0,0,,,,E 2ND ST,S GRANT ST,,,,39.21395146343223,-86.59200055520648,LOCAL/CITY RD,N,URBAN,N,N,N,,DAYLIGHT,CLEAR,DRY,,FOUR-WAY INTERSECTION,STRAIGHT/LEVEL,ASPHALT,FAILURE TO YIELD RIGHT OF WAY,RIGHT ANGLE,E 2NDSTSGRANTST,STOP SIGN,2021-07-29 13:13:00,,,
1564,BLOOMINGTON PD,BLOOMINGTON,2,0.0,0.0,0,0,,,,S PATTERSON DR,W ISAACS DR,,,,39.16445003818496,-86.56016327532998,LOCAL/CITY RD,N,URBAN,Y,N,N,,DAYLIGHT,CLOUDY,DRY,,FOUR-WAY INTERSECTION,CURVE/LEVEL,ASPHALT,FAILURE TO YIELD RIGHT OF WAY,SAME DIRECTION SIDESWIPE,SPATTERSONDRW 3RDST,STOP SIGN,2021-07-29 13:51:00,,,
1565,BLOOMINGTON PD,BLOOMINGTON,2,0.0,0.0,0,0,,,,W 3RD ST,S CORY LN,,100.0,E,39.17165475029187,-86.53360186555311,LOCAL/CITY RD,N,URBAN,N,N,N,,DAYLIGHT,CLEAR,DRY,,NO JUNCTION INVOLVED,STRAIGHT/GRADE,ASPHALT,FOLLOWING TOO CLOSELY,REAR END,SCORYLNW 3RDST,NONE,2021-07-29 16:34:00,,,
1566,MONROE SD,BLOOMINGTON,1,0.0,0.0,0,0,1800,,,E TOWER RIDGE RD,,,,,39.15050463616732,-86.52820131769528,COUNTY RD,Y,RURAL,N,N,N,,DARK (NOT LIGHTED),CLOUDY,DRY,,T-INTERSECTION,STRAIGHT/LEVEL,GRAVEL,RAN OFF RD RIGHT,RAN OFF RD,ETOWERRIDGERD,NONE,2021-07-29 23:12:00,,,
1567,MONROE SD,BLOOMINGTON,2,0.0,0.0,0,0,,,,I-69 S,,,100.0,S,-1.7247272533329515e-05,-2.1141003530727217e-06,INTERSTATE,N,RURAL,N,Y,N,,DARK (NOT LIGHTED),RAIN,WET,,NO JUNCTION INVOLVED,STRAIGHT/GRADE,ASPHALT,RDWAY SURFACE CONDITION,RAN OFF RD,I-69S124.0,LN CONTROL,2021-07-29 23:38:00,,,
1568,BLOOMINGTON PD,BLOOMINGTON,3,0.0,2.0,0,0,,,,S CURRY PK,W ROLL AVE,,,,39.227644998237786,-86.6159372946993,LOCAL/CITY RD,N,URBAN,N,N,N,,DAYLIGHT,CLEAR,DRY,,T-INTERSECTION,STRAIGHT/LEVEL,ASPHALT,FOLLOWING TOO CLOSELY,REAR END,SCURRYPKWROLLAVE,LN CONTROL,2021-07-28 07:52:00,,,
1569,ISP BLOOMINGTON 33,BLOOMINGTON,2,,1.0,0,0,,,,ST RD 46,N CURRY PK,,0.0,,39.15328933982583,-86.58262639969827,ST RD,,RURAL,N,N,N,,DAYLIGHT,CLEAR,DRY,,FOUR-WAY INTERSECTION,,ASPHALT,UNSAFE SPEED,REAR END,WCurryPikeStateRd46,,2021-07-28 08:54:00,,,
1570,INDIANA UNIV BLOOMINGTON PD,BLOOMINGTON,2,0.0,1.0,0,0,1033,,,SERVICE RD TO SWEENEY HALL (N),,,,,39.2276062831498,-86.61596833103717,UNKNOWN,N,URBAN,N,N,N,,DAYLIGHT,CLEAR,DRY,,NO JUNCTION INVOLVED,STRAIGHT/GRADE,ASPHALT,UNSAFE SPEED,REAR END,EAST3RDST,NONE,2021-07-28 13:39:00,,,
1571,BLOOMINGTON PD,BLOOMINGTON,2,0.0,0.0,0,0,,,,N COLLEGE AVE,W 9TH ST,,,,39.15325373190151,-86.5825968254373,LOCAL/CITY RD,N,URBAN,N,N,N,,DAYLIGHT,CLEAR,DRY,,NO JUNCTION INVOLVED,STRAIGHT/LEVEL,ASPHALT,IMPROPER LN USAGE,SAME DIRECTION SIDESWIPE,NCOLLEGEAVEW9THST,NONE,2021-07-28 15:29:00,,,
1572,MONROE SD,BLOOMINGTON,2,0.0,0.0,0,0,4141,,,W MIDDLE CT,,,,,39.16435351979114,-86.55197402962405,LOCAL/CITY RD,N,URBAN,N,N,N,,DARK (LIGHTED),CLEAR,DRY,,NO JUNCTION INVOLVED,STRAIGHT/LEVEL,ASPHALT,CELL PHONE USAGE,SAME DIRECTION SIDESWIPE,WMIDDLECT,NONE,2021-07-28 21:59:00,,,
1573,ELLETTSVILLE PD,ELLETTSVILLE,2,,0.0,0,0,,,,ST RD 46,N LAKEVIEW DR,,0.0,,39.15328746175376,-86.58262571577488,ST RD,,URBAN,N,N,N,,DARK (LIGHTED),CLEAR,DRY,,T-INTERSECTION,,ASPHALT,FAILURE TO YIELD RIGHT OF WAY,RIGHT ANGLE,StateRd46NLakeviewDr,,2021-07-27 05:48:00,,,
1574,MONROE SD,BLOOMINGTON,1,0.0,0.0,0,1,,,,ST RD 48,S STONECHASE CROSSING RD,,300.0,E,39.16422,-86.48447,ST RD,N,RURAL,N,N,N,,DARK (NOT LIGHTED),CLEAR,DRY,,NO JUNCTION INVOLVED,STRAIGHT/LEVEL,ASPHALT,ANIMAL/OBJECT IN RDWAY,COLLISION WITH DEER,SSTONECHASECROSSINGRDST RD 48W,LN CONTROL,2021-07-27 05:57:00,,,
1575,BLOOMINGTON PD,BLOOMINGTON,2,0.0,0.0,0,0,,,,E WINSLOW RD,S WALNUT ST,,80.0,E,39.164549764869435,-86.57623636665903,LOCAL/CITY RD,N,URBAN,N,N,N,,DAYLIGHT,CLEAR,DRY,,NO JUNCTION INVOLVED,STRAIGHT/LEVEL,ASPHALT,OTHER (DRIVER) - EXPLAIN IN NARRATIVE,REAR END,EWINSLOWRDSWALNUTST,LN CONTROL,2021-07-27 07:23:00,,,