_id,Agency,City,Vehicles Involved,Trailers Involved,Number Injured,Number Dead,Number Deer,House Number,Roadway Interchange,Roadway Ramp,Roadway Id,Intersecting Road,Interchange,Feet From,Direction,Latitude,Longitude,Roadway Class,Hit and Run?,Locality,School Zone?,Rumble Strips?,Construction?,Construction Type,Light Condition,Weather Conditions,Surface Condition,Type of Median,Roadway Junction Type,Road Character,Roadway Surface,Primary Factor,Manner of Collision,Unique Location Id,Traffic Control,DateTime,Address Number,Cyclist Involved,Pedestrian Involved
1635,BLOOMINGTON PD,BLOOMINGTON,1,0.0,0.0,0,0,,,,ST RD 45,N GRANDVIEW DR,,150.0,W,39.15051,-86.53367,LOCAL/CITY RD,N,URBAN,N,N,N,,DAYLIGHT,CLEAR,DRY,,NO JUNCTION INVOLVED,STRAIGHT/HILLCREST,ASPHALT,RAN OFF RD RIGHT,RAN OFF RD,E 10THSTGRANDVIEWDR,LN CONTROL,2021-07-20 16:26:00,,,
1636,BLOOMINGTON PD,BLOOMINGTON,2,0.0,0.0,0,0,,,,W 2ND ST,S ROGERS ST,,,,39.166535785779075,-86.53362220196787,LOCAL/CITY RD,N,URBAN,N,N,N,,DAYLIGHT,CLEAR,DRY,,FOUR-WAY INTERSECTION,STRAIGHT/LEVEL,ASPHALT,DISREGARD SIGNAL/REG SIGN,RIGHT ANGLE,SOUTHROGERSSTWEST2NDST,TRAFFIC CONTROL SIGNAL,2021-07-20 16:33:00,,,
1637,BLOOMINGTON PD,BLOOMINGTON,2,0.0,1.0,0,0,,,,S MULLER PKWY,ENTRANCE TO LONGVIEW MOBILE PARK (E),,250.0,S,39.12542895,-86.52670546,LOCAL/CITY RD,N,URBAN,N,N,N,,DAYLIGHT,CLEAR,DRY,,NO JUNCTION INVOLVED,STRAIGHT/LEVEL,ASPHALT,FAILURE TO YIELD RIGHT OF WAY,LEFT TURN,SMULLERPKWYW 3RDST,NONE,2021-07-20 16:55:00,,,
1638,MONROE SD,BLOOMINGTON,2,0.0,0.0,0,0,,,,W TAPP RD,I-69 S,,,,39.16851814621342,-86.51241631792081,COUNTY RD,Y,RURAL,N,N,N,,DAYLIGHT,CLEAR,DRY,,TRAFFIC CIRCLE/ROUNDABOUT,STRAIGHT/LEVEL,ASPHALT,UNSAFE SPEED,SAME DIRECTION SIDESWIPE,I-69SWTAPPRD,YIELD SIGN,2021-07-20 17:22:00,,,
1639,BLOOMINGTON PD,BLOOMINGTON,2,0.0,0.0,0,0,,,,S STULL AVE,,,300.0,N,39.15678261102809,-86.5897138936248,LOCAL/CITY RD,N,URBAN,N,N,N,,DARK (LIGHTED),CLEAR,DRY,,NO JUNCTION INVOLVED,STRAIGHT/GRADE,ASPHALT,UNSAFE BACKING,BACKING CRASH,GRIMESLNSTULLAVE,NONE,2021-07-19 05:50:00,,,
1640,BLOOMINGTON PD,BLOOMINGTON,2,0.0,0.0,0,0,,,,S GRIMES LN,S MORTON ST,,,,39.071093532848394,-86.50706453855828,LOCAL/CITY RD,N,URBAN,N,N,N,,DAYLIGHT,CLEAR,DRY,,T-INTERSECTION,STRAIGHT/LEVEL,ASPHALT,FOLLOWING TOO CLOSELY,REAR END,SGRIMESLNSMORTONST,LN CONTROL,2021-07-19 13:58:00,,,
1641,MONROE SD,BLOOMINGTON,2,0.0,1.0,0,0,,,,ST RD 37,,,500.0,N,39.148771853965336,-86.49909456665196,ST RD,Y,RURAL,N,N,N,,DAYLIGHT,CLEAR,DRY,,NO JUNCTION INVOLVED,CURVE/GRADE,ASPHALT,UNSAFE LN MOVEMENT,REAR END,SMITHVILLERDN ST RD 37,NONE,2021-07-19 16:38:00,,,
1642,BLOOMINGTON PD,BLOOMINGTON,4,0.0,0.0,0,0,,,,N WALNUT ST,W 7TH ST,,,,39.16078260933852,-86.55997375497178,LOCAL/CITY RD,N,URBAN,N,N,N,,DAYLIGHT,CLEAR,DRY,,FOUR-WAY INTERSECTION,STRAIGHT/GRADE,ASPHALT,IMPROPER TURNING,RIGHT ANGLE,7THSTWALNUTST,TRAFFIC CONTROL SIGNAL,2021-07-19 17:30:00,,,
1643,INDIANA UNIV BLOOMINGTON PD,BLOOMINGTON,2,0.0,2.0,0,0,,,,ST RD 45/46,N FEE LN,,,,39.15053848783109,-86.51696846559769,ST RD,N,URBAN,N,N,N,,DAWN/DUSK,CLEAR,DRY,,FOUR-WAY INTERSECTION,CURVE/LEVEL,ASPHALT,FAILURE TO YIELD RIGHT OF WAY,RIGHT ANGLE,MATLOCKRDST RD 46,TRAFFIC CONTROL SIGNAL,2021-07-19 20:59:00,,,
1644,BLOOMINGTON PD,BLOOMINGTON,2,0.0,0.0,0,0,1469,,,W ALLEN ST (W/I WHITTINGTON COMMONS),,,,,-2.3766201223806077e-05,-4.963126770596405e-05,LOCAL/CITY RD,Y,URBAN,N,N,N,,DARK (LIGHTED),CLEAR,DRY,,NO JUNCTION INVOLVED,STRAIGHT/GRADE,ASPHALT,UNSAFE LN MOVEMENT,SAME DIRECTION SIDESWIPE,WALLENST,NONE,2021-07-18 00:00:00,,,
1645,BLOOMINGTON PD,BLOOMINGTON,2,0.0,0.0,0,0,,,,E 6TH ST,N WALNUT ST,,50.0,W,39.1796632977161,-86.50730835293334,LOCAL/CITY RD,Y,URBAN,N,N,N,,DARK (LIGHTED),CLEAR,DRY,,NO JUNCTION INVOLVED,STRAIGHT/GRADE,ASPHALT,UNSAFE BACKING,BACKING CRASH,E6THSTNWALNUTST,NONE,2021-07-18 13:45:00,,,
1646,MONROE SD,BLOOMINGTON,2,0.0,0.0,0,0,6140,,,W DUVALL RD,,,1000.0,N,39.28907771245927,-86.51845462587508,LOCAL/CITY RD,N,RURAL,N,N,N,,DAYLIGHT,CLEAR,DRY,,NO JUNCTION INVOLVED,STRAIGHT/GRADE,ASPHALT,FAILURE TO YIELD RIGHT OF WAY,RIGHT ANGLE,DUVALLRDKOONTZRD,NONE,2021-07-18 17:29:00,,,
1647,BLOOMINGTON PD,BLOOMINGTON,2,0.0,0.0,0,0,204,,,S WESTPLEX AVE,,,,,39.165573086562695,-86.53364003379409,UNKNOWN,Y,URBAN,N,N,N,,DAYLIGHT,CLEAR,DRY,,NO JUNCTION INVOLVED,STRAIGHT/GRADE,ASPHALT,OTHER (DRIVER) - EXPLAIN IN NARRATIVE,HEAD ON BETWEEN TWO MOTOR VEHICLES,SWESTPLEXAVE,NONE,2021-07-18 19:00:00,,,
1648,ELLETTSVILLE PD,ELLETTSVILLE,2,0.0,0.0,0,0,,,,ST RD 46,S PARK ST,,,,39.165253738361976,-86.51092123675193,LOCAL/CITY RD,N,URBAN,N,N,N,,DAYLIGHT,CLEAR,DRY,,T-INTERSECTION,STRAIGHT/LEVEL,ASPHALT,OTHER (DRIVER) - EXPLAIN IN NARRATIVE,SAME DIRECTION SIDESWIPE,PARKSTTEMPERANCEST,NONE,2021-07-18 19:49:00,,,
1649,BLOOMINGTON PD,BLOOMINGTON,2,0.0,0.0,0,0,,,,N WALNUT ST,ST RD 45/46,,,,39.16449999278742,-86.57328443411284,LOCAL/CITY RD,N,URBAN,N,N,N,,DARK (LIGHTED),RAIN,WET,,FOUR-WAY INTERSECTION,STRAIGHT/LEVEL,ASPHALT,FOLLOWING TOO CLOSELY,REAR END,EST RD 4546RDNWALNUTST,TRAFFIC CONTROL SIGNAL,2021-07-17 00:35:00,,,
1650,ELLETTSVILLE PD,BLOOMINGTON,1,,0.0,0,1,,,,W RATLIFF RD,N STARNES RD,,0.0,,39.06850797,-86.67337201,LOCAL/CITY RD,,RURAL,N,N,N,,DARK (NOT LIGHTED),RAIN,WET,,NO JUNCTION INVOLVED,,ASPHALT,ANIMAL/OBJECT IN RDWAY,COLLISION WITH DEER,WRatliffRdNStarnesRd,,2021-07-17 01:30:00,,,
1651,ELLETTSVILLE PD,ELLETTSVILLE,2,0.0,0.0,0,0,,,,ST RD 46,N OUTBACK RD,,,,39.18304712388582,-86.54405160942379,ST RD,N,URBAN,N,N,N,,DAYLIGHT,CLEAR,DRY,,NO JUNCTION INVOLVED,STRAIGHT/LEVEL,ASPHALT,FAILURE TO YIELD RIGHT OF WAY,RIGHT ANGLE,ST RD 46 WUNIONVALLEYDR,TRAFFIC CONTROL SIGNAL,2021-07-17 12:00:00,,,
1652,BLOOMINGTON PD,BLOOMINGTON,1,0.0,0.0,0,0,,,,N ADAMS ST,INDIANA RAILRD BRIDGE,,33.0,S,39.16415461902668,-86.49087525650405,LOCAL/CITY RD,N,URBAN,N,N,N,,DAYLIGHT,CLEAR,DRY,,NO JUNCTION INVOLVED,STRAIGHT/LEVEL,ASPHALT,OVERSIZE/OVERWEIGHT LOAD,OTHER - EXPLAIN IN NARRATIVE,FOUNTAINDRNADAMSST,OTHER,2021-07-17 19:13:00,,,
1653,INDIANA UNIV BLOOMINGTON PD,BLOOMINGTON,2,0.0,0.0,0,0,,,,N WOODLAWN AVE,E 9TH ST,,,,39.17185287637399,-86.48743142434746,LOCAL/CITY RD,N,URBAN,N,N,N,,DARK (LIGHTED),CLEAR,DRY,,NO JUNCTION INVOLVED,STRAIGHT/LEVEL,ASPHALT,OTHER (VEHICLE) - EXPLAIN IN NARRATIVE,REAR END,NINTHSTWOODLAWNAVE,NONE,2021-07-17 21:50:00,,,
1654,MONROE SD,BLOOMINGTON,1,0.0,0.0,0,0,,,,I-69 S,,,200.0,S,39.161378918370914,-86.53870464166428,ST RD,N,URBAN,N,N,N,,DARK (NOT LIGHTED),RAIN,WATER (STANDING OR MOVING),,NO JUNCTION INVOLVED,CURVE/LEVEL,ASPHALT,SPEED TOO FAST FOR WEATHER CONDITIONS,RAN OFF RD,SR69S125.5,LN CONTROL,2021-07-16 02:30:00,,,
1655,MONROE SD,BLOOMINGTON,2,2.0,0.0,0,0,,,,S VICTOR PK,,,2800.0,S,39.16238953266216,-86.56696663697785,LOCAL/CITY RD,N,RURAL,N,N,N,,DAYLIGHT,RAIN,WET,,NO JUNCTION INVOLVED,CURVE/GRADE,ASPHALT,LEFT OF CENTER,OPPOSITE DIRECTION SIDESWIPE,SVICTORPKWDILLMANRD,NONE,2021-07-16 09:10:00,,,
1656,BLOOMINGTON PD,BLOOMINGTON,1,0.0,1.0,0,0,,,,E SOUTHERN DR,S HENDERSON ST,,50.0,W,39.136819785476966,-86.57323613123796,LOCAL/CITY RD,N,URBAN,N,N,N,,DAYLIGHT,CLEAR,WET,,FOUR-WAY INTERSECTION,STRAIGHT/LEVEL,CONCRETE,PEDESTRIAN ACTION,COLLISION WITH OBJECT IN RD,HENDERSONSTSOUTHERNDR,NONE,2021-07-16 13:27:00,,,True
1657,BLOOMINGTON PD,BLOOMINGTON,2,0.0,2.0,0,0,,,,E MOORES PK,S HIGH ST,,50.0,E,39.15332907080269,-86.5247372372702,LOCAL/CITY RD,N,URBAN,N,N,N,,DAYLIGHT,CLEAR,DRY,,FOUR-WAY INTERSECTION,STRAIGHT/GRADE,ASPHALT,FOLLOWING TOO CLOSELY,REAR END,EASTMOORESPKSOUTHHIGHST,TRAFFIC CONTROL SIGNAL,2021-07-16 13:47:00,,,
1658,INDIANA UNIV BLOOMINGTON PD,BLOOMINGTON,2,0.0,0.0,0,0,,,,S CLIFTON AVE,E 3RD ST,,,,39.153353344790006,-86.53640938600654,LOCAL/CITY RD,N,URBAN,N,N,N,,DAYLIGHT,CLOUDY,WET,,T-INTERSECTION,STRAIGHT/LEVEL,ASPHALT,FAILURE TO YIELD RIGHT OF WAY,REAR END,CLIFTONAVE 3RDST,STOP SIGN,2021-07-16 15:10:00,,,
1659,INDIANA UNIV BLOOMINGTON PD,BLOOMINGTON,2,0.0,0.0,0,0,,,,ST RD 45/46,N FEE LN,,,,39.16420077731488,-86.48069164820025,ST RD,N,URBAN,N,N,N,,DAYLIGHT,CLOUDY,DRY,,FOUR-WAY INTERSECTION,STRAIGHT/LEVEL,ASPHALT,FOLLOWING TOO CLOSELY,REAR END,FEELNST RD 46E,TRAFFIC CONTROL SIGNAL,2021-07-16 15:40:00,,,
1660,BLOOMINGTON PD,BLOOMINGTON,2,0.0,0.0,0,0,,,,S WALNUT ST,E 3RD ST,,100.0,S,39.16851753577078,-86.53359697615217,LOCAL/CITY RD,N,URBAN,N,N,N,,DAYLIGHT,RAIN,WET,,FOUR-WAY INTERSECTION,STRAIGHT/LEVEL,ASPHALT,FOLLOWING TOO CLOSELY,REAR END,EAST3RDSTSOUTHWALNUTST,TRAFFIC CONTROL SIGNAL,2021-07-16 16:26:00,,,
1661,INDIANA UNIV BLOOMINGTON PD,BLOOMINGTON,2,0.0,1.0,0,0,,,,ST RD 45/46,E 10TH ST,,,,39.18592813346823,-86.51968672977006,ST RD,N,URBAN,N,N,N,,DAYLIGHT,RAIN,WET,,FOUR-WAY INTERSECTION,STRAIGHT/LEVEL,ASPHALT,FOLLOWING TOO CLOSELY,REAR END,ST RD 46UNIONVILLERD,TRAFFIC CONTROL SIGNAL,2021-07-16 16:45:00,,,
1662,MONROE SD,BLOOMINGTON,1,0.0,0.0,0,0,,,,I-69 S,,,4600.0,S,39.15454644911533,-86.55004008613608,INTERSTATE,N,RURAL,N,Y,N,,DAYLIGHT,RAIN,WET,,NO JUNCTION INVOLVED,STRAIGHT/LEVEL,CONCRETE,SPEED TOO FAST FOR WEATHER CONDITIONS,RAN OFF RD,ESAMPLERDI-69S,NONE,2021-07-16 17:54:00,,,
1663,BLOOMINGTON PD,BLOOMINGTON,2,0.0,0.0,0,0,,,,ST RD 46,E 3RD ST,,,,39.167533665982546,-86.53364964778775,ST RD,N,URBAN,N,N,N,,DARK (LIGHTED),RAIN,WET,,FOUR-WAY INTERSECTION,STRAIGHT/GRADE,ASPHALT,FOLLOWING TOO CLOSELY,REAR END,3RDSTST RD 46E,TRAFFIC CONTROL SIGNAL,2021-07-16 21:15:00,,,
1664,BLOOMINGTON PD,BLOOMINGTON,2,0.0,0.0,0,0,,,,S WALNUT ST,E HILLSIDE DR,,,,39.08197006696064,-86.6198173046909,LOCAL/CITY RD,N,URBAN,N,Y,N,,DARK (NOT LIGHTED),RAIN,WET,,FOUR-WAY INTERSECTION,STRAIGHT/GRADE,ASPHALT,IMPROPER TURNING,RIGHT ANGLE,HILLSIDEDRSWALNUTST,TRAFFIC CONTROL SIGNAL,2021-07-16 22:15:00,,,
1665,MONROE SD,BLOOMINGTON,1,0.0,0.0,0,0,,,,I-69 S,,,0.0,S,39.180528807507734,-86.54397468043558,INTERSTATE,N,RURAL,N,N,N,,DARK (NOT LIGHTED),CLEAR,DRY,,NO JUNCTION INVOLVED,STRAIGHT/LEVEL,ASPHALT,ANIMAL/OBJECT IN RDWAY,COLLISION WITH OBJECT IN RD,I-69S113.0,LN CONTROL,2021-07-15 00:20:00,,,
1666,MONROE SD,BLOOMINGTON,2,0.0,0.0,0,0,,,,N LOESCH RD,W VERNAL PK,,,,39.22929736879012,-86.61849529857072,LOCAL/CITY RD,N,RURAL,N,N,N,,DAWN/DUSK,CLEAR,DRY,,FOUR-WAY INTERSECTION,STRAIGHT/LEVEL,ASPHALT,IMPROPER TURNING,HEAD ON BETWEEN TWO MOTOR VEHICLES,NLOESCHRDWVERNALPK,STOP SIGN,2021-07-15 06:19:00,,,
1667,BLOOMINGTON PD,BLOOMINGTON,1,0.0,0.0,0,0,,,,W 2ND ST,ENTRANCE TO KROGER (E),,50.0,W,39.18624,-86.53453,LOCAL/CITY RD,N,URBAN,N,N,N,,DAYLIGHT,CLEAR,DRY,,NO JUNCTION INVOLVED,STRAIGHT/LEVEL,ASPHALT,OTHER (DRIVER) - EXPLAIN IN NARRATIVE,OTHER - EXPLAIN IN NARRATIVE,COLLEGEAVEW 2NDST,NONE,2021-07-15 06:43:00,,,
1668,BLOOMINGTON PD,BLOOMINGTON,2,0.0,0.0,0,0,,,,W BLOOMFIELD RD,S STONE DR,,,,39.21684790878671,-86.65874004867717,LOCAL/CITY RD,N,URBAN,N,N,N,,DAYLIGHT,CLEAR,DRY,,T-INTERSECTION,STRAIGHT/GRADE,ASPHALT,FOLLOWING TOO CLOSELY,REAR END,BLOOMFIELDRDSTONEDR,LN CONTROL,2021-07-15 07:55:00,,,
1669,BLOOMINGTON PD,BLOOMINGTON,2,0.0,0.0,0,0,,,,S WALNUT ST,E 2ND ST,,,,39.215025836722056,-86.59282725852361,LOCAL/CITY RD,N,URBAN,N,N,N,,DAYLIGHT,CLEAR,DRY,,FOUR-WAY INTERSECTION,STRAIGHT/LEVEL,ASPHALT,FOLLOWING TOO CLOSELY,REAR END,ESECONDSTSWALNUTST,TRAFFIC CONTROL SIGNAL,2021-07-15 10:14:00,,,
1670,ISP BLOOMINGTON 33,BLOOMINGTON,3,,0.0,0,0,,,,ST RD 45/46,N KINSER PK,,0.0,,39.16864276908705,-86.54970371735735,ST RD,,URBAN,N,N,N,,DAYLIGHT,CLEAR,DRY,,FOUR-WAY INTERSECTION,,ASPHALT,FAILURE TO YIELD RIGHT OF WAY,LEFT TURN,StateRd46NKinserPike,,2021-07-15 10:40:00,,,
1671,BLOOMINGTON PD,BLOOMINGTON,2,0.0,0.0,0,0,,,,E 4TH ST,S GRANT ST,,,,39.170418995486536,-86.52352452494077,LOCAL/CITY RD,Y,URBAN,N,N,N,,DAYLIGHT,CLEAR,DRY,,FOUR-WAY INTERSECTION,STRAIGHT/LEVEL,ASPHALT,IMPROPER TURNING,LEFT TURN,E4THSTSGRANTST,STOP SIGN,2021-07-15 12:30:00,,,
1672,BLOOMINGTON PD,BLOOMINGTON,2,0.0,0.0,0,0,,,,N MADISON ST,W 14TH ST,,,,-1.9856638409576367e-05,-9.07809898024232e-06,LOCAL/CITY RD,N,URBAN,N,N,N,,DAYLIGHT,CLEAR,DRY,,T-INTERSECTION,CURVE/GRADE,ASPHALT,UNSAFE BACKING,BACKING CRASH,NORTHMADISONSTWEST14THST,LN CONTROL,2021-07-15 14:14:00,,,
1673,BLOOMINGTON PD,BLOOMINGTON,2,0.0,0.0,0,0,,,,ST RD 48,S GATES DR,,,,39.093052801235885,-86.55935161620843,LOCAL/CITY RD,N,URBAN,N,N,N,,DAYLIGHT,CLEAR,DRY,,FOUR-WAY INTERSECTION,STRAIGHT/LEVEL,ASPHALT,FOLLOWING TOO CLOSELY,REAR END,SGATESDRW 3RDST,LN CONTROL,2021-07-15 16:02:00,,,
1674,BLOOMINGTON PD,BLOOMINGTON,2,0.0,0.0,0,0,,,,W ALEXANDER DR,ENTRANCE TO LOWE'S,,150.0,W,39.14971,-86.52692,LOCAL/CITY RD,N,URBAN,N,N,N,,DAYLIGHT,CLEAR,DRY,,NO JUNCTION INVOLVED,STRAIGHT/LEVEL,ASPHALT,FAILURE TO YIELD RIGHT OF WAY,RIGHT ANGLE,ALEXANDERDRNORTHJACOBDR,STOP SIGN,2021-07-15 16:10:00,,,
1675,BLOOMINGTON PD,BLOOMINGTON,3,0.0,1.0,0,0,,,,E MOORES PK,S CLARIZZ BLVD,,,,39.15046248336568,-86.50844386186284,LOCAL/CITY RD,N,URBAN,N,N,N,,DAYLIGHT,CLEAR,DRY,,T-INTERSECTION,STRAIGHT/LEVEL,ASPHALT,FAILURE TO YIELD RIGHT OF WAY,RIGHT ANGLE,EMOORESPKSCLARIZZBLVD,STOP SIGN,2021-07-15 16:27:00,,,
1676,BLOOMINGTON PD,BLOOMINGTON,2,0.0,1.0,0,0,,,,S WALNUT ST PK,ENTRANCE TO COLLEGE SQUARE APARTMENTS,,300.0,N,39.16428,-86.50968,LOCAL/CITY RD,Y,URBAN,N,N,N,,DAYLIGHT,CLEAR,DRY,,NO JUNCTION INVOLVED,STRAIGHT/LEVEL,ASPHALT,FOLLOWING TOO CLOSELY,REAR END,EBURKSDRSWALNUTSTPK,NONE,2021-07-15 17:06:00,,,
1677,MONROE SD,BLOOMINGTON,2,1.0,0.0,0,0,,,,ST RD 37,W DILLMAN RD,,300.0,S,39.18593723731539,-86.51970417658261,ST RD,N,RURAL,N,N,Y,LN CLOSURE,DAYLIGHT,CLEAR,DRY,,NO JUNCTION INVOLVED,CURVE/LEVEL,ASPHALT,UNSAFE LN MOVEMENT,SAME DIRECTION SIDESWIPE,N ST RD 37WDILLMANRD,LN CONTROL,2021-07-15 17:15:00,,,
1678,INDIANA UNIV BLOOMINGTON PD,BLOOMINGTON,2,0.0,0.0,0,0,,,,ST RD 45/46,ST RD 45,,,,39.16454230448156,-86.53366562341223,ST RD,N,URBAN,N,N,N,,DAYLIGHT,CLEAR,DRY,,FOUR-WAY INTERSECTION,STRAIGHT/LEVEL,ASPHALT,FOLLOWING TOO CLOSELY,REAR END,ST RD 45ST RD 46,TRAFFIC CONTROL SIGNAL,2021-07-15 17:30:00,,,
1679,ISP BLOOMINGTON 33,UNIONVILLE(MONROE),2,,1.0,0,0,,,,ST RD 45,N MT GILEAD RD (NE),,0.0,,39.17162,-86.50215,ST RD,,RURAL,N,N,N,,DAYLIGHT,CLOUDY,DRY,,T-INTERSECTION,,ASPHALT,FAILURE TO YIELD RIGHT OF WAY,LEFT TURN,StateRd45NMountGileadRd,,2021-07-15 17:35:00,,,
1680,BLOOMINGTON PD,BLOOMINGTON,2,0.0,1.0,0,0,,,,S LANDMARK AVE,ENTRANCE TO WILLIAMS BROS HEALTH CARE PHARMACY,,100.0,N,0.0,0.0,LOCAL/CITY RD,N,URBAN,N,N,N,,DAYLIGHT,CLEAR,DRY,,NO JUNCTION INVOLVED,STRAIGHT/GRADE,ASPHALT,FAILURE TO YIELD RIGHT OF WAY,LEFT TURN,SLANDMARKAVEWBLOOMFIELDRD,NONE,2021-07-14 14:08:00,,,
1681,MONROE SD,ELLETTSVILLE,1,0.0,1.0,0,0,,,,W MCNEELY ST,N ABIGAIL LN,,,,39.164317028596436,-86.47208434137798,COUNTY RD,N,RURAL,N,N,N,,DAYLIGHT,CLEAR,DRY,,NO JUNCTION INVOLVED,STRAIGHT/LEVEL,ASPHALT,RAN OFF RD RIGHT,RAN OFF RD,MCNEELYSTNABIGAILLN,NONE,2021-07-14 16:02:00,,,
1682,MONROE SD,BLOOMINGTON,1,0.0,1.0,0,1,,,,E LDRIDGE RD,,,600.0,E,39.1504700868193,-86.53368283851067,COUNTY RD,N,RURAL,N,N,N,,DAYLIGHT,CLEAR,WET,,T-INTERSECTION,STRAIGHT/LEVEL,GRAVEL,ANIMAL/OBJECT IN RDWAY,COLLISION WITH DEER,EELDRIDGERDSMCGOWANRD,NONE,2021-07-14 19:56:00,,,
1683,BLOOMINGTON PD,BLOOMINGTON,1,0.0,0.0,0,1,,,,ST RD 46,ST RD 446,,,,-2.7905986026187286e-05,-2.66427859101482e-05,ST RD,N,RURAL,N,N,N,,DARK (NOT LIGHTED),CLEAR,DRY,,T-INTERSECTION,CURVE/LEVEL,ASPHALT,ANIMAL/OBJECT IN RDWAY,COLLISION WITH DEER,ST RD 446SST RD 46E,TRAFFIC CONTROL SIGNAL,2021-07-13 04:45:00,,,
1684,MONROE SD,BLOOMINGTON,1,0.0,0.0,0,1,,,,ST RD 446,,,2000.0,S,39.179188861259696,-86.59109854419755,ST RD,N,RURAL,N,N,N,,DAWN/DUSK,CLEAR,DRY,,NO JUNCTION INVOLVED,STRAIGHT/LEVEL,ASPHALT,ANIMAL/OBJECT IN RDWAY,COLLISION WITH DEER,ERUSHRIDGERDST RD 446S,LN CONTROL,2021-07-13 06:09:00,,,
1685,BLOOMINGTON PD,BLOOMINGTON,2,0.0,0.0,0,0,,,,W 9TH ST,ENTRANCE TO TEACHERS WAREHOUSE,,50.0,E,39.16141,-86.53739,LOCAL/CITY RD,N,URBAN,N,N,N,,DAYLIGHT,CLOUDY,DRY,,FOUR-WAY INTERSECTION,STRAIGHT/GRADE,ASPHALT,IMPROPER PASSING,SAME DIRECTION SIDESWIPE,NFAIRVIEWSTW9THST,NONE,2021-07-13 09:27:00,,,
1686,MONROE SD,BLOOMINGTON,2,0.0,0.0,0,0,,,,S HARMONY RD,W MAY RD,,200.0,S,39.15086,-86.56791,COUNTY RD,N,RURAL,N,N,N,,DAYLIGHT,CLOUDY,WET,,T-INTERSECTION,STRAIGHT/GRADE,ASPHALT,IMPROPER PASSING,SAME DIRECTION SIDESWIPE,SOUTHHARMONYRDWESTMAYRD,NONE,2021-07-13 12:20:00,,,
1687,INDIANA UNIV BLOOMINGTON PD,BLOOMINGTON,2,0.0,0.0,0,0,,,,E 3RD ST,S EAGLESON AVE,,,,39.16137899147148,-86.53367179491003,LOCAL/CITY RD,N,URBAN,N,N,N,,DAYLIGHT,CLEAR,DRY,,FOUR-WAY INTERSECTION,STRAIGHT/LEVEL,ASPHALT,IMPROPER TURNING,LEFT TURN,3RDSTEAGLESON AVEAVE,TRAFFIC CONTROL SIGNAL,2021-07-13 13:20:00,,,
1688,BLOOMINGTON PD,BLOOMINGTON,2,0.0,0.0,0,0,,,,ST RD 48,S GATES DR,,,,39.18639855464338,-86.53771500843622,LOCAL/CITY RD,N,URBAN,N,N,N,,DAYLIGHT,CLOUDY,DRY,,FOUR-WAY INTERSECTION,STRAIGHT/LEVEL,ASPHALT,UNSAFE LN MOVEMENT,SAME DIRECTION SIDESWIPE,SGATESDRW 3RDST,LN CONTROL,2021-07-13 14:13:00,,,
1689,BLOOMINGTON PD,BLOOMINGTON,2,0.0,0.0,0,0,,,,N COLLEGE AVE,W 10TH ST,,,,39.165542839610474,-86.52981899080793,LOCAL/CITY RD,N,URBAN,N,N,N,,DAYLIGHT,CLOUDY,WET,,FOUR-WAY INTERSECTION,STRAIGHT/GRADE,ASPHALT,IMPROPER TURNING,LEFT TURN,NORTHCOLLEGEAVEWEST10THST,TRAFFIC CONTROL SIGNAL,2021-07-13 14:57:00,,,
1690,BLOOMINGTON PD,BLOOMINGTON,2,0.0,0.0,0,0,,,,ST RD 45,ENTRANCE TO SAM'S CLUB,,,,39.175934380367416,-86.53774069402006,LOCAL/CITY RD,N,URBAN,N,N,N,,DAYLIGHT,CLEAR,WET,,FOUR-WAY INTERSECTION,STRAIGHT/LEVEL,ASPHALT,FAILURE TO YIELD RIGHT OF WAY,RIGHT ANGLE,I-69OPASWESTBLOOMFIEILDRD,TRAFFIC CONTROL SIGNAL,2021-07-13 16:24:00,,,
1691,MONROE SD,BLOOMINGTON,1,0.0,0.0,0,0,,,,ST RD 37,E MONROE DAM RD,,50.0,N,39.16453007574002,-86.57620358615468,ST RD,N,RURAL,N,Y,Y,WORK ON SHOULDER,DARK (NOT LIGHTED),CLEAR,DRY,,INTERCHANGE,STRAIGHT/LEVEL,ASPHALT,IMPROPER LN USAGE,OTHER - EXPLAIN IN NARRATIVE,EMONROEDAMRDS ST RD 37,NONE,2021-07-13 21:20:00,,,
1692,BLOOMINGTON PD,BLOOMINGTON,2,0.0,0.0,0,0,1332,,,W ARCH HAVEN AVE,S DOLIMAH AVE,,,,39.16872426293932,-86.57499952066067,LOCAL/CITY RD,N,URBAN,N,N,N,,DAYLIGHT,CLEAR,DRY,,NO JUNCTION INVOLVED,STRAIGHT/LEVEL,ASPHALT,UNSAFE BACKING,REAR TO REAR,WARCHHAVENAVE,NONE,2021-07-12 09:56:00,,,
1693,BLOOMINGTON PD,BLOOMINGTON,2,0.0,0.0,0,0,,,,N KINSER PK,ST RD 45/46,,,,39.15029708230626,-86.49135445516917,LOCAL/CITY RD,N,URBAN,N,N,N,,DAYLIGHT,CLEAR,DRY,,FOUR-WAY INTERSECTION,STRAIGHT/GRADE,ASPHALT,FOLLOWING TOO CLOSELY,REAR END,NORTHKINSERPKWESTSTATERD4546BYP,TRAFFIC CONTROL SIGNAL,2021-07-12 12:48:00,,,