_id,Agency,City,Vehicles Involved,Trailers Involved,Number Injured,Number Dead,Number Deer,House Number,Roadway Interchange,Roadway Ramp,Roadway Id,Intersecting Road,Interchange,Feet From,Direction,Latitude,Longitude,Roadway Class,Hit and Run?,Locality,School Zone?,Rumble Strips?,Construction?,Construction Type,Light Condition,Weather Conditions,Surface Condition,Type of Median,Roadway Junction Type,Road Character,Roadway Surface,Primary Factor,Manner of Collision,Unique Location Id,Traffic Control,DateTime,Address Number,Cyclist Involved,Pedestrian Involved
1933,ELLETTSVILLE PD,ELLETTSVILLE,2,0.0,3.0,0,0,,,,ST RD 46,W FLATWOODS RD,,200.0,E,39.21343819,-86.619624,ST RD,N,URBAN,N,N,N,,DAYLIGHT,CLEAR,DRY,,NO JUNCTION INVOLVED,CURVE/HILLCREST,ASPHALT,LEFT OF CENTER,HEAD ON BETWEEN TWO MOTOR VEHICLES,FLATWOODSRDST RD 46 W,LN CONTROL,2021-06-07 14:52:00,,,
1934,BLOOMINGTON PD,BLOOMINGTON,2,1.0,0.0,0,0,,,,ST RD 45/46,N WALNUT ST,,,,39.20994045678368,-86.58272491344067,LOCAL/CITY RD,N,URBAN,N,N,N,,DAYLIGHT,CLEAR,DRY,,FOUR-WAY INTERSECTION,STRAIGHT/LEVEL,ASPHALT,DISREGARD SIGNAL/REG SIGN,LEFT TURN,COLLEGEAVEST RD 4546RD,TRAFFIC CONTROL SIGNAL,2021-06-07 17:40:00,,,
1935,ISP BLOOMINGTON 33,BLOOMINGTON,1,,0.0,0,0,,,,S VICTOR PK,W DILLMAN RD,,0.0,,39.136541372790575,-86.55443995885116,COUNTY RD,,RURAL,N,N,N,,DAWN/DUSK,CLEAR,DRY,,NO JUNCTION INVOLVED,,ASPHALT,OVERCORRECTING/OVERSTEERING,RAN OFF RD,VictorPikesouthofDillmanRoad,,2021-06-06 06:30:00,,,
1936,ISP BLOOMINGTON 33,BLOOMINGTON,2,,0.0,0,0,,Y,120,I-69 S,ST RD 46,Y,0.0,,39.159488557520326,-86.58688250874637,INTERSTATE,,RURAL,N,Y,N,,DAYLIGHT,RAIN,WET,,RAMP,,ASPHALT,UNSAFE LN MOVEMENT,SAME DIRECTION SIDESWIPE,ST RD 46I-69,,2021-06-06 16:10:00,,,
1937,INDIANA UNIV BLOOMINGTON PD,BLOOMINGTON,1,1.0,0.0,0,0,,,,E 7TH ST,N WOODLAWN AVE,,175.0,E,39.20924829829729,-86.55401621677672,LOCAL/CITY RD,N,URBAN,N,N,N,,DAYLIGHT,CLOUDY,DRY,,NO JUNCTION INVOLVED,STRAIGHT/LEVEL,ASPHALT,OBSTRUCTION NOT MARKED,OTHER - EXPLAIN IN NARRATIVE,7THSTWOODLAWNAVE,NONE,2021-06-06 16:15:00,,,
1938,BLOOMINGTON PD,BLOOMINGTON,2,0.0,0.0,0,0,,,,S SMITH RD,E MOORES PK,,,,39.09850086782518,-86.51427046905731,LOCAL/CITY RD,N,URBAN,N,N,N,,DAYLIGHT,RAIN,WET,,NO JUNCTION INVOLVED,STRAIGHT/LEVEL,ASPHALT,FAILURE TO YIELD RIGHT OF WAY,RIGHT ANGLE,EMOORESPKSSMITHRD,STOP SIGN,2021-06-06 16:50:00,,,
1939,MONROE SD,BLOOMINGTON,2,0.0,0.0,0,0,,,,W WOODYARD,,,2100.0,N,39.20039945545527,-86.51439811395856,LOCAL/CITY RD,N,RURAL,N,N,N,,DAYLIGHT,CLOUDY,WET,,NO JUNCTION INVOLVED,STRAIGHT/GRADE,ASPHALT,UNSAFE SPEED,REAR END,WGRIFFITHCTWWOODYARDRD,NONE,2021-06-06 18:30:00,,,
1940,BLOOMINGTON PD,BLOOMINGTON,2,0.0,0.0,0,0,,,,N LINCOLN ST,E 7TH ST,,,,39.15500667496295,-86.57527855504102,LOCAL/CITY RD,Y,,N,N,N,,DARK (LIGHTED),CLEAR,DRY,,FOUR-WAY INTERSECTION,STRAIGHT/LEVEL,ASPHALT,OTHER (DRIVER) - EXPLAIN IN NARRATIVE,REAR END,7THSTNLINCOLNST,NONE,2021-06-05 03:00:00,,,
1941,ELLETTSVILLE PD,ELLETTSVILLE,1,0.0,0.0,0,0,,,,ST RD 46,W DEPOT ST,,,,39.12144416425793,-86.52666183836516,ST RD,N,URBAN,N,N,N,,DAYLIGHT,CLEAR,DRY,,T-INTERSECTION,STRAIGHT/LEVEL,ASPHALT,RAN OFF RD RIGHT,RAN OFF RD,DEPOTRDST RD 46 W,LN CONTROL,2021-06-05 07:21:00,,,
1942,ELLETTSVILLE PD,ELLETTSVILLE,2,0.0,0.0,0,0,3585,,,ST RD 46,ENTRANCE TO SPEEDWAY GAS STATION,,,,39.171473059407795,-86.49538871361919,ST RD,Y,URBAN,N,N,N,,DAYLIGHT,CLEAR,DRY,,T-INTERSECTION,STRAIGHT/HILLCREST,ASPHALT,FAILURE TO YIELD RIGHT OF WAY,OPPOSITE DIRECTION SIDESWIPE,ST RD 46 W,STOP SIGN,2021-06-05 10:53:00,,,
1943,MONROE SD,BLOOMINGTON,2,0.0,0.0,0,0,,,,N SMITH PK,W WOODYARD,,,,39.17145466579212,-86.49539338126512,COUNTY RD,N,RURAL,N,N,N,,DAYLIGHT,CLEAR,DRY,,T-INTERSECTION,STRAIGHT/LEVEL,ASPHALT,FOLLOWING TOO CLOSELY,REAR END,NSMITHPKWWOODYARDRD,STOP SIGN,2021-06-05 15:19:00,,,
1944,MONROE SD,BLOOMINGTON,2,0.0,0.0,0,0,,,,ST RD 45,W AIRPORT RD,,,,39.14750661869812,-86.57296609324752,ST RD,N,RURAL,N,N,N,,DAYLIGHT,CLEAR,DRY,,T-INTERSECTION,STRAIGHT/GRADE,ASPHALT,BRAKE FAILURE OR DEFECTIVE,REAR END,AIRPORTRDST RD 45 W,FLASHING OVERHEAD BEACON,2021-06-05 15:30:00,,,
1945,BLOOMINGTON PD,BLOOMINGTON,2,0.0,0.0,0,0,,,,ST RD 46,KINGSTON DR S,,40.0,W,39.162406276483715,-86.54094866214,LOCAL/CITY RD,Y,URBAN,N,N,N,,DAYLIGHT,CLEAR,DRY,,NO JUNCTION INVOLVED,STRAIGHT/GRADE,ASPHALT,FOLLOWING TOO CLOSELY,REAR END,E 3RDSTSKINGSTONDR,NONE,2021-06-05 18:51:00,,,
1946,BLOOMINGTON PD,BLOOMINGTON,2,0.0,2.0,0,0,,,,ST RD 45,N WOODBRIDGE DR,,,,39.16952,-86.53863,LOCAL/CITY RD,N,URBAN,N,N,N,,DAYLIGHT,CLEAR,DRY,,NO JUNCTION INVOLVED,STRAIGHT/GRADE,ASPHALT,FAILURE TO YIELD RIGHT OF WAY,LEFT TURN,3200E 10THSTE 10THST,NONE,2021-06-05 19:42:00,,,
1947,MONROE SD,BLOOMINGTON,2,0.0,1.0,0,0,,,,E ARL YOUNG RD,,,500.0,S,39.16417038237928,-86.490866910522,LOCAL/CITY RD,N,RURAL,N,N,N,,DAWN/DUSK,CLEAR,WET,,NO JUNCTION INVOLVED,STRAIGHT/GRADE,ASPHALT,LEFT OF CENTER,HEAD ON BETWEEN TWO MOTOR VEHICLES,EEARLYOUNGRDEWELLSTONDR,NONE,2021-06-04 07:35:00,,,
1948,BLOOMINGTON PD,BLOOMINGTON,3,0.0,1.0,0,0,,,,ST RD 45,W INDUSTRIAL BLVD,,,,39.13681767507918,-86.5826301548936,ST RD,N,URBAN,N,N,N,,DAYLIGHT,CLEAR,DRY,,FOUR-WAY INTERSECTION,STRAIGHT/GRADE,ASPHALT,FOLLOWING TOO CLOSELY,REAR END,INDUSTRIALDRST RD 45 W,LN CONTROL,2021-06-04 07:38:00,,,
1949,MONROE SD,ELLETTSVILLE,1,0.0,0.0,0,0,,,,W MEADOWVALE DR,N UNION VALLEY RD,,,,39.10688173192493,-86.52382229126752,LOCAL/CITY RD,N,URBAN,N,N,N,,DAYLIGHT,CLEAR,DRY,,T-INTERSECTION,STRAIGHT/GRADE,ASPHALT,OTHER (ENVIRONMENTAL) - EXPLAIN IN NARR,COLLISION WITH OBJECT IN RD,NUNIONVALLEYRDWMEADOWVALEDR,STOP SIGN,2021-06-04 09:16:00,,,
1950,BLOOMINGTON PD,BLOOMINGTON,2,0.0,1.0,0,0,,,,N MAPLE ST,W 15TH ST,,,,39.16283288364725,-86.53872846734122,LOCAL/CITY RD,N,URBAN,N,N,N,,UNKNOWN,CLEAR,DRY,,FOUR-WAY INTERSECTION,STRAIGHT/LEVEL,ASPHALT,FAILURE TO YIELD RIGHT OF WAY,RIGHT ANGLE,NMAPLESTW15THST,STOP SIGN,2021-06-04 09:56:00,,,
1951,BLOOMINGTON PD,BLOOMINGTON,2,0.0,0.0,0,0,,,,N WALNUT ST,W ST RD 37,,,,39.15502,-86.57526,LOCAL/CITY RD,N,URBAN,N,N,N,,DAYLIGHT,CLEAR,DRY,,T-INTERSECTION,STRAIGHT/LEVEL,ASPHALT,IMPROPER TURNING,SAME DIRECTION SIDESWIPE,NCOLLEGEAVENWALNUTAVE,LN CONTROL,2021-06-04 12:20:00,,,
1952,BLOOMINGTON PD,BLOOMINGTON,2,0.0,0.0,0,0,,,,E WINSLOW RD,S WALNUT ST PK,,,,39.16422878197334,-86.5152925322439,LOCAL/CITY RD,N,URBAN,N,N,N,,DAYLIGHT,CLEAR,DRY,,FOUR-WAY INTERSECTION,STRAIGHT/LEVEL,ASPHALT,FAILURE TO YIELD RIGHT OF WAY,RIGHT ANGLE,EWINSLOWRDSWALNUTSTPK,STOP SIGN,2021-06-04 12:35:00,,,
1953,INDIANA UNIV BLOOMINGTON PD,BLOOMINGTON,2,0.0,0.0,0,0,,,,ST RD 45/46,E 10TH ST,,,,39.15497708500666,-86.57527164721215,ST RD,N,URBAN,N,N,N,,DAYLIGHT,CLEAR,DRY,,NO JUNCTION INVOLVED,STRAIGHT/GRADE,ASPHALT,FOLLOWING TOO CLOSELY,REAR END,ST RD 46UNIONVILLERD,TRAFFIC CONTROL SIGNAL,2021-06-04 13:57:00,,,
1954,MONROE SD,BLOOMINGTON,3,0.0,2.0,0,0,,,,ST RD 46,E WOODVIEW DR,,,,39.16420029842631,-86.51527687482624,ST RD,Y,RURAL,N,N,N,,DAYLIGHT,CLEAR,DRY,,T-INTERSECTION,STRAIGHT/LEVEL,ASPHALT,IMPROPER LN USAGE,HEAD ON BETWEEN TWO MOTOR VEHICLES,EWOODVIEWDRST RD 46E,NONE,2021-06-04 15:15:00,,,
1955,BLOOMINGTON PD,BLOOMINGTON,2,0.0,0.0,0,0,,,,ST RD 45/46,N WALNUT ST,,,,39.19364399805549,-86.57140329759368,ST RD,N,URBAN,N,N,N,,DAYLIGHT,CLEAR,DRY,,FOUR-WAY INTERSECTION,STRAIGHT/LEVEL,ASPHALT,FOLLOWING TOO CLOSELY,REAR END,NWALNUTSTST RD 46E,TRAFFIC CONTROL SIGNAL,2021-06-04 17:29:00,,,
1956,BLOOMINGTON PD,BLOOMINGTON,2,0.0,1.0,0,0,,,,S LIBERTY DR,W CONSTITUTION AVE,,,,39.17146187156971,-86.49538918729287,LOCAL/CITY RD,N,URBAN,N,N,N,,DAYLIGHT,CLEAR,DRY,,T-INTERSECTION,STRAIGHT/GRADE,ASPHALT,FOLLOWING TOO CLOSELY,REAR END,SOUTHLIBERTYDRWESTCONSTITUTIONAVE,LN CONTROL,2021-06-04 17:34:00,,,
1957,BLOOMINGTON PD,BLOOMINGTON,2,0.0,2.0,0,0,,,,N KINSER PK,W PARRISH RD,,,,39.281878814179215,-86.70366530490818,LOCAL/CITY RD,N,URBAN,N,N,N,,DAYLIGHT,CLEAR,DRY,,T-INTERSECTION,STRAIGHT/LEVEL,ASPHALT,FAILURE TO YIELD RIGHT OF WAY,LEFT TURN,NKINSERPKWPARRISHRD,NONE,2021-06-04 18:39:00,,,
1958,BLOOMINGTON PD,BLOOMINGTON,1,0.0,1.0,0,0,,,,E ARDEN DR,E WINDSOR DR,,,,39.18624,-86.53453,LOCAL/CITY RD,Y,URBAN,N,N,N,,DAYLIGHT,CLEAR,DRY,,T-INTERSECTION,CURVE/GRADE,CONCRETE,FAILURE TO YIELD RIGHT OF WAY,OTHER - EXPLAIN IN NARRATIVE,EASTARDENDREASTWINDSORDR,NONE,2021-06-04 18:40:00,,,True
1959,BLOOMINGTON PD,BLOOMINGTON,2,0.0,0.0,0,0,,Y,,I-69 N,W BLOOMFIELD RD,,500.0,N,39.09298667683061,-86.55930463371851,INTERSTATE,N,URBAN,N,N,N,,DAYLIGHT,CLEAR,DRY,,NO JUNCTION INVOLVED,STRAIGHT/GRADE,ASPHALT,UNSAFE LN MOVEMENT,SAME DIRECTION SIDESWIPE,I-69 NWBLOOMFIELDRD,NONE,2021-06-04 19:38:00,,,
1960,MONROE SD,BLOOMINGTON,1,0.0,0.0,0,0,,,,ST RD 45,I-69 S,,,,39.18702622249847,-86.55531746043185,LOCAL/CITY RD,N,URBAN,N,N,N,,DARK (LIGHTED),CLOUDY,WET,,NO JUNCTION INVOLVED,STRAIGHT/GRADE,ASPHALT,LEFT OF CENTER,COLLISION WITH OBJECT IN RD,I-69HWYW 2NDST,TRAFFIC CONTROL SIGNAL,2021-06-03 01:37:00,,,
1961,BLOOMINGTON PD,BLOOMINGTON,2,0.0,2.0,0,0,,,,S WALNUT ST,E HILLSIDE DR,,,,39.16844264182072,-86.523518732937,LOCAL/CITY RD,N,URBAN,N,N,N,,DAYLIGHT,RAIN,WET,,FOUR-WAY INTERSECTION,STRAIGHT/LEVEL,ASPHALT,DISREGARD SIGNAL/REG SIGN,LEFT TURN,EHILLSIDEDRSWALNUTST,TRAFFIC CONTROL SIGNAL,2021-06-03 11:26:00,,,
1962,INDIANA UNIV BLOOMINGTON PD,BLOOMINGTON,2,0.0,1.0,0,0,,,,ST RD 45/46,E 10TH ST,,400.0,N,39.15020258257345,-86.48050132895992,ST RD,N,URBAN,N,N,N,,DAYLIGHT,RAIN,WET,,NO JUNCTION INVOLVED,STRAIGHT/LEVEL,ASPHALT,OTHER (DRIVER) - EXPLAIN IN NARRATIVE,REAR END,10THSTST RD 46E,NONE,2021-06-03 11:38:00,,,
1963,MONROE SD,BLOOMINGTON,2,0.0,0.0,0,0,,,,ST RD 45,,,500.0,W,39.40367449434246,-86.56811030953152,ST RD,N,RURAL,N,N,N,,DAYLIGHT,RAIN,WET,,NO JUNCTION INVOLVED,STRAIGHT/LEVEL,ASPHALT,FOLLOWING TOO CLOSELY,REAR END,NPRARIEGREENCTST RD 45E,LN CONTROL,2021-06-03 12:27:00,,,
1964,MONROE SD,BLOOMINGTON,2,0.0,0.0,0,0,,,,ST RD 45,S LIBERTY DR,,,,39.16851430588749,-86.53106209240042,LOCAL/CITY RD,N,RURAL,N,N,N,,DAYLIGHT,CLOUDY,WET,,FOUR-WAY INTERSECTION,STRAIGHT/LEVEL,ASPHALT,FOLLOWING TOO CLOSELY,REAR END,SLIBERTYDRW 2NDST,TRAFFIC CONTROL SIGNAL,2021-06-03 16:14:00,,,
1965,BLOOMINGTON PD,BLOOMINGTON,2,0.0,2.0,0,0,,,,ST RD 45/46,N WALUNT ST,,150.0,E,39.23126,-86.61862,ST RD,N,URBAN,N,N,N,,DAYLIGHT,RAIN,WET,,NO JUNCTION INVOLVED,STRAIGHT/GRADE,ASPHALT,UNSAFE SPEED,REAR END,NWALUNTSTST RD 46 W,NONE,2021-06-03 17:00:00,,,
1966,BLOOMINGTON PD,BLOOMINGTON,2,0.0,2.0,0,0,,,,N WALNUT ST,,,1400.0,S,39.20894982275442,-86.582390353287,LOCAL/CITY RD,N,URBAN,N,N,N,,DAYLIGHT,CLOUDY,WET,,NO JUNCTION INVOLVED,STRAIGHT/LEVEL,ASPHALT,LEFT OF CENTER,HEAD ON BETWEEN TWO MOTOR VEHICLES,NOLDSTATERD37RDNWALNUTST,LN CONTROL,2021-06-03 17:48:00,,,
1967,BLOOMINGTON PD,BLOOMINGTON,1,0.0,0.0,0,0,,,,ST RD 48,I-69,,,,39.19062878084058,-86.58317731725602,LOCAL/CITY RD,N,URBAN,N,N,N,,DARK (LIGHTED),RAIN,WET,,FOUR-WAY INTERSECTION,STRAIGHT/LEVEL,ASPHALT,RDWAY SURFACE CONDITION,OTHER - EXPLAIN IN NARRATIVE,INTERSTATE69AVEW 3RDST,TRAFFIC CONTROL SIGNAL,2021-06-02 00:49:00,,,
1968,BLOOMINGTON PD,BLOOMINGTON,1,0.0,1.0,0,0,,,,S CURRY PK,ST RD 48,,,,39.13636040007786,-86.59440357783154,LOCAL/CITY RD,N,URBAN,N,N,N,,DARK (LIGHTED),RAIN,WET,,NO JUNCTION INVOLVED,STRAIGHT/LEVEL,ASPHALT,PEDESTRIAN ACTION,COLLISION WITH OBJECT IN RD,SCURRYPKW 3RDST,TRAFFIC CONTROL SIGNAL,2021-06-02 03:50:00,,,True
1969,MONROE SD,BLOOMINGTON,3,0.0,0.0,0,0,,,,ST RD 45,W DINSMORE RD (NE),,300.0,E,39.1642,-86.49304,ST RD,N,RURAL,N,N,N,,DAYLIGHT,RAIN,WET,,NO JUNCTION INVOLVED,CURVE/GRADE,ASPHALT,FOLLOWING TOO CLOSELY,OTHER - EXPLAIN IN NARRATIVE,DINSMORERDST RD 45 W,NONE,2021-06-02 08:18:00,,,
1970,MONROE SD,BLOOMINGTON,2,0.0,0.0,0,0,,,,ST RD 45,,,500.0,W,39.17153296370092,-86.49089726531668,ST RD,N,RURAL,N,N,N,,DAYLIGHT,RAIN,WET,,NO JUNCTION INVOLVED,CURVE/LEVEL,ASPHALT,FOLLOWING TOO CLOSELY,REAR END,DARRELLDRST RD 45 W,NONE,2021-06-02 08:21:00,,,
1971,BLOOMINGTON PD,BLOOMINGTON,2,0.0,0.0,0,0,,,,W BLOOMFIELD RD,S WEIMER RD,,500.0,W,39.22549537126314,-86.45462806642003,LOCAL/CITY RD,N,URBAN,N,N,N,,DAYLIGHT,RAIN,WET,,NO JUNCTION INVOLVED,CURVE/GRADE,ASPHALT,FAILURE TO YIELD RIGHT OF WAY,LEFT TURN,BLOOMFIELDRDWEIMERRD,LN CONTROL,2021-06-02 10:30:00,,,
1972,MONROE SD,BLOOMINGTON,2,0.0,0.0,0,0,,,,N SMITH PK,W FORREST PARK DR,,,,39.143589569765,-86.58032290731337,LOCAL/CITY RD,N,URBAN,N,N,N,,DAYLIGHT,RAIN,WET,,T-INTERSECTION,STRAIGHT/GRADE,ASPHALT,SPEED TOO FAST FOR WEATHER CONDITIONS,REAR END,FORESTPARKDRSMITHPK,NONE,2021-06-02 11:25:00,,,
1973,BLOOMINGTON PD,BLOOMINGTON,2,0.0,0.0,0,0,,,,N CURRY PK,S WELMIR DR,,50.0,N,39.22712070732938,-86.5927449208893,LOCAL/CITY RD,N,URBAN,N,N,N,,DAYLIGHT,RAIN,WET,,NO JUNCTION INVOLVED,STRAIGHT/LEVEL,ASPHALT,FOLLOWING TOO CLOSELY,REAR END,NORTHCURRYPKWELMIRDR,LN CONTROL,2021-06-02 13:04:00,,,
1974,ISP BLOOMINGTON 33,BLOOMINGTON,1,,0.0,0,0,,,,I-69 S,,,200.0,,39.17657830890912,-86.54209071874882,INTERSTATE,,URBAN,N,N,N,,DAYLIGHT,RAIN,WET,,NO JUNCTION INVOLVED,,ASPHALT,OTHER (DRIVER) - EXPLAIN IN NARRATIVE,RAN OFF RD,I-69near121MM121.0,,2021-06-02 13:06:00,,,
1975,MONROE SD,BLOOMINGTON,1,0.0,0.0,0,0,,,,ST RD 48,,,1000.0,W,39.18635614807225,-86.53457268576078,ST RD,N,RURAL,N,N,N,,DAYLIGHT,CLOUDY,WET,,NO JUNCTION INVOLVED,CURVE/LEVEL,ASPHALT,RAN OFF RD RIGHT,RAN OFF RD,ST RD 48WWVERNALPK,NONE,2021-06-02 15:42:00,,,
1976,ELLETTSVILLE PD,ELLETTSVILLE,2,0.0,1.0,0,0,,,,N MATTHEWS DR (N),ST RD 46,,100.0,N,39.135922942502006,-86.53115713657635,LOCAL/CITY RD,N,URBAN,Y,N,N,,DAYLIGHT,RAIN,WET,,NO JUNCTION INVOLVED,CURVE/LEVEL,ASPHALT,LEFT OF CENTER,OTHER - EXPLAIN IN NARRATIVE,MAINSTMATTHEWSDR,LN CONTROL,2021-06-02 16:41:00,,,
1977,ELLETTSVILLE PD,ELLETTSVILLE,2,0.0,0.0,0,0,,,,ST RD 46,W GRANT ST,,,,39.171599004721266,-86.50217193053406,ST RD,N,URBAN,N,N,N,,DAYLIGHT,CLEAR,DRY,,T-INTERSECTION,CURVE/GRADE,CONCRETE,DRIVER DISTRACTED - EXPLAIN IN NARRATIVE,REAR END,GRANTSTST RD 46E,STOP SIGN,2021-06-02 16:57:00,,,
1978,ISP BLOOMINGTON 33,BLOOMINGTON,2,,1.0,0,0,,Y,118C,I-69 S,ST RD 48,,0.0,,39.15151825616213,-86.38609480237508,INTERSTATE,,URBAN,N,N,N,,DAYLIGHT,CLOUDY,DRY,,RAMP,,ASPHALT,FAILURE TO YIELD RIGHT OF WAY,REAR END,I-69-118-C,,2021-06-02 18:55:00,,,
1979,BLOOMINGTON PD,BLOOMINGTON,2,0.0,0.0,0,0,,,,E WINSLOW RD,S XAVIER CT,,,,39.18624,-86.53453,LOCAL/CITY RD,N,URBAN,N,N,N,,DAWN/DUSK,RAIN,WET,,T-INTERSECTION,STRAIGHT/GRADE,ASPHALT,FAILURE TO YIELD RIGHT OF WAY,LEFT TURN,EASTWINSLOWRDSOUTHXAVIERCT,STOP SIGN,2021-06-02 19:45:00,,,
1980,BLOOMINGTON PD,BLOOMINGTON,1,0.0,0.0,0,1,,,,ST RD 45/46,N MILO B SAMPSON LN,,,,39.15115926455538,-86.57687332276517,ST RD,N,URBAN,N,N,N,,DARK (NOT LIGHTED),CLEAR,DRY,,T-INTERSECTION,STRAIGHT/GRADE,ASPHALT,ANIMAL/OBJECT IN RDWAY,COLLISION WITH DEER,MILOBSAMPSONBLVDST RD 4546E,NONE,2021-06-01 00:35:00,,,
1981,MONROE SD,BLOOMINGTON,1,0.0,0.0,0,1,,,,ST RD 37,,,5280.0,N,39.18805119762292,-86.53783454440578,ST RD,N,RURAL,N,N,N,,DAWN/DUSK,CLEAR,DRY,,NO JUNCTION INVOLVED,STRAIGHT/LEVEL,ASPHALT,ANIMAL/OBJECT IN RDWAY,COLLISION WITH DEER,MONROEDAMRDS ST RD 37,NONE,2021-06-01 06:33:00,,,
1982,ISP BLOOMINGTON 33,BLOOMINGTON,1,,0.0,0,1,,,,ST RD 37,,,739.0,,39.147332125704516,-86.50941240603524,ST RD,,RURAL,N,N,N,,DAYLIGHT,CLOUDY,DRY,,NO JUNCTION INVOLVED,,ASPHALT,ANIMAL/OBJECT IN RDWAY,COLLISION WITH DEER,ZikesRoadStateRd37,,2021-06-01 07:40:00,,,
1983,BLOOMINGTON PD,BLOOMINGTON,2,0.0,0.0,0,0,,,,I-69 N,W 3RD ST,,,,39.14750067962612,-86.57294627246372,LOCAL/CITY RD,N,URBAN,N,N,N,,DAYLIGHT,CLOUDY,DRY,,FOUR-WAY INTERSECTION,STRAIGHT/GRADE,ASPHALT,FOLLOWING TOO CLOSELY,REAR END,3RDSTI-69 N,YIELD SIGN,2021-06-01 09:14:00,,,
1984,MONROE SD,BLOOMINGTON,2,0.0,0.0,0,0,,,,S CURRY PK,W GRAND AVE,,,,39.18216737486074,-86.55690555312805,LOCAL/CITY RD,N,URBAN,N,N,N,,DAYLIGHT,CLOUDY,DRY,,T-INTERSECTION,STRAIGHT/LEVEL,ASPHALT,FOLLOWING TOO CLOSELY,REAR END,GRANDAVENCURRYPK,NONE,2021-06-01 13:00:00,,,
1985,BLOOMINGTON PD,BLOOMINGTON,3,0.0,0.0,0,0,,,,ST RD 45/46,N DUNN ST,,100.0,W,39.15048073345815,-86.53368042190063,LOCAL/CITY RD,N,URBAN,N,N,N,,DAYLIGHT,CLEAR,DRY,,FOUR-WAY INTERSECTION,STRAIGHT/LEVEL,ASPHALT,FOLLOWING TOO CLOSELY,REAR END,ESTATERD4546HWYNDUNNST,TRAFFIC CONTROL SIGNAL,2021-06-01 15:28:00,,,
1986,MONROE SD,BLOOMINGTON,1,0.0,0.0,0,0,,,,W VERNAL PK,N THOMAS RD,,,,39.17162,-86.50215,LOCAL/CITY RD,N,RURAL,N,N,N,,DAYLIGHT,CLEAR,DRY,,T-INTERSECTION,STRAIGHT/LEVEL,ASPHALT,RAN OFF RD RIGHT,RAN OFF RD,NTHOMASRDWVERNALPK,STOP SIGN,2021-06-01 16:27:00,,,
1987,MONROE SD,BLOOMINGTON,1,0.0,0.0,0,0,,,,N HARTSTRAIT RD,W RATLIFF RD,,,,39.18038875257667,-86.47589773215998,LOCAL/CITY RD,N,RURAL,N,N,N,,DAWN/DUSK,RAIN,WET,,T-INTERSECTION,STRAIGHT/GRADE,ASPHALT,UNSAFE SPEED,RAN OFF RD,HARTSRAITRDRATLIFFRD,NONE,2021-06-01 20:22:00,,,
1988,MONROE SD,BLOOMINGTON,2,0.0,0.0,0,0,,,,I-69 S,,,,,39.144970639709456,-86.5777723387953,INTERSTATE,Y,RURAL,N,N,N,,DARK (NOT LIGHTED),CLEAR,DRY,,NO JUNCTION INVOLVED,STRAIGHT/LEVEL,ASPHALT,UNSAFE LN MOVEMENT,REAR END,I-69S131.0,LN CONTROL,2021-05-31 02:52:00,,,
1989,BLOOMINGTON PD,BLOOMINGTON,2,0.0,1.0,0,0,,,,E 3RD ST,S OVERHILL DR,,,,39.18619183499078,-86.53455447097555,LOCAL/CITY RD,N,URBAN,N,N,N,,DAYLIGHT,CLEAR,DRY,,T-INTERSECTION,STRAIGHT/GRADE,ASPHALT,FAILURE TO YIELD RIGHT OF WAY,LEFT TURN,E 3RDSTSOVERHILLDR,NONE,2021-05-31 13:29:00,,,
1990,BLOOMINGTON PD,BLOOMINGTON,1,0.0,1.0,0,0,,Y,,I-69 N,W 3RD ST,,500.0,S,39.206991909780605,-86.53474934544852,INTERSTATE,N,URBAN,N,N,N,,DAYLIGHT,CLEAR,DRY,,NO JUNCTION INVOLVED,STRAIGHT/GRADE,ASPHALT,RAN OFF RD RIGHT,RAN OFF RD,I-69 N118.0,NONE,2021-05-31 17:45:00,,,
1991,INDIANA UNIV BLOOMINGTON PD,BLOOMINGTON,1,0.0,0.0,0,0,,,,E ATWATER AVE,S HENDERSON ST,,200.0,W,39.16452042532614,-86.57331714849032,LOCAL/CITY RD,Y,URBAN,N,N,N,,DARK (LIGHTED),CLEAR,DRY,,NO JUNCTION INVOLVED,CURVE/LEVEL,ASPHALT,RAN OFF RD RIGHT,RAN OFF RD,ATWATERAVEHENDERSONST,NONE,2021-05-31 21:15:00,,,
1992,ISP BLOOMINGTON 33,ELLETTSVILLE,1,,0.0,0,1,8101,,,ST RD 46,ENTRANCE TO KEHE DISTRIBUTORS,,0.0,,39.16463,-86.58295,ST RD,,RURAL,N,N,N,,DARK (NOT LIGHTED),CLEAR,DRY,,NO JUNCTION INVOLVED,,ASPHALT,ANIMAL/OBJECT IN RDWAY,COLLISION WITH DEER,StateRd46,,2021-05-31 22:50:00,,,