_id,Agency,City,Vehicles Involved,Trailers Involved,Number Injured,Number Dead,Number Deer,House Number,Roadway Interchange,Roadway Ramp,Roadway Id,Intersecting Road,Interchange,Feet From,Direction,Latitude,Longitude,Roadway Class,Hit and Run?,Locality,School Zone?,Rumble Strips?,Construction?,Construction Type,Light Condition,Weather Conditions,Surface Condition,Type of Median,Roadway Junction Type,Road Character,Roadway Surface,Primary Factor,Manner of Collision,Unique Location Id,Traffic Control,DateTime,Address Number,Cyclist Involved,Pedestrian Involved
2052,BLOOMINGTON PD,BLOOMINGTON,2,0.0,1.0,0,0,,,,S WALNUT ST,E 3RD ST,,,,39.105514105368876,-86.5514401190708,LOCAL/CITY RD,N,URBAN,N,N,N,,DARK (LIGHTED),CLEAR,DRY,,FOUR-WAY INTERSECTION,STRAIGHT/LEVEL,ASPHALT,FAILURE TO YIELD RIGHT OF WAY,RIGHT ANGLE,E 3RDSTSWALNUTST,TRAFFIC CONTROL SIGNAL,2021-05-22 01:21:00,,,
2053,INDIANA UNIV BLOOMINGTON PD,BLOOMINGTON,2,0.0,0.0,0,0,,,,E ATWATER AVE,S EAGLESON AVE,,,,39.178983337231564,-86.52834354853141,LOCAL/CITY RD,N,URBAN,N,N,N,,DAYLIGHT,CLEAR,DRY,,FOUR-WAY INTERSECTION,STRAIGHT/LEVEL,ASPHALT,DISREGARD SIGNAL/REG SIGN,RIGHT ANGLE,ATWATERAVEEAGLESON AVEAVE,TRAFFIC CONTROL SIGNAL,2021-05-22 19:37:00,,,
2054,BLOOMINGTON PD,BLOOMINGTON,2,0.0,1.0,0,0,,,,E RHORER RD,S TWO CREEKS LN,,,,39.14316,-86.40602,LOCAL/CITY RD,N,URBAN,N,N,N,,DARK (NOT LIGHTED),CLEAR,DRY,,T-INTERSECTION,STRAIGHT/GRADE,CONCRETE,FAILURE TO YIELD RIGHT OF WAY,RAN OFF RD,ERHORERRDSTWOCREEKSLN,NONE,2021-05-22 21:08:00,,,
2055,MONROE SD,BLOOMINGTON,1,0.0,0.0,0,0,,,,ST RD 446,RED OAK LN,,50.0,S,39.17555,-86.51379,ST RD,N,RURAL,N,N,N,,DARK (NOT LIGHTED),CLEAR,DRY,,T-INTERSECTION,CURVE/HILLCREST,ASPHALT,RAN OFF RD RIGHT,RAN OFF RD,REDOAKLNST RD 446S,NONE,2021-05-21 11:57:00,,,
2056,BLOOMINGTON PD,BLOOMINGTON,2,0.0,0.0,0,0,3423,,,ACADIA CT,,,,,39.1645670129388,-86.53366726450786,UNKNOWN,N,URBAN,N,N,N,,DAYLIGHT,CLEAR,DRY,,NO JUNCTION INVOLVED,STRAIGHT/GRADE,ASPHALT,UNSAFE BACKING,BACKING CRASH,SOUTHACADIACT,NONE,2021-05-21 11:59:00,,,
2057,BLOOMINGTON PD,BLOOMINGTON,2,0.0,0.0,0,0,,,,E 3RD ST,S JEFFERSON ST,,,,39.256492486421315,-86.52594223292171,LOCAL/CITY RD,N,URBAN,N,N,N,,DAYLIGHT,CLEAR,DRY,,NO JUNCTION INVOLVED,STRAIGHT/LEVEL,ASPHALT,FOLLOWING TOO CLOSELY,REAR END,E 3RDSTJEFFERSONST,TRAFFIC CONTROL SIGNAL,2021-05-21 16:33:00,,,
2058,BLOOMINGTON PD,BLOOMINGTON,2,0.0,0.0,0,0,,,,ST RD 45/46,N WALNUT ST,,,,-4.08952446067485e-05,-6.49451579153639e-06,LOCAL/CITY RD,Y,URBAN,N,N,N,,DAYLIGHT,BLOWING SAND/SOIL/SNOW,DRY,,FOUR-WAY INTERSECTION,STRAIGHT/LEVEL,ASPHALT,FOLLOWING TOO CLOSELY,REAR END,NCOLLEGEAVEST RD 46 W,TRAFFIC CONTROL SIGNAL,2021-05-21 18:08:00,,,
2059,MONROE SD,BLOOMINGTON,2,0.0,1.0,0,0,,,Y,W TAPP RD,I-69 S,,,,39.1363266290689,-86.54878830764848,LOCAL/CITY RD,N,URBAN,N,N,N,,DARK (LIGHTED),CLEAR,DRY,,TRAFFIC CIRCLE/ROUNDABOUT,CURVE/LEVEL,ASPHALT,FAILURE TO YIELD RIGHT OF WAY,RIGHT ANGLE,SBINTERSTATE69OFFRPWTAPPRD,LN CONTROL,2021-05-21 23:20:00,,,
2060,BLOOMINGTON PD,BLOOMINGTON,1,0.0,0.0,0,0,,,,E 10TH ST,N GRANT ST,,,,39.16106752914897,-86.5226859210558,LOCAL/CITY RD,Y,URBAN,N,N,N,,DAWN/DUSK,CLEAR,DRY,,FOUR-WAY INTERSECTION,STRAIGHT/GRADE,ASPHALT,IMPROPER TURNING,RAN OFF RD,10THSTGRANTST,LN CONTROL,2021-05-20 06:20:00,,,
2061,DNR LAW ENFORCEMENT,BLOOMINGTON,1,,0.0,0,0,,,,CUTRIGHT STATE RECREATION AREA RD,,,0.0,,39.16459972476422,-86.58299978254763,ST RD,,RURAL,N,N,N,,DAYLIGHT,CLEAR,DRY,,NO JUNCTION INVOLVED,,GRAVEL,OVERCORRECTING/OVERSTEERING,,StateRd446,,2021-05-20 07:00:00,,,
2062,MONROE SD,BLOOMINGTON,2,0.0,0.0,0,0,,,,ST RD 446,,,460.0,N,39.12674954899256,-86.58259186414986,ST RD,N,RURAL,N,N,N,,DAYLIGHT,CLEAR,DRY,,NO JUNCTION INVOLVED,CURVE/GRADE,CONCRETE,UNSAFE SPEED,OPPOSITE DIRECTION SIDESWIPE,EMERRITTDRST RD 446S,NONE,2021-05-20 16:35:00,,,
2063,ISP BLOOMINGTON 33,BLOOMINGTON,2,,0.0,0,0,,,,I-69 S,W TAPP RD,,0.0,,39.15498011193142,-86.57529340158736,INTERSTATE,,URBAN,N,N,N,,DAYLIGHT,CLEAR,DRY,,NO JUNCTION INVOLVED,,ASPHALT,FAILURE TO YIELD RIGHT OF WAY,REAR END,I-69116,,2021-05-20 16:55:00,,,
2064,ISP BLOOMINGTON 33,,2,,0.0,0,0,,,,ST RD 45,S WOODBINE DR,,80.0,,39.12140864158205,-86.52667213976531,ST RD,,RURAL,N,N,N,,DAYLIGHT,CLEAR,DRY,,NO JUNCTION INVOLVED,,ASPHALT,FOLLOWING TOO CLOSELY,REAR END,WStateRd45SWoodbineDr.,,2021-05-20 19:30:00,,,
2065,MONROE SD,BLOOMINGTON,1,0.0,0.0,0,0,,,,S FAIRFAX RD,S STRAIN RIDGE RD,,,,39.16885,-86.51614,LOCAL/CITY RD,N,URBAN,N,N,N,,DARK (LIGHTED),CLEAR,DRY,,T-INTERSECTION,STRAIGHT/GRADE,ASPHALT,RAN OFF RD RIGHT,RAN OFF RD,SOUTHFAIRFAXRDSOUTHSTRAINRIDGERD,STOP SIGN,2021-05-19 01:34:00,,,
2066,ELLETTSVILLE PD,ELLETTSVILLE,2,0.0,0.0,0,0,,,,ST RD 46,N MATTHEWS DR (N),,,,39.186345206668335,-86.53454363397975,LOCAL/CITY RD,N,URBAN,N,N,N,,DAYLIGHT,RAIN,WET,,NO JUNCTION INVOLVED,STRAIGHT/LEVEL,ASPHALT,LEFT OF CENTER,RIGHT TURN,MAINSTMATTHEWSDR,TRAFFIC CONTROL SIGNAL,2021-05-19 07:00:00,,,
2067,BLOOMINGTON PD,BLOOMINGTON,2,0.0,1.0,0,0,,,,S WALNUT ST,ENTRANCE TO STARBUCKS,,150.0,S,39.19024179139895,-86.58254398027626,LOCAL/CITY RD,N,URBAN,N,N,N,,DAYLIGHT,CLOUDY,DRY,,NO JUNCTION INVOLVED,STRAIGHT/LEVEL,ASPHALT,FAILURE TO YIELD RIGHT OF WAY,RIGHT ANGLE,EMILLERDRSWALNUTST,LN CONTROL,2021-05-19 08:30:00,,,
2068,BLOOMINGTON PD,BLOOMINGTON,1,0.0,0.0,0,0,,,,W BLOOMFIELD RD,S LANDMARK AVE,,,,39.13597499120464,-86.53715351672557,LOCAL/CITY RD,N,URBAN,N,N,N,,DAYLIGHT,CLOUDY,DRY,,FOUR-WAY INTERSECTION,STRAIGHT/LEVEL,ASPHALT,OVERCORRECTING/OVERSTEERING,OTHER - EXPLAIN IN NARRATIVE,BLOOMFIELDRDLANDMARKAVE,TRAFFIC CONTROL SIGNAL,2021-05-19 10:16:00,,,
2069,BLOOMINGTON PD,BLOOMINGTON,2,0.0,0.0,0,0,,,,W 3RD ST,S KIMBLE DR,,,,39.15501949362905,-86.49613839047848,LOCAL/CITY RD,N,URBAN,N,N,N,,DAYLIGHT,CLEAR,DRY,,T-INTERSECTION,STRAIGHT/LEVEL,ASPHALT,FOLLOWING TOO CLOSELY,REAR END,SKIMBLEDRW 3RDST,TRAFFIC CONTROL SIGNAL,2021-05-19 14:41:00,,,
2070,MONROE SD,BLOOMINGTON,2,0.0,0.0,0,0,,,,N SMITH PK,W WOODYARD,,,,39.171653109573654,-86.53357136922907,LOCAL/CITY RD,N,URBAN,N,N,N,,DAYLIGHT,CLEAR,DRY,,NO JUNCTION INVOLVED,STRAIGHT/LEVEL,ASPHALT,IMPROPER TURNING,LEFT TURN,NSMITHPKWWOODYARDRD,STOP SIGN,2021-05-19 14:45:00,,,
2071,BLOOMINGTON PD,BLOOMINGTON,2,0.0,0.0,0,0,,,,N WALNUT ST,W 6TH ST,,,,39.16420181760493,-86.49830603798112,LOCAL/CITY RD,N,URBAN,N,N,N,,DAYLIGHT,CLEAR,DRY,,FOUR-WAY INTERSECTION,STRAIGHT/GRADE,ASPHALT,UNSAFE LN MOVEMENT,SAME DIRECTION SIDESWIPE,NORTHWALNUTSTWEST6THST,TRAFFIC CONTROL SIGNAL,2021-05-19 15:05:00,,,
2072,MONROE SD,BLOOMINGTON,2,0.0,0.0,0,0,,,,S ROGERS ST,W CLEAR CREEK DR,,100.0,S,39.17917,-86.55908,LOCAL/CITY RD,N,RURAL,N,N,N,,DAYLIGHT,CLEAR,DRY,,NO JUNCTION INVOLVED,STRAIGHT/LEVEL,ASPHALT,FAILURE TO YIELD RIGHT OF WAY,RIGHT ANGLE,ECLEARCREEKSTSROGERSST,NONE,2021-05-19 15:47:00,,,
2073,BLOOMINGTON PD,BLOOMINGTON,2,0.0,0.0,0,0,,,,S WALNUT ST,W KIRKWOOD AVE,,50.0,N,39.15051402514021,-86.52692297919617,LOCAL/CITY RD,N,URBAN,N,N,N,,DAYLIGHT,CLEAR,DRY,,NO JUNCTION INVOLVED,STRAIGHT/LEVEL,ASPHALT,UNSAFE LN MOVEMENT,SAME DIRECTION SIDESWIPE,EKIRKWOODAVESWALNUTST,NONE,2021-05-19 17:08:00,,,
2074,BLOOMINGTON PD,BLOOMINGTON,1,0.0,1.0,0,0,,,,E 3RD ST,S HILLSDALE DR,,,,39.1936992068869,-86.59101875374807,LOCAL/CITY RD,N,URBAN,N,N,N,,DAYLIGHT,CLEAR,DRY,,FOUR-WAY INTERSECTION,STRAIGHT/LEVEL,ASPHALT,PEDESTRIAN ACTION,RIGHT ANGLE,E 3RDSTSHILLSDALERD,NONE,2021-05-19 18:02:00,,True,
2075,INDIANA UNIV BLOOMINGTON PD,BLOOMINGTON,2,0.0,0.0,0,0,,,,E 3RD ST,S EAGLESON AVE,,,,39.11227572229157,-86.63624341222354,LOCAL/CITY RD,N,URBAN,N,N,N,,DAYLIGHT,CLEAR,DRY,,FOUR-WAY INTERSECTION,STRAIGHT/LEVEL,ASPHALT,IMPROPER TURNING,LEFT TURN,EAGLESON AVEAVE 3RDST,LN CONTROL,2021-05-19 18:40:00,,,
2076,MONROE SD,BLOOMINGTON,2,0.0,0.0,0,0,,,,W DILLMAN RD,S WALNUT ST,,,,39.16454328454944,-86.53367346117801,ST RD,N,RURAL,N,N,N,,DARK (NOT LIGHTED),CLEAR,WET,,FOUR-WAY INTERSECTION,CURVE/HILLCREST,ASPHALT,FAILURE TO YIELD RIGHT OF WAY,OTHER - EXPLAIN IN NARRATIVE,DILLMANRDN ST RD 37,TRAFFIC CONTROL SIGNAL,2021-05-18 00:42:00,,,
2077,BLOOMINGTON PD,BLOOMINGTON,2,0.0,0.0,0,0,,,,S ROGERS ST,W COOLIDGE DR,,,,39.1631,-86.5164,LOCAL/CITY RD,N,URBAN,N,N,N,,DAYLIGHT,CLOUDY,DRY,,FOUR-WAY INTERSECTION,STRAIGHT/GRADE,ASPHALT,FAILURE TO YIELD RIGHT OF WAY,RIGHT ANGLE,SOUTHROGERSSTWESTCOOLIDGEDR,STOP SIGN,2021-05-18 09:35:00,,,
2078,BLOOMINGTON PD,BLOOMINGTON,1,0.0,1.0,0,0,,,,N DUNN ST,E ALICE ST,,100.0,N,39.12141084190577,-86.51707542481587,LOCAL/CITY RD,N,URBAN,N,N,N,,DAYLIGHT,CLOUDY,DRY,,FOUR-WAY INTERSECTION,STRAIGHT/LEVEL,ASPHALT,IMPROPER TURNING,RIGHT TURN,EAST8THSTNORTHDUNNST,LN CONTROL,2021-05-18 13:00:00,,True,
2079,BLOOMINGTON PD,BLOOMINGTON,1,0.0,0.0,0,0,,,,W 2ND ST,S WALKER ST,,150.0,E,39.08906,-86.42325,LOCAL/CITY RD,N,URBAN,N,N,N,,DAYLIGHT,CLOUDY,DRY,,NO JUNCTION INVOLVED,STRAIGHT/GRADE,ASPHALT,RAN OFF RD RIGHT,RAN OFF RD,SWALKERSTW 2NDST,NONE,2021-05-18 15:20:00,,,
2080,ISP BLOOMINGTON 33,BLOOMINGTON,1,,0.0,0,0,,96H,114H,ST RD 37,I-69 S,,0.0,,39.13306320668664,-86.51833515788108,ST RD,,RURAL,N,N,N,,DAYLIGHT,CLOUDY,DRY,,RAMP,,ASPHALT,,RAN OFF RD,ST RD 37-96-H,,2021-05-18 16:10:00,,,
2081,BLOOMINGTON PD,BLOOMINGTON,2,0.0,0.0,0,0,,,,W 15TH ST,N MAPLE ST,,,,39.16425066417999,-86.50709002041583,LOCAL/CITY RD,Y,URBAN,N,N,N,,DAYLIGHT,CLEAR,DRY,,NO JUNCTION INVOLVED,STRAIGHT/LEVEL,ASPHALT,UNSAFE LN MOVEMENT,SAME DIRECTION SIDESWIPE,15THSTMAPLEST,NONE,2021-05-18 19:19:00,,,
2082,MONROE SD,BLOOMINGTON,1,0.0,0.0,0,1,,,,I-69 S,,,100.0,S,39.18622725950297,-86.53456597208454,INTERSTATE,N,RURAL,N,N,N,,DARK (NOT LIGHTED),CLEAR,DRY,,NO JUNCTION INVOLVED,STRAIGHT/LEVEL,CONCRETE,ANIMAL/OBJECT IN RDWAY,COLLISION WITH DEER,I-69S108.5,NONE,2021-05-18 23:07:00,,,
2083,MONROE SD,BLOOMINGTON,1,0.0,0.0,0,0,,,,I-69 N,,,100.0,S,39.13679368345791,-86.57322784688981,INTERSTATE,N,RURAL,N,Y,N,,DARK (NOT LIGHTED),RAIN,WET,,NO JUNCTION INVOLVED,STRAIGHT/LEVEL,ASPHALT,ANIMAL/OBJECT IN RDWAY,RAN OFF RD,I-69 N111.0,NONE,2021-05-17 01:33:00,,,
2084,ISP BLOOMINGTON 33,BLOOMINGTON,1,,0.0,0,0,,Y,123,I-69 S,N ST RD 37,Y,950.0,,39.17164344390554,-86.52978546643227,INTERSTATE,,RURAL,N,N,N,,DAYLIGHT,RAIN,WET,,NO JUNCTION INVOLVED,,CONCRETE,SPEED TOO FAST FOR WEATHER CONDITIONS,RAN OFF RD,I-69,,2021-05-17 07:30:00,,,
2085,MONROE SD,ELLETTSVILLE,2,0.0,0.0,0,0,,,,ST RD 46,N SMITH PK,,,,39.06745113343421,-86.40725341809704,ST RD,N,URBAN,N,N,N,,DAYLIGHT,RAIN,WET,,FOUR-WAY INTERSECTION,STRAIGHT/LEVEL,ASPHALT,DRIVER DISTRACTED - EXPLAIN IN NARRATIVE,REAR END,NSMITHPKST RD 46 W,TRAFFIC CONTROL SIGNAL,2021-05-17 08:29:00,,,
2086,ISP BLOOMINGTON 33,BLOOMINGTON,3,,0.0,0,0,,,,ST RD 37,,,1500.0,N,39.14825224456256,-86.4252930112976,ST RD,,RURAL,N,N,Y,LN CLOSURE,DAYLIGHT,CLOUDY,DRY,,NO JUNCTION INVOLVED,,CONCRETE,FOLLOWING TOO CLOSELY,REAR END,ST RD 371500ftnorthofDillmanRd,,2021-05-17 10:21:00,,,
2087,BLOOMINGTON PD,BLOOMINGTON,2,0.0,0.0,0,0,,,,W 17TH ST,N MONROE ST,,,,39.13681626970572,-86.57323657247784,LOCAL/CITY RD,Y,URBAN,N,N,N,,DAYLIGHT,CLEAR,DRY,,TRAFFIC CIRCLE/ROUNDABOUT,STRAIGHT/LEVEL,ASPHALT,FOLLOWING TOO CLOSELY,SAME DIRECTION SIDESWIPE,NMONROESTW17THST,ROUNDABOUT INTERSECTION,2021-05-17 13:37:00,,,
2088,BLOOMINGTON PD,BLOOMINGTON,1,0.0,0.0,0,0,,,,E SUMMIT VIEW PL,S HENDERSON ST,,,,39.109335309917796,-86.6409526739795,LOCAL/CITY RD,Y,URBAN,N,N,N,,DAYLIGHT,CLEAR,DRY,,FOUR-WAY INTERSECTION,STRAIGHT/GRADE,ASPHALT,UNSAFE SPEED,RAN OFF RD,ESUMMITVIEWPLSHENDERSONST,NONE,2021-05-17 14:15:00,,,
2089,BLOOMINGTON PD,BLOOMINGTON,1,0.0,0.0,0,0,,,,E WYLIE FARM RD,S AZALEA LN,,,,39.07434,-86.5058,LOCAL/CITY RD,Y,URBAN,N,N,N,,DAYLIGHT,CLEAR,DRY,,T-INTERSECTION,CURVE/GRADE,ASPHALT,UNSAFE SPEED,RAN OFF RD,EWYLIEFARMRDSAZALEALN,NONE,2021-05-17 14:19:00,,,
2090,ISP BLOOMINGTON 33,BLOOMINGTON,2,,0.0,0,0,,,,ST RD 46,,,700.0,W,39.234805588642395,-86.62630543789572,ST RD,,RURAL,N,N,N,,DAYLIGHT,CLEAR,DRY,,NO JUNCTION INVOLVED,,ASPHALT,LEFT OF CENTER,HEAD ON BETWEEN TWO MOTOR VEHICLES,ST RD 46approx700FtwestofLoriLn,,2021-05-17 14:25:00,,,
2091,BLOOMINGTON PD,BLOOMINGTON,2,0.0,1.0,0,0,,,,ST RD 45/46,N KINSER PK,,350.0,W,39.14544164657248,-86.53160850955705,ST RD,N,URBAN,N,N,N,,DAYLIGHT,CLOUDY,DRY,,NO JUNCTION INVOLVED,STRAIGHT/GRADE,ASPHALT,UNSAFE LN MOVEMENT,SAME DIRECTION SIDESWIPE,NKINSERPKST RD 46E,NONE,2021-05-17 14:27:00,,,
2092,BLOOMINGTON PD,BLOOMINGTON,2,0.0,0.0,0,0,,,,ST RD 45,S LEONARD SPRINGS RD,,,,39.15989767380601,-86.55383873145655,LOCAL/CITY RD,N,URBAN,N,N,N,,DAYLIGHT,CLOUDY,DRY,,FOUR-WAY INTERSECTION,CURVE/GRADE,ASPHALT,FOLLOWING TOO CLOSELY,REAR END,CURRYPKSTRD45RD,TRAFFIC CONTROL SIGNAL,2021-05-17 15:39:00,,,
2093,BLOOMINGTON PD,BLOOMINGTON,2,0.0,0.0,0,0,,,,S COLLEGE MALL RD,ST RD 46,,,,39.16450082960602,-86.56800075777838,LOCAL/CITY RD,Y,URBAN,N,N,N,,DAYLIGHT,CLEAR,DRY,,FOUR-WAY INTERSECTION,STRAIGHT/LEVEL,ASPHALT,FAILURE TO YIELD RIGHT OF WAY,SAME DIRECTION SIDESWIPE,E 3RDSTSCOLLEGEMALLRD,TRAFFIC CONTROL SIGNAL,2021-05-17 19:05:00,,,
2094,ELLETTSVILLE PD,ELLETTSVILLE,2,0.0,1.0,0,0,5510,,,ST RD 46,N LAKEVIEW DR,,,,39.1906343834232,-86.58318713111368,ST RD,Y,URBAN,N,N,N,,DAWN/DUSK,CLEAR,DRY,,T-INTERSECTION,STRAIGHT/LEVEL,ASPHALT,OTHER (DRIVER) - EXPLAIN IN NARRATIVE,OTHER - EXPLAIN IN NARRATIVE,ST RD 46 W,NONE,2021-05-17 19:15:00,,,
2095,INDIANA UNIV BLOOMINGTON PD,BLOOMINGTON,1,0.0,0.0,0,1,,,,ST RD 45/46,N MILO B SAMPSON LN,,,,39.16750469425029,-86.53363749304074,ST RD,N,URBAN,N,N,N,,DARK (NOT LIGHTED),CLEAR,DRY,,T-INTERSECTION,STRAIGHT/LEVEL,ASPHALT,ANIMAL/OBJECT IN RDWAY,COLLISION WITH DEER,NMILOBSAMPSONLNST RD 46,LN CONTROL,2021-05-16 00:30:00,,,
2096,BLOOMINGTON PD,BLOOMINGTON,2,0.0,1.0,0,0,,,,ST RD 48,S CURRY PK,,,,39.111130995212534,-86.53981839068152,LOCAL/CITY RD,N,URBAN,N,N,N,,DAYLIGHT,CLOUDY,DRY,,FOUR-WAY INTERSECTION,STRAIGHT/LEVEL,ASPHALT,DISREGARD SIGNAL/REG SIGN,RIGHT ANGLE,SOUTHCURRYPKWEST3RDST,TRAFFIC CONTROL SIGNAL,2021-05-16 15:50:00,,,
2097,MONROE SD,BLOOMINGTON,1,0.0,0.0,0,1,,,,ST RD 37,S ZIKES RD,,100.0,N,39.16658,-86.53361,ST RD,N,RURAL,N,N,N,,DARK (NOT LIGHTED),CLOUDY,DRY,,NO JUNCTION INVOLVED,STRAIGHT/LEVEL,ASPHALT,ANIMAL/OBJECT IN RDWAY,COLLISION WITH DEER,S ST RD 37ZIKESRD,NONE,2021-05-16 21:29:00,,,
2098,BLOOMINGTON PD,BLOOMINGTON,1,0.0,0.0,0,0,413,,,E 4TH ST,ALLEY,,,,39.16423621140852,-86.50269732852954,UNKNOWN,N,URBAN,N,N,N,,DARK (LIGHTED),CLEAR,DRY,,T-INTERSECTION,STRAIGHT/LEVEL,ASPHALT,UNSAFE BACKING,COLLISION WITH OBJECT IN RD,EAST4THST,NONE,2021-05-15 11:43:00,,,
2099,BLOOMINGTON PD,BLOOMINGTON,2,0.0,0.0,0,0,,,,S GRANT ST,,,100.0,N,39.16423620678844,-86.51642237033435,LOCAL/CITY RD,Y,URBAN,N,N,N,,DAYLIGHT,CLEAR,DRY,,NO JUNCTION INVOLVED,STRAIGHT/LEVEL,ASPHALT,UNSAFE BACKING,BACKING CRASH,4THSTSGRANTST,NONE,2021-05-15 11:56:00,,,
2100,ISP BLOOMINGTON 33,BLOOMINGTON,2,,5.0,0,0,,,,ST RD 45,W AIRPORT RD,,0.0,,39.09293970592401,-86.55330758224187,ST RD,,RURAL,N,N,N,,DAYLIGHT,CLEAR,DRY,,T-INTERSECTION,,ASPHALT,FAILURE TO YIELD RIGHT OF WAY,RIGHT ANGLE,WStateRd45 WAirportRd,,2021-05-15 13:10:00,,,
2101,BLOOMINGTON PD,BLOOMINGTON,2,0.0,1.0,0,0,,,,E DODDS ST,S LINCOLN ST,,,,39.14122956419569,-86.5388684831911,LOCAL/CITY RD,N,URBAN,N,N,N,,DAYLIGHT,CLEAR,DRY,,FOUR-WAY INTERSECTION,STRAIGHT/GRADE,CONCRETE,DISREGARD SIGNAL/REG SIGN,RIGHT ANGLE,EDODDSSTSLINCOLNST,STOP SIGN,2021-05-15 13:19:00,,,
2102,DNR LAW ENFORCEMENT,BLOOMINGTON,2,,1.0,0,0,,,,ST RD 446,PAYNETOWN RD,,0.0,,39.16987984718413,-86.52829159665131,ST RD,,RURAL,N,Y,N,,DAYLIGHT,CLEAR,DRY,,T-INTERSECTION,,ASPHALT,IMPROPER TURNING,RIGHT ANGLE,StateRd446PaynetownRd,,2021-05-15 14:10:00,,,
2103,BLOOMINGTON PD,BLOOMINGTON,1,0.0,0.0,0,0,,,,E HEATHER DR,S PRESTON CT,,,,39.16143,-86.54614,LOCAL/CITY RD,N,URBAN,N,N,N,,DAYLIGHT,CLEAR,DRY,,T-INTERSECTION,CURVE/LEVEL,ASPHALT,RAN OFF RD RIGHT,RAN OFF RD,EHEATHERDRSPRESTONCT,NONE,2021-05-15 14:10:00,,,
2104,BLOOMINGTON PD,BLOOMINGTON,2,0.0,2.0,0,0,,,,ST RD 45/46,E MATLOCK RD,,200.0,W,39.18215171549161,-86.55690223791561,LOCAL/CITY RD,N,URBAN,N,N,N,,DAYLIGHT,CLOUDY,DRY,,FOUR-WAY INTERSECTION,STRAIGHT/LEVEL,ASPHALT,UNSAFE LN MOVEMENT,RIGHT ANGLE,EMATLOCKRDESTATERD4546HWY,TRAFFIC CONTROL SIGNAL,2021-05-15 16:51:00,,,
2105,MONROE SD,BLOOMINGTON,1,0.0,0.0,0,0,,,,POINT VIEW DR,E POINTE RD,,,,39.17658001750236,-86.5421098051414,UNKNOWN,N,RURAL,N,N,N,,DARK (LIGHTED),CLOUDY,DRY,,T-INTERSECTION,STRAIGHT/LEVEL,ASPHALT,OTHER (VEHICLE) - EXPLAIN IN NARRATIVE,RAN OFF RD,POINTERETREATDRPOINTERD,STOP SIGN,2021-05-15 22:34:00,,,
2106,MONROE SD,BLOOMINGTON,2,0.0,1.0,0,0,,,,S FAIRFAX RD,E SMITHVILLE RD,,,,-3.7812978313859424e-05,-3.528152284742409e-05,LOCAL/CITY RD,N,URBAN,N,N,N,,DARK (LIGHTED),CLOUDY,DRY,,NO JUNCTION INVOLVED,STRAIGHT/GRADE,ASPHALT,DISREGARD SIGNAL/REG SIGN,RIGHT ANGLE,ESMITHVILLERDSFAIRFAXRD,STOP SIGN,2021-05-15 22:39:00,,,
2107,BLOOMINGTON PD,BLOOMINGTON,2,0.0,0.0,0,0,,,,S ROGERS ST,W 2ND ST,,,,-4.422537903510526e-05,-1.1644572154122453e-05,LOCAL/CITY RD,N,URBAN,N,N,N,,DAYLIGHT,CLEAR,DRY,,FOUR-WAY INTERSECTION,STRAIGHT/GRADE,ASPHALT,FOLLOWING TOO CLOSELY,REAR END,SOUTHROGERSSTWEST2NDST,TRAFFIC CONTROL SIGNAL,2021-05-14 08:58:00,,,
2108,BLOOMINGTON PD,BLOOMINGTON,2,0.0,0.0,0,0,,,,ST RD 46,S SMITH RD,,,,39.33871395420571,-86.5094186447838,LOCAL/CITY RD,N,URBAN,N,N,N,,DAYLIGHT,CLEAR,DRY,,FOUR-WAY INTERSECTION,STRAIGHT/LEVEL,ASPHALT,DRIVER DISTRACTED - EXPLAIN IN NARRATIVE,REAR END,E 3RDSTSSMITHPK,TRAFFIC CONTROL SIGNAL,2021-05-14 12:10:00,,,
2109,MONROE SD,BLOOMINGTON,2,0.0,0.0,0,0,,,,S WALNUT ST PK,S FAIRFAX RD,,,,39.20996,-86.58271,INTERSTATE,N,RURAL,N,N,N,,DAYLIGHT,CLEAR,DRY,,T-INTERSECTION,STRAIGHT/LEVEL,ASPHALT,FOLLOWING TOO CLOSELY,REAR END,FAIRFAXRDWALNUTSTPK,STOP SIGN,2021-05-14 16:03:00,,,
2110,MONROE SD,BLOOMINGTON,1,0.0,0.0,0,1,,,,I-69 N,,,250.0,S,39.096360360045786,-86.54633112002772,INTERSTATE,N,RURAL,N,N,N,,DARK (NOT LIGHTED),CLEAR,DRY,,NO JUNCTION INVOLVED,CURVE/LEVEL,ASPHALT,ANIMAL/OBJECT IN RDWAY,COLLISION WITH DEER,I-69 N108.0,NONE,2021-05-14 21:17:00,,,
2111,BLOOMINGTON PD,BLOOMINGTON,1,0.0,1.0,0,0,1620,,,W 3RD ST,ENTRANCE TO WATER WORLD CAR WASH,,,,39.17902,-86.54705,UNKNOWN,N,URBAN,N,N,N,,DARK (NOT LIGHTED),CLEAR,DRY,,NO JUNCTION INVOLVED,STRAIGHT/LEVEL,ASPHALT,PEDESTRIAN ACTION,OTHER - EXPLAIN IN NARRATIVE,W 3RDST,NONE,2021-05-14 22:46:00,,,True