_id,Agency,City,Vehicles Involved,Trailers Involved,Number Injured,Number Dead,Number Deer,House Number,Roadway Interchange,Roadway Ramp,Roadway Id,Intersecting Road,Interchange,Feet From,Direction,Latitude,Longitude,Roadway Class,Hit and Run?,Locality,School Zone?,Rumble Strips?,Construction?,Construction Type,Light Condition,Weather Conditions,Surface Condition,Type of Median,Roadway Junction Type,Road Character,Roadway Surface,Primary Factor,Manner of Collision,Unique Location Id,Traffic Control,DateTime,Address Number,Cyclist Involved,Pedestrian Involved
2112,BLOOMINGTON PD,BLOOMINGTON,1,0.0,1.0,0,0,,,,N PINE ST,W 6TH ST,,50.0,S,39.14452870613094,-86.52699424274311,LOCAL/CITY RD,Y,URBAN,N,N,N,,DARK (NOT LIGHTED),CLEAR,DRY,,NO JUNCTION INVOLVED,STRAIGHT/GRADE,ASPHALT,OTHER (DRIVER) - EXPLAIN IN NARRATIVE,OTHER - EXPLAIN IN NARRATIVE,NPINESTW6THST,NONE,2021-05-13 01:31:00,,,True
2113,BLOOMINGTON PD,BLOOMINGTON,2,0.0,1.0,0,0,,69,S,ST RD 45,I-69 S,,,,39.142065289530436,-86.52414550490631,ST RD,N,URBAN,N,N,N,,DAYLIGHT,CLEAR,DRY,,RAMP,CURVE/GRADE,ASPHALT,FOLLOWING TOO CLOSELY,REAR END,ST RD 45 W,TRAFFIC CONTROL SIGNAL,2021-05-13 12:01:00,,,
2114,BLOOMINGTON PD,BLOOMINGTON,2,0.0,1.0,0,0,,,,W 2ND ST,S ROGERS ST,,,,39.16605035584154,-86.46781787304904,LOCAL/CITY RD,N,URBAN,N,N,N,,DAYLIGHT,CLEAR,DRY,,NO JUNCTION INVOLVED,STRAIGHT/LEVEL,ASPHALT,DISREGARD SIGNAL/REG SIGN,RIGHT ANGLE,ROGERSSTW 2NDST,TRAFFIC CONTROL SIGNAL,2021-05-13 13:20:00,,,
2115,DNR LAW ENFORCEMENT,BLOOMINGTON,2,,0.0,0,0,,,,S FAIRFAX RD,S STRAIN RDIGE RD,,0.0,,39.18642,-86.53771,,,RURAL,N,N,N,,DAYLIGHT,CLEAR,DRY,,T-INTERSECTION,,ASPHALT,VIEW OBSTRUCTED,LEFT TURN,SStrainRidgeRdsfairfaxrd,,2021-05-13 13:23:00,,,
2116,BLOOMINGTON PD,BLOOMINGTON,2,0.0,0.0,0,0,,69,N,W 3RD ST,I-69 N,,,,39.14190963558293,-86.5826071503774,LOCAL/CITY RD,N,URBAN,N,N,N,,DAYLIGHT,CLEAR,DRY,,RAMP,CURVE/GRADE,ASPHALT,FOLLOWING TOO CLOSELY,REAR END,W 3RDST,TRAFFIC CONTROL SIGNAL,2021-05-13 13:38:00,,,
2117,BLOOMINGTON PD,BLOOMINGTON,3,0.0,0.0,0,0,,,,ST RD 48,S GATES DR,,,,39.16422158282989,-86.49826456641175,LOCAL/CITY RD,Y,URBAN,N,N,N,,DAYLIGHT,CLEAR,DRY,,FOUR-WAY INTERSECTION,STRAIGHT/GRADE,ASPHALT,FOLLOWING TOO CLOSELY,REAR END,SGATESDRW 3RDST,TRAFFIC CONTROL SIGNAL,2021-05-13 14:57:00,,,
2118,MONROE SD,BLOOMINGTON,1,0.0,0.0,0,0,,,,ST RD 46,N HARTSTRAIT RD,,100.0,E,39.22102256307,-86.60541614803388,ST RD,N,RURAL,N,N,N,,DAYLIGHT,CLEAR,DRY,,NO JUNCTION INVOLVED,CURVE/GRADE,ASPHALT,RAN OFF RD RIGHT,RAN OFF RD,ST RD 46ETAILWATERRD,NONE,2021-05-13 17:36:00,,,
2119,MORGAN SD,BLOOMINGTON,1,0.0,0.0,0,1,,,,I-69 N,,,,,39.186172144154504,-86.52218795584857,INTERSTATE,N,RURAL,N,N,N,,DAYLIGHT,CLEAR,DRY,,NO JUNCTION INVOLVED,STRAIGHT/GRADE,CONCRETE,ANIMAL/OBJECT IN RDWAY,COLLISION WITH DEER,I-69 NLIBERTYCHURCHRD,LN CONTROL,2021-05-12 07:13:00,,,
2120,BLOOMINGTON PD,BLOOMINGTON,2,0.0,0.0,0,0,,,,S ROGERS ST,W CHEROKEE DR,,200.0,N,39.164599956316515,-86.5829965405968,COUNTY RD,N,URBAN,N,N,N,,DAYLIGHT,CLEAR,DRY,,NO JUNCTION INVOLVED,STRAIGHT/LEVEL,ASPHALT,FOLLOWING TOO CLOSELY,REAR END,CHEROKEEDRIVEROGERSST,LN CONTROL,2021-05-12 08:08:00,,,
2121,BLOOMINGTON PD,BLOOMINGTON,2,0.0,1.0,0,0,,,,W TAPP RD,S ADAMS ST,,,,39.049345554743844,-86.53633690208333,LOCAL/CITY RD,N,URBAN,N,N,N,,DAYLIGHT,CLEAR,DRY,,FOUR-WAY INTERSECTION,CURVE/LEVEL,ASPHALT,ANIMAL/OBJECT IN RDWAY,REAR END,ADAMSSTTAPPRD,ROUNDABOUT INTERSECTION,2021-05-12 08:38:00,,,
2122,BLOOMINGTON PD,BLOOMINGTON,2,0.0,0.0,0,0,,,,E 2ND ST,S COLLEGE MALL RD,,75.0,W,39.16555532544955,-86.53027629798991,LOCAL/CITY RD,N,URBAN,N,N,N,,DAYLIGHT,CLEAR,DRY,,FOUR-WAY INTERSECTION,STRAIGHT/GRADE,ASPHALT,FOLLOWING TOO CLOSELY,REAR END,COLLEGEMALLRDEAST2NDST,NONE,2021-05-12 10:15:00,,,
2123,BLOOMINGTON PD,BLOOMINGTON,3,0.0,0.0,0,0,,,,E 3RD ST,S JEFFERSON ST,,50.0,E,39.16560186180929,-86.52975105079705,LOCAL/CITY RD,N,URBAN,N,N,N,,DAYLIGHT,CLEAR,DRY,,T-INTERSECTION,STRAIGHT/GRADE,ASPHALT,FOLLOWING TOO CLOSELY,REAR END,EAST3RDSTSOUTHJEFERSONST,LN CONTROL,2021-05-12 12:56:00,,,
2124,BLOOMINGTON PD,BLOOMINGTON,1,0.0,0.0,0,0,,,,S HENDERSON ST,E HILLSIDE DR,,,,39.13635749048762,-86.59442849751638,LOCAL/CITY RD,Y,URBAN,Y,N,N,,DAYLIGHT,CLEAR,DRY,,FOUR-WAY INTERSECTION,STRAIGHT/GRADE,ASPHALT,IMPROPER TURNING,RAN OFF RD,EHILLSIDEDRSHENDERSONST,TRAFFIC CONTROL SIGNAL,2021-05-12 15:11:00,,,
2125,BLOOMINGTON PD,BLOOMINGTON,3,0.0,1.0,0,0,,,,S COLLEGE MALL RD,,,300.0,S,39.157352945217724,-86.53133591394045,LOCAL/CITY RD,N,URBAN,N,N,Y,LN CLOSURE,DAYLIGHT,CLEAR,DRY,,NO JUNCTION INVOLVED,STRAIGHT/LEVEL,ASPHALT,FOLLOWING TOO CLOSELY,REAR END,EASTCOVENANTERBLVDSOUTHCOLLEGEMALLRD,NONE,2021-05-12 15:35:00,,,
2126,INDIANA UNIV BLOOMINGTON PD,BLOOMINGTON,2,0.0,0.0,0,0,,,,ST RD 45/46,N DUNN ST,,,,39.09171586141062,-86.4230639689149,ST RD,N,URBAN,N,N,N,,DAYLIGHT,CLEAR,DRY,,NO JUNCTION INVOLVED,STRAIGHT/LEVEL,ASPHALT,DRIVER DISTRACTED - EXPLAIN IN NARRATIVE,REAR END,DUNNSTST RD 46E,TRAFFIC CONTROL SIGNAL,2021-05-12 16:14:00,,,
2127,BLOOMINGTON PD,BLOOMINGTON,2,0.0,0.0,0,0,,,,W TAPP RD,S LEONARD SPRINGS RD,,,,39.12629265383007,-86.52121218750824,LOCAL/CITY RD,N,URBAN,N,N,N,,DAYLIGHT,CLEAR,DRY,,T-INTERSECTION,STRAIGHT/LEVEL,ASPHALT,FAILURE TO YIELD RIGHT OF WAY,LEFT TURN,SLEONARDSPRINGSRDWTAPPRD,NONE,2021-05-12 17:16:00,,,
2128,ELLETTSVILLE PD,ELLETTSVILLE,2,0.0,2.0,0,0,,,,ST RD 46,ENTRANCE TO MARATHON GAS STATION,,100.0,E,39.091740160330794,-86.42302845593416,ST RD,N,URBAN,N,N,N,,DAYLIGHT,CLEAR,DRY,,NO JUNCTION INVOLVED,CURVE/LEVEL,ASPHALT,FAILURE TO YIELD RIGHT OF WAY,RIGHT ANGLE,REDHILLRDST RD 46 W,LN CONTROL,2021-05-12 17:39:00,,,
2129,ISP BLOOMINGTON 33,BLOOMINGTON,1,,0.0,0,0,,,,ST RD 446,S KNIGHTRIDGE RD (MID),,0.0,,39.12634,-86.5212,ST RD,,RURAL,N,Y,N,,DAYLIGHT,CLEAR,DRY,,FOUR-WAY INTERSECTION,,ASPHALT,UNSAFE SPEED,RAN OFF RD,StateRd446S.KnightridgeRd.,,2021-05-12 18:00:00,,,
2130,BLOOMINGTON PD,BLOOMINGTON,2,0.0,1.0,0,0,,,,S ROGERS ST,W RALSTON DR,,60.0,S,39.18629,-86.53163,LOCAL/CITY RD,Y,URBAN,N,N,N,,DARK (LIGHTED),CLEAR,DRY,,NO JUNCTION INVOLVED,STRAIGHT/GRADE,,IMPROPER LN USAGE,HEAD ON BETWEEN TWO MOTOR VEHICLES,RALSTONSTSROGERSST,NONE,2021-05-12 21:45:00,,,
2131,BLOOMINGTON PD,BLOOMINGTON,2,0.0,1.0,0,0,,,,W BLOOMFIELD RD,S STONE DR,,300.0,E,39.03491763806058,-86.5086249776244,LOCAL/CITY RD,N,URBAN,N,N,N,,DAYLIGHT,CLOUDY,DRY,,NO JUNCTION INVOLVED,CURVE/GRADE,ASPHALT,LEFT OF CENTER,HEAD ON BETWEEN TWO MOTOR VEHICLES,BLOOMFIELDRDSTONEDR,LN CONTROL,2021-05-11 08:17:00,,,
2132,MONROE SD,BLOOMINGTON,2,0.0,0.0,0,0,,,,S CURRY PK,W INDUSTRIAL BLVD,,,,39.071114868136995,-86.5031995626262,COUNTY RD,N,RURAL,N,N,N,,DAYLIGHT,CLEAR,DRY,,T-INTERSECTION,STRAIGHT/GRADE,ASPHALT,FAILURE TO YIELD RIGHT OF WAY,LEFT TURN,SOUTHCURRYPKWESTINDUSTRIALBLVD,STOP SIGN,2021-05-11 09:45:00,,,
2133,BLOOMINGTON PD,BLOOMINGTON,2,0.0,0.0,0,0,,,,S HENDERSON ST,E WINSLOW RD,,,,39.16134107866994,-86.53872718616682,LOCAL/CITY RD,N,URBAN,N,N,N,,DAYLIGHT,CLOUDY,DRY,,FOUR-WAY INTERSECTION,STRAIGHT/LEVEL,ASPHALT,FOLLOWING TOO CLOSELY,REAR END,EASTWINSLOWRDSOUTHHENDERSONST,TRAFFIC CONTROL SIGNAL,2021-05-11 13:28:00,,,
2134,BLOOMINGTON PD,BLOOMINGTON,1,1.0,0.0,0,0,,,,N MADISON ST,W 15TH ST,,,,39.16416007991274,-86.48126643387113,LOCAL/CITY RD,N,URBAN,N,N,N,,DAYLIGHT,CLEAR,DRY,,T-INTERSECTION,STRAIGHT/LEVEL,ASPHALT,IMPROPER TURNING,RAN OFF RD,NMADISONSTW15THST,STOP SIGN,2021-05-11 16:09:00,,,
2135,BLOOMINGTON PD,BLOOMINGTON,1,1.0,0.0,0,0,,,,N ROGERS ST,W 15TH ST,,,,39.107167339594646,-86.52648039127186,LOCAL/CITY RD,N,URBAN,N,N,N,,DAYLIGHT,CLEAR,DRY,,T-INTERSECTION,STRAIGHT/LEVEL,ASPHALT,IMPROPER TURNING,RAN OFF RD,NROGERSSTW15THST,STOP SIGN,2021-05-11 16:09:00,,,
2136,BLOOMINGTON PD,BLOOMINGTON,1,0.0,0.0,0,0,,,,N FAIRVIEW ST,W 11TH ST,,,,-1.6044827691201924e-05,-4.67296979589536e-05,LOCAL/CITY RD,N,URBAN,N,N,N,,DAYLIGHT,CLEAR,DRY,,T-INTERSECTION,CURVE/GRADE,ASPHALT,STEERING FAILURE,OTHER - EXPLAIN IN NARRATIVE,NORTHFAIRVIEWSTWEST11THST,LN CONTROL,2021-05-10 01:29:00,,,
2137,BLOOMINGTON PD,BLOOMINGTON,2,0.0,0.0,0,0,,,,E MAXWELL LN,S FESS AVE,,,,39.16462608773828,-86.58031052727924,LOCAL/CITY RD,Y,URBAN,N,N,N,,DARK (NOT LIGHTED),CLEAR,DRY,,FOUR-WAY INTERSECTION,STRAIGHT/GRADE,ASPHALT,UNSAFE LN MOVEMENT,SAME DIRECTION SIDESWIPE,FESSAVEMAXWELLLN,NONE,2021-05-10 07:00:00,,,
2138,ELLETTSVILLE PD,ELLETTSVILLE,2,0.0,0.0,0,0,,,,ST RD 46,N MATTHEWS DR (S),,,,39.16761777775555,-86.54844779432972,ST RD,N,URBAN,N,N,N,,DAYLIGHT,CLEAR,DRY,,T-INTERSECTION,STRAIGHT/GRADE,ASPHALT,FAILURE TO YIELD RIGHT OF WAY,RIGHT ANGLE,MATTHEWSDRST RD 46 W,STOP SIGN,2021-05-10 08:39:00,,,
2139,ISP BLOOMINGTON 33,BLOOMINGTON,2,,1.0,0,0,,,,I-69 S,W TAPP RD,,0.0,,39.182131778664896,-86.55690244752262,INTERSTATE,,RURAL,N,N,N,,DAYLIGHT,CLEAR,DRY,,NO JUNCTION INVOLVED,,ASPHALT,DRIVER DISTRACTED - EXPLAIN IN NARRATIVE,REAR END,I-69S70ftnorthof116.5mm,,2021-05-10 08:42:00,,,
2140,INDIANA UNIV BLOOMINGTON PD,BLOOMINGTON,2,0.0,0.0,0,0,,,,E 10TH ST,N SUNRISE DR,,,,39.16134833169289,-86.53872420820007,LOCAL/CITY RD,N,URBAN,N,N,N,,DAYLIGHT,CLEAR,DRY,,FOUR-WAY INTERSECTION,STRAIGHT/GRADE,ASPHALT,FOLLOWING TOO CLOSELY,REAR END,NSUNRISEDRTENTHST,TRAFFIC CONTROL SIGNAL,2021-05-10 15:03:00,,,
2141,BLOOMINGTON PD,BLOOMINGTON,2,0.0,1.0,0,0,,,,ST RD 46,E 3RD ST,,,,39.07433675780759,-86.50584206958908,LOCAL/CITY RD,N,URBAN,N,N,N,,DAYLIGHT,CLEAR,DRY,,FOUR-WAY INTERSECTION,STRAIGHT/LEVEL,ASPHALT,FOLLOWING TOO CLOSELY,REAR END,3RDSTCOLLEGEMALLAVE,TRAFFIC CONTROL SIGNAL,2021-05-10 15:13:00,,,
2142,MONROE SD,BLOOMINGTON,2,1.0,0.0,0,0,,,,ST RD 37,W DILLMAN RD,,300.0,N,39.164519082373054,-86.57304961629214,ST RD,N,RURAL,N,N,Y,LN CLOSURE,DAYLIGHT,CLEAR,DRY,,NO JUNCTION INVOLVED,STRAIGHT/LEVEL,ASPHALT,UNSAFE LN MOVEMENT,SAME DIRECTION SIDESWIPE,N ST RD 37WDILLMANRD,NONE,2021-05-10 16:53:00,,,
2143,MONROE SD,BLOOMINGTON,1,0.0,0.0,0,0,173,,,N WAYPORT RD,E SAMPLE RD,,,,39.16456827604159,-86.57620641608285,LOCAL/CITY RD,N,RURAL,N,N,N,,DAYLIGHT,CLEAR,DRY,,NO JUNCTION INVOLVED,CURVE/LEVEL,CONCRETE,UNSAFE SPEED,RAN OFF RD,ESAMPLERD,NONE,2021-05-10 18:12:00,,,
2144,BLOOMINGTON PD,BLOOMINGTON,1,0.0,0.0,0,0,,,,N ADAMS ST,INDIANA RAILRD BRIDGE,,100.0,N,39.227600123778934,-86.61593979006969,LOCAL/CITY RD,N,URBAN,N,N,N,,DAWN/DUSK,CLOUDY,DRY,,NO JUNCTION INVOLVED,STRAIGHT/LEVEL,ASPHALT,OTHER (DRIVER) - EXPLAIN IN NARRATIVE,OTHER - EXPLAIN IN NARRATIVE,7THSTNADAMSST,NONE,2021-05-10 18:22:00,,,
2145,BLOOMINGTON PD,BLOOMINGTON,2,0.0,1.0,0,0,,,,W COUNTRY CLUB DR,ENTRANCE TO WALNUT PARK SHOPPINIG CENTER,,300.0,W,39.3759642,-86.4766265,COUNTY RD,N,URBAN,N,N,N,,DARK (LIGHTED),CLEAR,DRY,,FOUR-WAY INTERSECTION,STRAIGHT/GRADE,ASPHALT,FAILURE TO YIELD RIGHT OF WAY,RIGHT ANGLE,SWALNUTSTWCOUNTRYCLUBRD,OTHER REGULATORY SIGN/MARKING,2021-05-10 21:15:00,,,
2146,MONROE SD,BLOOMINGTON,1,0.0,0.0,0,0,,123,S,I-69 S,N ST RD 37,,,,39.14694694152268,-86.53890212603795,INTERSTATE,N,RURAL,N,N,N,,DAYLIGHT,CLOUDY,WET,,RAMP,CURVE/GRADE,ASPHALT,SPEED TOO FAST FOR WEATHER CONDITIONS,RAN OFF RD,I-69S,NONE,2021-05-09 13:50:00,,,
2147,ISP BLOOMINGTON 33,BLOOMINGTON,1,,0.0,0,0,,,,I-69 N,,,0.0,,39.13652855262596,-86.55442853353357,INTERSTATE,,RURAL,N,N,N,,DARK (NOT LIGHTED),CLEAR,DRY,,NO JUNCTION INVOLVED,,ASPHALT,DRIVER DISTRACTED - EXPLAIN IN NARRATIVE,RAN OFF RD,I-69105,,2021-05-09 18:30:00,,,
2148,ELLETTSVILLE PD,ELLETTSVILLE,2,0.0,0.0,0,0,,,,S 3RD ST,W ASSOCIATION ST,,,,39.16093,-86.4977,LOCAL/CITY RD,N,URBAN,N,N,N,,DAYLIGHT,CLEAR,DRY,,NO JUNCTION INVOLVED,STRAIGHT/LEVEL,ASPHALT,FAILURE TO YIELD RIGHT OF WAY,OTHER - EXPLAIN IN NARRATIVE,ASSOCIATIONST3RDST,STOP SIGN,2021-05-07 07:55:00,,,
2149,BLOOMINGTON PD,BLOOMINGTON,2,0.0,0.0,0,0,,,,S COLLEGE AVE,W 3RD ST,,,,39.16423992494963,-86.50713470689026,LOCAL/CITY RD,N,URBAN,N,N,N,,DAYLIGHT,CLEAR,DRY,,NO JUNCTION INVOLVED,STRAIGHT/LEVEL,ASPHALT,DISREGARD SIGNAL/REG SIGN,RIGHT ANGLE,SCOLLEGEAVEW 3RDST,TRAFFIC CONTROL SIGNAL,2021-05-07 08:01:00,,,
2150,BLOOMINGTON PD,BLOOMINGTON,2,0.0,0.0,0,0,,,,S SARE RD,E ROGERS ST,,,,39.15051700837638,-86.52696503231611,LOCAL/CITY RD,N,URBAN,N,N,N,,DAYLIGHT,CLEAR,DRY,,TRAFFIC CIRCLE/ROUNDABOUT,CURVE/LEVEL,ASPHALT,FAILURE TO YIELD RIGHT OF WAY,RIGHT ANGLE,ROGERSRDSARERD,ROUNDABOUT INTERSECTION,2021-05-07 08:35:00,,,
2151,BLOOMINGTON PD,BLOOMINGTON,2,0.0,1.0,0,0,,,,W 3RD ST,S KIMBLE DR,,50.0,W,39.12340962289847,-86.4977012474198,LOCAL/CITY RD,N,URBAN,N,N,N,,DAYLIGHT,CLOUDY,DRY,,NO JUNCTION INVOLVED,STRAIGHT/GRADE,ASPHALT,FOLLOWING TOO CLOSELY,REAR END,SKIMBLEDRW 3RDST,LN CONTROL,2021-05-07 12:12:00,,,
2152,ISP BLOOMINGTON 33,BLOOMINGTON,2,,0.0,0,0,,,,ST RD 45/46,N COLLEGE AVE,,100.0,,39.186253425040356,-86.52845130198972,ST RD,,URBAN,N,N,N,,DAYLIGHT,CLOUDY,DRY,,NO JUNCTION INVOLVED,,ASPHALT,FAILURE TO YIELD RIGHT OF WAY,REAR END,ST RD 45100FtwestofCollegeAve,,2021-05-07 13:10:00,,,
2153,BLOOMINGTON PD,BLOOMINGTON,2,0.0,0.0,0,0,,,,N GRANT ST,E 10TH ST,,,,39.136798921831634,-86.58262664298152,,Y,URBAN,N,N,N,,UNKNOWN,CLEAR,DRY,,NO JUNCTION INVOLVED,STRAIGHT/LEVEL,ASPHALT,IMPROPER LN USAGE,SAME DIRECTION SIDESWIPE,E 10THSTNGRANTST,NONE,2021-05-07 13:30:00,,,
2154,BLOOMINGTON PD,BLOOMINGTON,2,0.0,0.0,0,0,,,,E HILLSIDE DR,S HUNTINGTON DR,,40.0,E,39.21283025185552,-86.5886508596416,LOCAL/CITY RD,N,URBAN,N,N,N,,DAYLIGHT,CLOUDY,WET,,T-INTERSECTION,STRAIGHT/LEVEL,ASPHALT,FOLLOWING TOO CLOSELY,REAR END,EASTHILLSIDEDRSOUTHHUNTINGTONST,NONE,2021-05-07 16:55:00,,,
2155,BLOOMINGTON PD,BLOOMINGTON,2,1.0,0.0,0,0,,,,S GRANT ST,E 3RD ST,,50.0,N,39.144156025686144,-86.46691693386634,LOCAL/CITY RD,N,URBAN,N,N,N,,DAYLIGHT,CLEAR,DRY,,NO JUNCTION INVOLVED,STRAIGHT/GRADE,ASPHALT,IMPROPER PASSING,OTHER - EXPLAIN IN NARRATIVE,E 3RDSTSGRANTST,NONE,2021-05-07 16:59:00,,,
2156,MONROE SD,BLOOMINGTON,2,0.0,1.0,0,0,,,,S WALNUT ST,W DILLMAN RD,,,,39.138336938194854,-86.53852734398694,ST RD,N,URBAN,N,N,N,,DAYLIGHT,CLEAR,DRY,,FOUR-WAY INTERSECTION,CURVE/HILLCREST,ASPHALT,FAILURE TO YIELD RIGHT OF WAY,RIGHT ANGLE,DILLMANRDS ST RD 37,STOP SIGN,2021-05-07 17:30:00,,,
2157,MONROE SD,BLOOMINGTON,1,0.0,0.0,0,0,,,,I-69 N,,,100.0,S,39.150832537326,-86.56795297849918,INTERSTATE,N,RURAL,N,N,N,,DARK (NOT LIGHTED),CLEAR,DRY,,NO JUNCTION INVOLVED,STRAIGHT/HILLCREST,CONCRETE,ANIMAL/OBJECT IN RDWAY,COLLISION WITH ANIMAL OTHER,I-69 N110.5,NONE,2021-05-07 22:38:00,,,
2158,BLOOMINGTON PD,BLOOMINGTON,2,0.0,0.0,0,0,,,,S SARE RD,E CREEKS EDGE DR,,100.0,S,39.14393,-86.58261,LOCAL/CITY RD,N,URBAN,N,N,N,,DARK (NOT LIGHTED),CLEAR,DRY,,T-INTERSECTION,STRAIGHT/LEVEL,ASPHALT,OTHER (ENVIRONMENTAL) - EXPLAIN IN NARR,REAR END,ECREEKSEDGEDRSSARERD,NONE,2021-05-07 23:28:00,,,
2159,ELLETTSVILLE PD,ELLETTSVILLE,2,0.0,0.0,0,0,,,,ST RD 46,,,400.0,E,39.136003638335644,-86.52688220270586,ST RD,N,RURAL,N,N,N,,DAYLIGHT,CLEAR,DRY,,NO JUNCTION INVOLVED,STRAIGHT/LEVEL,ASPHALT,IMPROPER PASSING,SAME DIRECTION SIDESWIPE,ST RD 46 WSTINESVILLERD,LN CONTROL,2021-05-06 10:55:00,,,
2160,BLOOMINGTON PD,BLOOMINGTON,2,0.0,0.0,0,0,,,,W 17TH ST,N COLLEGE AVE,,,,39.17658965094667,-86.5377478700958,LOCAL/CITY RD,N,URBAN,N,N,N,,DAYLIGHT,CLEAR,DRY,,FOUR-WAY INTERSECTION,STRAIGHT/LEVEL,ASPHALT,IMPROPER LN USAGE,SAME DIRECTION SIDESWIPE,EAST17THSTNORTHCOLLEGEAVE,TRAFFIC CONTROL SIGNAL,2021-05-06 12:47:00,,,
2161,MONROE SD,BLOOMINGTON,2,1.0,0.0,0,0,,,,N HARTSTRAIT RD,,,1000.0,N,39.17658120422149,-86.53850664071003,LOCAL/CITY RD,N,RURAL,N,N,N,,DAYLIGHT,CLOUDY,DRY,,NO JUNCTION INVOLVED,STRAIGHT/HILLCREST,ASPHALT,UNSAFE SPEED,REAR END,NHARTSTRAITRDNWELLNESSWAY,NONE,2021-05-06 14:58:00,,,
2162,INDIANA UNIV BLOOMINGTON PD,BLOOMINGTON,2,0.0,0.0,0,0,,,,ST RD 45/46,E 17TH ST,,,,39.17657993889343,-86.5377557997435,ST RD,Y,URBAN,N,N,N,,DAYLIGHT,CLEAR,DRY,,T-INTERSECTION,STRAIGHT/LEVEL,ASPHALT,FOLLOWING TOO CLOSELY,REAR END,EAST17THSTST RD 46,TRAFFIC CONTROL SIGNAL,2021-05-06 15:20:00,,,
2163,INDIANA UNIV BLOOMINGTON PD,BLOOMINGTON,2,0.0,0.0,0,0,,,,ST RD 45/46,E DISCOVERY PKWY,,,,39.176590983061196,-86.53852238886394,ST RD,N,URBAN,N,N,N,,DAYLIGHT,CLEAR,DRY,,NO JUNCTION INVOLVED,STRAIGHT/LEVEL,ASPHALT,FOLLOWING TOO CLOSELY,REAR END,DISCOVERYPKWYST RD 4546S,LN CONTROL,2021-05-06 17:48:00,,,
2164,INDIANA UNIV BLOOMINGTON PD,BLOOMINGTON,2,0.0,0.0,0,0,,,,ST RD 45/46,E DISCOVERY PKWY,,100.0,S,39.17301956974343,-86.54085442525684,LOCAL/CITY RD,N,URBAN,N,N,N,,DAYLIGHT,CLOUDY,DRY,,NO JUNCTION INVOLVED,STRAIGHT/LEVEL,ASPHALT,FOLLOWING TOO CLOSELY,REAR END,DISCOVERYPKWYST RD 46BYP,NONE,2021-05-06 17:53:00,,,
2165,INDIANA UNIV BLOOMINGTON PD,BLOOMINGTON,2,0.0,0.0,0,0,,,,S SWAIN AVE,E 3RD ST,,,,39.15780458647322,-86.5259805489068,LOCAL/CITY RD,N,URBAN,N,N,N,,DAYLIGHT,RAIN,WET,,T-INTERSECTION,STRAIGHT/LEVEL,ASPHALT,IMPROPER TURNING,LEFT TURN,SWAINAVE 3RDST,LN CONTROL,2021-05-06 19:14:00,,,
2166,MONROE SD,BLOOMINGTON,2,0.0,0.0,0,0,,,,N LINTEL DR,N CURRY PK,,,,39.234832227752115,-86.62633005793,LOCAL/CITY RD,N,RURAL,N,N,N,,DAYLIGHT,CLEAR,DRY,,T-INTERSECTION,STRAIGHT/LEVEL,ASPHALT,IMPROPER TURNING,HEAD ON BETWEEN TWO MOTOR VEHICLES,NCURRYPKNLINTELDR,NONE,2021-05-05 01:45:00,,,
2167,INDIANA UNIV BLOOMINGTON PD,BLOOMINGTON,1,0.0,1.0,0,0,200,,,UNIVERSITY AVE,,,,,39.136801830302424,-86.57321963069249,LOCAL/CITY RD,N,URBAN,N,N,N,,DARK (LIGHTED),RAIN,WET,,NO JUNCTION INVOLVED,CURVE/LEVEL,ASPHALT,UNSAFE SPEED,NON-COLLISION,SEAGLESON AVEAVE,NONE,2021-05-05 03:10:00,,,
2168,ELLETTSVILLE PD,ELLETTSVILLE,2,0.0,0.0,0,0,,,,ST RD 46,N HARTSTRAIT RD,,,,39.17155903308987,-86.51251525312149,ST RD,N,URBAN,N,N,N,,DAYLIGHT,CLEAR,DRY,,FOUR-WAY INTERSECTION,STRAIGHT/LEVEL,ASPHALT,FOLLOWING TOO CLOSELY,REAR END,HARTSTRAIGHTRDST RD 46 W,TRAFFIC CONTROL SIGNAL,2021-05-05 04:50:00,,,
2169,BLOOMINGTON PD,BLOOMINGTON,2,0.0,0.0,0,0,,,,S WALNUT ST,E GRIMES LN,,,,39.16432690004318,-86.47208315539193,LOCAL/CITY RD,N,URBAN,N,N,N,,DAYLIGHT,CLEAR,DRY,,FOUR-WAY INTERSECTION,STRAIGHT/LEVEL,ASPHALT,OTHER (DRIVER) - EXPLAIN IN NARRATIVE,REAR END,EGRIMESLNSWALNUTST,TRAFFIC CONTROL SIGNAL,2021-05-05 08:27:00,,,
2170,ISP BLOOMINGTON 33,BLOOMINGTON,2,,0.0,0,0,,,,ST RD 45/46,N WALNUT ST,,0.0,,39.092911709474045,-86.54606870342886,ST RD,,URBAN,N,N,N,,DAYLIGHT,CLEAR,DRY,,FOUR-WAY INTERSECTION,,ASPHALT,DISREGARD SIGNAL/REG SIGN,RIGHT ANGLE,ST RD 45/ST RD 46BypassNWalnutSt,,2021-05-05 08:39:00,,,