_id,Agency,City,Vehicles Involved,Trailers Involved,Number Injured,Number Dead,Number Deer,House Number,Roadway Interchange,Roadway Ramp,Roadway Id,Intersecting Road,Interchange,Feet From,Direction,Latitude,Longitude,Roadway Class,Hit and Run?,Locality,School Zone?,Rumble Strips?,Construction?,Construction Type,Light Condition,Weather Conditions,Surface Condition,Type of Median,Roadway Junction Type,Road Character,Roadway Surface,Primary Factor,Manner of Collision,Unique Location Id,Traffic Control,DateTime,Address Number,Cyclist Involved,Pedestrian Involved
2171,ISP BLOOMINGTON 33,BLOOMINGTON,2,,0.0,0,0,4638,,,ST RD 45,N PRAIRIE GREEN CT,,0.0,,39.26549,-86.51981,ST RD,,RURAL,N,N,N,,DAYLIGHT,CLEAR,DRY,,T-INTERSECTION,,ASPHALT,FOLLOWING TOO CLOSELY,REAR END,StateRd45NPrairieGreenCt,,2021-05-05 12:55:00,,,
2172,BLOOMINGTON PD,BLOOMINGTON,2,0.0,0.0,0,0,,,,W 14TH ST,N COLLEGE AVE,,,,39.168639897540736,-86.54969476589456,LOCAL/CITY RD,N,URBAN,N,N,N,,DAYLIGHT,CLEAR,DRY,,FOUR-WAY INTERSECTION,STRAIGHT/GRADE,ASPHALT,FAILURE TO YIELD RIGHT OF WAY,RIGHT ANGLE,NORTHCOLLEGEAVEWEST14THST,STOP SIGN,2021-05-05 15:25:00,,,
2173,MONROE SD,BLOOMINGTON,2,0.0,0.0,0,0,,,,ST RD 45,W AIRPORT RD,,150.0,E,39.13592915533576,-86.531144421628,ST RD,N,RURAL,N,N,N,,DAYLIGHT,CLEAR,DRY,,T-INTERSECTION,STRAIGHT/LEVEL,ASPHALT,FOLLOWING TOO CLOSELY,REAR END,ST RD 45 WWAIRPORTRD,TRAFFIC CONTROL SIGNAL,2021-05-05 15:51:00,,,
2174,BLOOMINGTON PD,BLOOMINGTON,2,0.0,2.0,0,0,,,,N ADAMS ST,W KIRKWOOD AVE,,,,39.33871847890821,-86.50945084740582,LOCAL/CITY RD,N,URBAN,N,N,N,,DAYLIGHT,CLEAR,DRY,,FOUR-WAY INTERSECTION,STRAIGHT/GRADE,ASPHALT,FAILURE TO YIELD RIGHT OF WAY,LEFT/RIGHT TURN,NORTHADAMSSTWESTKIRKWOODAVE,TRAFFIC CONTROL SIGNAL,2021-05-05 16:59:00,,,
2175,ELLETTSVILLE PD,ELLETTSVILLE,2,0.0,1.0,0,0,,,,ST RD 46,N DEER PARK DR,,,,39.050818966922556,-86.68007682832182,ST RD,N,URBAN,N,N,N,,DAYLIGHT,CLEAR,DRY,,T-INTERSECTION,STRAIGHT/LEVEL,ASPHALT,FAILURE TO YIELD RIGHT OF WAY,LEFT TURN,DEERPARKDRST RD 46 W,LN CONTROL,2021-05-05 17:18:00,,,
2176,MONROE SD,BLOOMINGTON,2,0.0,0.0,0,0,,,,ST RD 48,,,500.0,W,39.23187990534768,-86.62380929138826,ST RD,N,RURAL,N,N,N,,DAYLIGHT,CLOUDY,DRY,,NO JUNCTION INVOLVED,CURVE/LEVEL,ASPHALT,IMPROPER LN USAGE,SAME DIRECTION SIDESWIPE,ST RD 48WVERNALPK,NONE,2021-05-05 18:07:00,,,
2177,MONROE SD,BLOOMINGTON,1,0.0,0.0,0,0,,,,ST RD 45,S ISON RD,,,,39.16463,-86.53489,ST RD,N,RURAL,N,N,N,,DAWN/DUSK,CLEAR,DRY,,T-INTERSECTION,STRAIGHT/GRADE,ASPHALT,RAN OFF RD RIGHT,RAN OFF RD,ISONRDST RD 45 W,NONE,2021-05-05 20:04:00,,,
2178,INDIANA UNIV BLOOMINGTON PD,BLOOMINGTON,2,0.0,0.0,0,0,,,,N UNION ST,E 10TH ST,,,,39.13572934469544,-86.4966815373668,LOCAL/CITY RD,Y,URBAN,N,N,N,,DARK (NOT LIGHTED),CLEAR,DRY,,FOUR-WAY INTERSECTION,STRAIGHT/LEVEL,ASPHALT,LEFT OF CENTER,HEAD ON BETWEEN TWO MOTOR VEHICLES,TENTHSTUNIONST,TRAFFIC CONTROL SIGNAL,2021-05-05 23:43:00,,,
2179,BLOOMINGTON PD,BLOOMINGTON,2,0.0,1.0,0,0,,,,S WALNUT ST,E MILLER DR,,,,39.16449543105284,-86.56801738627341,LOCAL/CITY RD,N,URBAN,N,N,N,,DAYLIGHT,CLOUDY,DRY,,T-INTERSECTION,STRAIGHT/LEVEL,ASPHALT,FAILURE TO YIELD RIGHT OF WAY,RIGHT ANGLE,EASTMILLERDRSOUTHWALNUTST,TRAFFIC CONTROL SIGNAL,2021-05-04 10:35:00,,,
2180,MONROE SD,ELLETTSVILLE,2,0.0,1.0,0,0,,,,ST RD 46,N CENTENNIAL DR,,,,39.18620304256205,-86.5345600787697,ST RD,N,URBAN,N,N,N,,DAYLIGHT,CLOUDY,WET,,FOUR-WAY INTERSECTION,STRAIGHT/GRADE,ASPHALT,SPEED TOO FAST FOR WEATHER CONDITIONS,REAR END,NCENTENNIALDRST RD 46 W,TRAFFIC CONTROL SIGNAL,2021-05-04 10:55:00,,,
2181,BLOOMINGTON PD,BLOOMINGTON,2,0.0,0.0,0,0,,,,ST RD 45/46,N KINSER PK,,,,39.17164514538543,-86.52976698411157,ST RD,N,URBAN,N,N,N,,DAYLIGHT,RAIN,WET,,FOUR-WAY INTERSECTION,STRAIGHT/LEVEL,ASPHALT,FAILURE TO YIELD RIGHT OF WAY,RIGHT ANGLE,NKINSERPKST RD 45 W,TRAFFIC CONTROL SIGNAL,2021-05-04 14:40:00,,,
2182,BLOOMINGTON PD,BLOOMINGTON,2,0.0,0.0,0,0,,,,S HENDERSON ST,E MAXWELL LN,,,,39.15055,-86.52081,LOCAL/CITY RD,N,URBAN,N,N,N,,DAYLIGHT,RAIN,WET,,T-INTERSECTION,CURVE/GRADE,ASPHALT,UNSAFE BACKING,BACKING CRASH,EMAXWELLLNHENDERSONST,STOP SIGN,2021-05-04 16:39:00,,,
2183,MONROE SD,BLOOMINGTON,1,0.0,0.0,0,0,,,,S FAIRFAX RD,E SCHACHT RD,,,,39.16455155820464,-86.52985710367798,LOCAL/CITY RD,N,RURAL,N,N,N,,DAYLIGHT,CLOUDY,WET,,T-INTERSECTION,CURVE/GRADE,ASPHALT,SPEED TOO FAST FOR WEATHER CONDITIONS,RAN OFF RD,ESCHACHTRDSFAIRFAXRD,NONE,2021-05-04 18:24:00,,,
2184,MONROE SD,BLOOMINGTON,1,1.0,0.0,0,0,,,,N OARD,,,5500.0,N,39.09291093616294,-86.55329660975133,LOCAL/CITY RD,N,RURAL,N,N,N,,DAYLIGHT,CLOUDY,DRY,,NO JUNCTION INVOLVED,STRAIGHT/LEVEL,ASPHALT,RAN OFF RD RIGHT,RAN OFF RD,NOARDRDWVERNALPK,NONE,2021-05-04 19:38:00,,,
2185,ISP BLOOMINGTON 33,BLOOMINGTON,2,,0.0,0,0,,,,N WALNUT ST,ST RD 45/46,,375.0,N,-4.550209309137558e-05,-6.327530930444461e-06,LOCAL/CITY RD,,URBAN,N,N,N,,DARK (NOT LIGHTED),RAIN,WET,,NO JUNCTION INVOLVED,,ASPHALT,SPEED TOO FAST FOR WEATHER CONDITIONS,OPPOSITE DIRECTION SIDESWIPE,NWalnutSt375ftN/ST RD 45/ST RD 46Bypass,,2021-05-04 23:50:00,,,
2186,ELLETTSVILLE PD,ELLETTSVILLE,2,0.0,0.0,0,0,,,,N SALE ST (N),ST RD 46,,,,39.1282085529454,-86.50338102889096,LOCAL/CITY RD,N,URBAN,N,N,N,,DAYLIGHT,RAIN,WET,,NO JUNCTION INVOLVED,STRAIGHT/GRADE,ASPHALT,FOLLOWING TOO CLOSELY,REAR END,SALESTSTATERD46RD,TRAFFIC CONTROL SIGNAL,2021-05-03 08:37:00,,,
2187,BLOOMINGTON PD,BLOOMINGTON,3,0.0,0.0,0,0,,,,E 3RD ST,S ROOSEVELT ST,,75.0,E,39.266772727526565,-86.66579780310585,LOCAL/CITY RD,N,URBAN,N,N,N,,DAYLIGHT,CLOUDY,DRY,,NO JUNCTION INVOLVED,STRAIGHT/GRADE,ASPHALT,FOLLOWING TOO CLOSELY,REAR END,EAST3RDSTSOUTHROOSEVELTST,LN CONTROL,2021-05-03 12:21:00,,,
2188,BLOOMINGTON PD,BLOOMINGTON,2,0.0,0.0,0,0,,Y,,I-69 N,W 3RD ST,,,,39.17900538147904,-86.53471197051884,INTERSTATE,N,URBAN,N,Y,N,,DAYLIGHT,CLOUDY,WET,,RAMP,CURVE/GRADE,ASPHALT,IMPROPER LN USAGE,REAR END,E 3RDSTI-69 N,YIELD SIGN,2021-05-03 13:10:00,,,
2189,BLOOMINGTON PD,BLOOMINGTON,2,0.0,4.0,0,0,3103,,,E STRATUM WAY,,,,,39.33251227919489,-86.61642081322002,LOCAL/CITY RD,N,URBAN,N,N,N,,DAYLIGHT,CLOUDY,DRY,,NO JUNCTION INVOLVED,CURVE/LEVEL,ASPHALT,UNSAFE SPEED,RIGHT ANGLE,EASTSTRATUMWAY,LN CONTROL,2021-05-03 13:16:00,,,
2190,INDIANA UNIV BLOOMINGTON PD,BLOOMINGTON,2,0.0,0.0,0,0,,,,ST RD 45/46,E DISCOVERY PKWY,,,,39.17966439348576,-86.50730168086747,ST RD,N,URBAN,N,N,N,,DAYLIGHT,CLOUDY,DRY,,T-INTERSECTION,STRAIGHT/LEVEL,ASPHALT,FOLLOWING TOO CLOSELY,REAR END,DISCOVERYPKWYST RD 46 W,TRAFFIC CONTROL SIGNAL,2021-05-03 14:15:00,,,
2191,BLOOMINGTON PD,BLOOMINGTON,3,0.0,2.0,0,0,,,,ST RD 45,S LIBERTY DR,,200.0,E,39.17146763155924,-86.49538624925792,LOCAL/CITY RD,N,URBAN,N,N,N,,DAYLIGHT,CLOUDY,DRY,,NO JUNCTION INVOLVED,STRAIGHT/LEVEL,ASPHALT,RAN OFF RD RIGHT,RAN OFF RD,SLIBERTYDRWSTATERD45HWY,LN CONTROL,2021-05-03 15:33:00,,,
2192,BLOOMINGTON PD,BLOOMINGTON,2,0.0,1.0,0,0,,,,W BLOOMFIELD RD,I-69 N,,,,39.17144409508471,-86.49537247155514,LOCAL/CITY RD,N,URBAN,N,N,N,,DAYLIGHT,CLOUDY,DRY,,FOUR-WAY INTERSECTION,STRAIGHT/LEVEL,ASPHALT,FOLLOWING TOO CLOSELY,REAR END,INTERSTATE69NBHWYWBLOOMFIELDRD,TRAFFIC CONTROL SIGNAL,2021-05-03 16:25:00,,,
2193,BLOOMINGTON PD,BLOOMINGTON,2,0.0,0.0,0,0,,,,RIDGE RD,N LONGFELLOW RD,,50.0,W,39.16425,-86.51526,LOCAL/CITY RD,Y,URBAN,N,N,N,,DARK (NOT LIGHTED),CLEAR,DRY,,T-INTERSECTION,STRAIGHT/GRADE,ASPHALT,DRIVER DISTRACTED - EXPLAIN IN NARRATIVE,SAME DIRECTION SIDESWIPE,1600NWILLISDRLOT11DRNLONGFELLOWDR,NONE,2021-05-02 06:40:00,,,
2194,ISP BLOOMINGTON 33,BLOOMINGTON,2,,0.0,0,0,9611,,,ST RD 46,,,0.0,,39.19265141696566,-86.57561517001254,ST RD,,RURAL,N,N,N,,DAYLIGHT,CLEAR,DRY,,NO JUNCTION INVOLVED,,ASPHALT,FAILURE TO YIELD RIGHT OF WAY,REAR END,StateRd462000FteastofSewellRd,,2021-05-02 13:00:00,,,
2195,MONROE SD,BLOOMINGTON,1,0.0,0.0,0,0,,,,ST RD 45,,,3000.0,W,,,ST RD,N,RURAL,N,N,N,,DAYLIGHT,CLOUDY,DRY,,NO JUNCTION INVOLVED,CURVE/HILLCREST,CONCRETE,RAN OFF RD RIGHT,RAN OFF RD,NRICHARDSONRDST RD 45E,NONE,2021-05-02 14:38:00,,,
2196,MONROE SD,BLOOMINGTON,1,0.0,0.0,0,1,,,,I-69 N,,,10.0,N,39.22764103669838,-86.61597606220467,INTERSTATE,N,RURAL,N,N,N,,DAYLIGHT,CLEAR,DRY,,NO JUNCTION INVOLVED,STRAIGHT/LEVEL,ASPHALT,ANIMAL/OBJECT IN RDWAY,COLLISION WITH DEER,I-69 N108.5,NONE,2021-05-02 15:34:00,,,
2197,BLOOMINGTON PD,BLOOMINGTON,1,0.0,2.0,0,0,1500,,,S WALNUT ST,W HILLSIDE DR,,,,39.15331683977111,-86.53373096509644,LOCAL/CITY RD,N,URBAN,N,N,N,,DAYLIGHT,CLOUDY,DRY,,FOUR-WAY INTERSECTION,CURVE/LEVEL,ASPHALT,RAN OFF RD RIGHT,RAN OFF RD,SWALNUTST,TRAFFIC CONTROL SIGNAL,2021-05-02 16:40:00,,,
2198,BLOOMINGTON PD,BLOOMINGTON,2,0.0,0.0,0,0,,,,S COLLEGE AVE,W 2ND ST,,,,39.18620209609427,-86.53454548850003,LOCAL/CITY RD,N,URBAN,N,N,N,,DARK (LIGHTED),RAIN,WET,,FOUR-WAY INTERSECTION,STRAIGHT/GRADE,ASPHALT,DRIVER DISTRACTED - EXPLAIN IN NARRATIVE,REAR END,2NDSTCOLLEGEAVE,TRAFFIC CONTROL SIGNAL,2021-05-02 22:21:00,,,
2199,MONROE SD,BLOOMINGTON,2,0.0,0.0,0,0,,,,E MOFFETT LN,S FAIRFAX RD,,,,39.17912019885565,-86.47444124815222,LOCAL/CITY RD,N,RURAL,N,N,N,,DARK (NOT LIGHTED),CLOUDY,WET,,T-INTERSECTION,STRAIGHT/GRADE,ASPHALT,FAILURE TO YIELD RIGHT OF WAY,RIGHT ANGLE,EMOFFETTLNSFAIRFAXRD,STOP SIGN,2021-05-02 22:30:00,,,
2200,BLOOMINGTON PD,BLOOMINGTON,2,0.0,0.0,0,0,,,,S WALNUT ST,E VERMILYA AVE,,,,39.175940841982005,-86.53477018814493,LOCAL/CITY RD,Y,URBAN,N,N,N,,DARK (LIGHTED),CLEAR,WET,,NO JUNCTION INVOLVED,STRAIGHT/GRADE,ASPHALT,UNSAFE LN MOVEMENT,SAME DIRECTION SIDESWIPE,EVERMILYAAVESWALNUTST,NONE,2021-05-02 23:30:00,,,
2201,BLOOMINGTON PD,BLOOMINGTON,2,0.0,0.0,0,0,,,,W 3RD ST,I-69,,100.0,W,39.136372281520934,-86.59443939399557,LOCAL/CITY RD,N,URBAN,N,N,N,,DAYLIGHT,CLEAR,DRY,,NO JUNCTION INVOLVED,STRAIGHT/LEVEL,ASPHALT,DRIVER DISTRACTED - EXPLAIN IN NARRATIVE,REAR END,3RDSTI-69RAMP,LN CONTROL,2021-05-01 00:47:00,,,
2202,BLOOMINGTON PD,BLOOMINGTON,2,0.0,0.0,0,0,,,,S CURRY PK,ST RD 48,,,,39.16668432244205,-86.54967188427848,LOCAL/CITY RD,N,URBAN,N,N,N,,DAYLIGHT,CLEAR,DRY,,FOUR-WAY INTERSECTION,STRAIGHT/LEVEL,ASPHALT,FOLLOWING TOO CLOSELY,REAR END,3RDSTCURRYPK,TRAFFIC CONTROL SIGNAL,2021-05-01 12:27:00,,,
2203,INDIANA UNIV BLOOMINGTON PD,BLOOMINGTON,2,0.0,1.0,0,0,,,,ST RD 45/46,E 17TH ST,,,,39.212091632510855,-86.58722049005281,ST RD,N,URBAN,N,N,N,,DAYLIGHT,CLEAR,DRY,,FOUR-WAY INTERSECTION,STRAIGHT/LEVEL,ASPHALT,FAILURE TO YIELD RIGHT OF WAY,RIGHT ANGLE,EAST17THSTST RD 46,TRAFFIC CONTROL SIGNAL,2021-05-01 14:25:00,,,
2204,INDIANA UNIV BLOOMINGTON PD,BLOOMINGTON,2,0.0,0.0,0,0,,,,ST RD 45/46,E 17TH ST,,,,-1.8050449166517245e-06,-7.446485785358367e-06,ST RD,N,URBAN,N,N,N,,DAYLIGHT,CLEAR,DRY,,T-INTERSECTION,STRAIGHT/LEVEL,ASPHALT,FOLLOWING TOO CLOSELY,REAR END,EAST17THSTST RD 46,NONE,2021-05-01 16:20:00,,,
2205,INDIANA UNIV BLOOMINGTON PD,BLOOMINGTON,2,0.0,0.0,0,0,,,,S SWAIN AVE,E 3RD ST,,,,39.127835029909015,-86.60655911369898,LOCAL/CITY RD,N,URBAN,N,N,N,,DAYLIGHT,CLEAR,DRY,,T-INTERSECTION,STRAIGHT/LEVEL,ASPHALT,IMPROPER TURNING,LEFT TURN,SWAINAVE 3RDST,LN CONTROL,2021-05-01 19:12:00,,,
2206,BLOOMINGTON PD,BLOOMINGTON,2,0.0,1.0,0,0,,,,S WALNUT ST,ENTRANCE TO WAGON WHEEL/BIG RED LIQUORS,,100.0,S,39.17157,-86.50945,LOCAL/CITY RD,N,URBAN,N,N,N,,DARK (LIGHTED),CLEAR,DRY,,T-INTERSECTION,STRAIGHT/LEVEL,ASPHALT,UNSAFE LN MOVEMENT,RIGHT ANGLE,EMILLERDRSWALNUTST,NONE,2021-05-01 20:56:00,,,
2207,BLOOMINGTON PD,BLOOMINGTON,1,0.0,1.0,0,0,,,,E 2ND ST,S WALNUT ST,,45.0,E,39.14685729360354,-86.53268385786987,LOCAL/CITY RD,N,URBAN,N,N,N,,DAYLIGHT,CLEAR,DRY,,FOUR-WAY INTERSECTION,STRAIGHT/GRADE,ASPHALT,FAILURE TO YIELD RIGHT OF WAY,HEAD ON BETWEEN TWO MOTOR VEHICLES,E 2NDSTSWALNUTST,NONE,2021-04-30 08:48:00,,True,
2208,BLOOMINGTON PD,BLOOMINGTON,2,0.0,0.0,0,0,,,,S COLLEGE MALL RD,E 2ND ST,,,,39.20992698157914,-86.58272802613213,LOCAL/CITY RD,N,URBAN,N,N,N,,DAYLIGHT,CLEAR,DRY,,FOUR-WAY INTERSECTION,STRAIGHT/LEVEL,ASPHALT,FAILURE TO YIELD RIGHT OF WAY,RIGHT ANGLE,E 2NDSTSCOLLEGEMALLRD,TRAFFIC CONTROL SIGNAL,2021-04-30 12:43:00,,,
2209,BLOOMINGTON PD,BLOOMINGTON,2,0.0,0.0,0,0,,,,ST RD 46,S PETE LLIS DR,,,,39.18637096129538,-86.5377525755817,LOCAL/CITY RD,N,URBAN,N,N,N,,DAYLIGHT,CLEAR,DRY,,FOUR-WAY INTERSECTION,STRAIGHT/LEVEL,ASPHALT,FOLLOWING TOO CLOSELY,REAR END,E 3RDSTSPETEELLISDR,NONE,2021-04-30 12:50:00,,,
2210,BLOOMINGTON PD,BLOOMINGTON,1,0.0,0.0,0,1,,,,W TAPP RD,S DEBORAH DR,,,,39.15785,-86.52708,LOCAL/CITY RD,N,URBAN,N,N,N,,DAYLIGHT,CLEAR,DRY,,FOUR-WAY INTERSECTION,STRAIGHT/LEVEL,ASPHALT,ANIMAL/OBJECT IN RDWAY,COLLISION WITH DEER,DEBORAHDRTAPPRD,LN CONTROL,2021-04-30 14:12:00,,,
2211,MONROE SD,BLOOMINGTON,2,0.0,1.0,0,0,,,,E RHORER RD,S GRAN HAVEN DR,,,,39.10689,-86.52379,LOCAL/CITY RD,N,URBAN,N,N,N,,DAYLIGHT,CLEAR,DRY,,NO JUNCTION INVOLVED,STRAIGHT/LEVEL,ASPHALT,FOLLOWING TOO CLOSELY,REAR END,ERHORERRDSGRANHAVENDR,NONE,2021-04-30 15:23:00,,,
2212,BLOOMINGTON PD,BLOOMINGTON,2,0.0,1.0,0,0,,,,ST RD 45/46,N COLLEGE AVE,,150.0,W,39.181333808209494,-86.63711577734915,LOCAL/CITY RD,N,URBAN,N,N,N,,DAYLIGHT,CLEAR,DRY,,NO JUNCTION INVOLVED,STRAIGHT/GRADE,ASPHALT,FOLLOWING TOO CLOSELY,REAR END,NORTHCOLLEGEAVEWESTSTATERD46RD,TRAFFIC CONTROL SIGNAL,2021-04-30 16:05:00,,,
2213,MONROE SD,BLOOMINGTON,3,0.0,0.0,0,0,,,,S WALNUT ST,S ORCHARD LN,,100.0,S,39.18624,-86.53453,COUNTY RD,N,RURAL,N,N,N,,DAYLIGHT,CLEAR,DRY,,T-INTERSECTION,STRAIGHT/HILLCREST,ASPHALT,FOLLOWING TOO CLOSELY,REAR END,SOLDSTATE37RDSORCHARDLN,NONE,2021-04-30 16:23:00,,,
2214,MONROE SD,BLOOMINGTON,1,0.0,1.0,0,0,,,,S GARRISON CHAPEL RD,,,1621.0,S,39.23372137692884,-86.62472633924381,LOCAL/CITY RD,N,URBAN,N,N,N,,DAYLIGHT,CLEAR,LOOSE MATERIAL ON RD,,NO JUNCTION INVOLVED,CURVE/GRADE,ASPHALT,UNSAFE SPEED,RAN OFF RD,SGARRISONCHAPELRDWELLERRD,NONE,2021-04-30 16:58:00,,,
2215,ISP BLOOMINGTON 33,BLOOMINGTON,2,,0.0,0,0,,,,ST RD 46,N CURRY PK,,0.0,,39.164248768911264,-86.50604944319062,ST RD,,RURAL,N,N,N,,DAYLIGHT,RAIN,WET,,FOUR-WAY INTERSECTION,,ASPHALT,FOLLOWING TOO CLOSELY,REAR END,StateRd46NCurryPike,,2021-04-29 07:50:00,,,
2216,MONROE SD,STINESVILLE,1,0.0,0.0,0,0,,,,N STINESVILLE RD,,,400.0,W,39.16449142876484,-86.57305898704837,COUNTY RD,N,RURAL,N,N,N,,DAYLIGHT,CLOUDY,DRY,,NO JUNCTION INVOLVED,CURVE/GRADE,ASPHALT,RAN OFF RD RIGHT,RAN OFF RD,NORTHRAILRDSTNORTHSTINESVILLERD,NONE,2021-04-29 10:59:00,,,
2217,BLOOMINGTON PD,BLOOMINGTON,2,0.0,3.0,0,0,,,,W 2ND ST,ENTRANCE TO IU HEALTH BLOOMINGTON HOSPITAL,,200.0,W,39.1565109,-86.49447165,LOCAL/CITY RD,N,URBAN,N,N,N,,DAYLIGHT,CLOUDY,WET,,T-INTERSECTION,STRAIGHT/GRADE,ASPHALT,FAILURE TO YIELD RIGHT OF WAY,LEFT TURN,SROGERSSTW 2NDST,NONE,2021-04-29 12:49:00,,,
2218,BLOOMINGTON PD,BLOOMINGTON,2,0.0,0.0,0,0,,,,S CURRY PK,ALLEY,,150.0,N,39.17146979182919,-86.49539142278111,LOCAL/CITY RD,N,URBAN,N,N,N,,DAYLIGHT,CLOUDY,DRY,,T-INTERSECTION,STRAIGHT/LEVEL,ASPHALT,FAILURE TO YIELD RIGHT OF WAY,RIGHT ANGLE,SOUTHCURRYPKWESTBELLEAVE,LN CONTROL,2021-04-29 16:15:00,,,
2219,INDIANA UNIV BLOOMINGTON PD,BLOOMINGTON,2,0.0,0.0,0,0,,,,N FEE LN,FOSTER CIRCLE,,193.0,S,39.14497315158747,-86.5777709452432,LOCAL/CITY RD,N,URBAN,N,N,N,,DAYLIGHT,CLOUDY,DRY,,T-INTERSECTION,STRAIGHT/GRADE,ASPHALT,FOLLOWING TOO CLOSELY,REAR END,FEELNTHIRTEENTHST,NONE,2021-04-29 16:30:00,,,
2220,MONROE SD,BLOOMINGTON,2,0.0,0.0,0,0,,,,N MATTHEWS DR,,,2000.0,S,39.147521667130164,-86.57298407707268,LOCAL/CITY RD,N,RURAL,N,N,N,,DAYLIGHT,CLEAR,DRY,,NO JUNCTION INVOLVED,CURVE/GRADE,ASPHALT,LEFT OF CENTER,OPPOSITE DIRECTION SIDESWIPE,MTTABORRDNMATTHEWSDR,NONE,2021-04-29 16:36:00,,,
2221,MONROE SD,ELLETTSVILLE,1,0.0,0.0,0,0,6226,,,N UNION VALLEY RD,,,1000.0,N,39.18216355459824,-86.54215417973303,LOCAL/CITY RD,N,RURAL,N,N,N,,DAWN/DUSK,CLEAR,DRY,,NO JUNCTION INVOLVED,STRAIGHT/HILLCREST,ASPHALT,RAN OFF RD RIGHT,RAN OFF RD,NUNIONVALLEYRDWMCNEELYST,NONE,2021-04-28 06:45:00,,,
2222,INDIANA UNIV BLOOMINGTON PD,BLOOMINGTON,1,1.0,0.0,0,0,,,,E MATLOCK RD,,,151.0,N,39.152621548486884,-86.37549136769904,LOCAL/CITY RD,N,URBAN,N,N,N,,DAYLIGHT,CLOUDY,DRY,,T-INTERSECTION,STRAIGHT/LEVEL,ASPHALT,OTHER (ENVIRONMENTAL) - EXPLAIN IN NARR,OTHER - EXPLAIN IN NARRATIVE,MATLOCKRDST RD 46,NONE,2021-04-28 13:45:00,,,
2223,ELLETTSVILLE PD,ELLETTSVILLE,2,0.0,0.0,0,0,200,,,N SALE ST (N),ST RD 46,,,,39.234025497633255,-86.39349194694547,UNKNOWN,N,URBAN,N,N,N,,DAYLIGHT,RAIN,WET,,NO JUNCTION INVOLVED,NON-RDWAY CRASH,ASPHALT,UNSAFE BACKING,BACKING CRASH,SALEST,NONE,2021-04-28 14:50:00,,,
2224,MONROE SD,BLOOMINGTON,2,0.0,0.0,0,0,,,,W CHRUCH LN,S ROGERS ST,,,,,,COUNTY RD,N,RURAL,Y,N,N,,DAYLIGHT,RAIN,WET,,T-INTERSECTION,STRAIGHT/LEVEL,ASPHALT,FAILURE TO YIELD RIGHT OF WAY,RIGHT ANGLE,CHRUCHLNROGERSST,STOP SIGN,2021-04-28 14:50:00,,,
2225,MONROE SD,BLOOMINGTON,2,0.0,0.0,0,0,,,,ST RD 45,S DARRELL DR,,500.0,W,39.15046477124552,-86.53370263170424,ST RD,N,URBAN,N,Y,N,,DAYLIGHT,RAIN,WET,,NO JUNCTION INVOLVED,STRAIGHT/GRADE,ASPHALT,FOLLOWING TOO CLOSELY,RIGHT TURN,SOUTHDARELLDRST RD 45 W,NONE,2021-04-28 15:49:00,,,
2226,MONROE SD,BLOOMINGTON,2,0.0,0.0,0,0,,,,ST RD 46,W ARLINGTON RD,,,,39.16136719333497,-86.53502324423926,ST RD,N,URBAN,N,N,N,,DAYLIGHT,CLOUDY,WET,,FOUR-WAY INTERSECTION,STRAIGHT/LEVEL,ASPHALT,SPEED TOO FAST FOR WEATHER CONDITIONS,SAME DIRECTION SIDESWIPE,ARLINGTONRDST RD 46 W,TRAFFIC CONTROL SIGNAL,2021-04-28 16:00:00,,,
2227,MONROE SD,BLOOMINGTON,1,0.0,0.0,0,0,,,,S LEONARD SPRINGS RD,W FOWLER RD,,1000.0,N,39.0999,-86.51782,COUNTY RD,N,RURAL,N,N,N,,DAYLIGHT,RAIN,WET,,NO JUNCTION INVOLVED,STRAIGHT/GRADE,ASPHALT,SPEED TOO FAST FOR WEATHER CONDITIONS,RAN OFF RD,FOWLERRDLEONARDSPRINGSRD,NONE,2021-04-28 16:11:00,,,
2228,MONROE SD,BLOOMINGTON,1,0.0,0.0,0,0,,,,ST RD 48,,,457.0,E,39.148915615605446,-86.53325879357682,ST RD,N,RURAL,N,Y,N,,DAYLIGHT,RAIN,WET,,NO JUNCTION INVOLVED,CURVE/LEVEL,ASPHALT,RAN OFF RD RIGHT,RAN OFF RD,ST RD 48WWSTATE43RD,NONE,2021-04-28 17:07:00,,,
2229,BLOOMINGTON PD,BLOOMINGTON,2,0.0,2.0,0,0,,,,E WINSLOW RD,S WALNUT ST,,,,39.164495572734765,-86.5732809031516,LOCAL/CITY RD,N,URBAN,N,N,N,,DARK (LIGHTED),RAIN,WET,,FOUR-WAY INTERSECTION,STRAIGHT/LEVEL,ASPHALT,FAILURE TO YIELD RIGHT OF WAY,RIGHT ANGLE,EWINSLOWRDSWALNUTST,TRAFFIC CONTROL SIGNAL,2021-04-28 22:00:00,,,
2230,BLOOMINGTON PD,BLOOMINGTON,2,0.0,0.0,0,0,,,,W TAPP RD,S ROCKPORT RD,,,,39.164628008740635,-86.58299941134499,LOCAL/CITY RD,N,URBAN,N,N,N,,DAYLIGHT,CLEAR,DRY,,FOUR-WAY INTERSECTION,STRAIGHT/GRADE,ASPHALT,FOLLOWING TOO CLOSELY,REAR END,ROCKPORTRDTAPPRD,TRAFFIC CONTROL SIGNAL,2021-04-27 07:14:00,,,