_id,Agency,City,Vehicles Involved,Trailers Involved,Number Injured,Number Dead,Number Deer,House Number,Roadway Interchange,Roadway Ramp,Roadway Id,Intersecting Road,Interchange,Feet From,Direction,Latitude,Longitude,Roadway Class,Hit and Run?,Locality,School Zone?,Rumble Strips?,Construction?,Construction Type,Light Condition,Weather Conditions,Surface Condition,Type of Median,Roadway Junction Type,Road Character,Roadway Surface,Primary Factor,Manner of Collision,Unique Location Id,Traffic Control,DateTime,Address Number,Cyclist Involved,Pedestrian Involved
2231,BLOOMINGTON PD,BLOOMINGTON,2,0.0,1.0,0,0,1870,,,S WALNUT ST,ENTRANCE TO WAGON WHEEL/BIG RED LIQUORS,,100.0,S,39.17968174138251,-86.507274149726,LOCAL/CITY RD,N,URBAN,N,N,N,,DAYLIGHT,CLEAR,DRY,,NO JUNCTION INVOLVED,STRAIGHT/LEVEL,ASPHALT,FAILURE TO YIELD RIGHT OF WAY,LEFT TURN,MILLERDRSWALNUTST,LN CONTROL,2021-04-27 12:00:00,,,
2232,BLOOMINGTON PD,BLOOMINGTON,2,0.0,0.0,0,0,,,,W 3RD ST,S YANCY LN,,250.0,E,39.179690790760894,-86.50729479862484,LOCAL/CITY RD,N,URBAN,N,N,N,,DAYLIGHT,CLEAR,DRY,,NO JUNCTION INVOLVED,STRAIGHT/LEVEL,ASPHALT,UNSAFE LN MOVEMENT,SAME DIRECTION SIDESWIPE,FRANKLINRDW 3RDST,NONE,2021-04-27 15:15:00,,,
2233,BLOOMINGTON PD,BLOOMINGTON,2,0.0,2.0,0,0,,,,N WALNUT ST,E 7TH ST,,,,39.16422813446273,-86.51527517061908,LOCAL/CITY RD,N,URBAN,N,N,N,,DAYLIGHT,CLEAR,DRY,,FOUR-WAY INTERSECTION,STRAIGHT/LEVEL,ASPHALT,DISREGARD SIGNAL/REG SIGN,OTHER - EXPLAIN IN NARRATIVE,7THSTWALNUTST,TRAFFIC CONTROL SIGNAL,2021-04-27 15:50:00,,,
2234,BLOOMINGTON PD,BLOOMINGTON,2,0.0,0.0,0,0,,,,W 13TH ST,N ILLINOIS ST,,50.0,E,39.142986385991534,-86.53151208888828,LOCAL/CITY RD,Y,URBAN,N,N,N,,DAYLIGHT,CLEAR,DRY,,NO JUNCTION INVOLVED,STRAIGHT/LEVEL,CONCRETE,DRIVER DISTRACTED - EXPLAIN IN NARRATIVE,OPPOSITE DIRECTION SIDESWIPE,NILLINOISSTW13THST,NONE,2021-04-27 18:07:00,,,
2235,INDIANA UNIV BLOOMINGTON PD,BLOOMINGTON,2,0.0,0.0,0,0,,,,E 10TH ST,N FEE LN,,,,39.16134217670523,-86.53367539965765,LOCAL/CITY RD,N,URBAN,N,N,N,,DAYLIGHT,CLEAR,DRY,,T-INTERSECTION,STRAIGHT/LEVEL,ASPHALT,DISREGARD SIGNAL/REG SIGN,REAR END,FEELNTENTHST,TRAFFIC CONTROL SIGNAL,2021-04-27 19:00:00,,,
2236,BLOOMINGTON PD,BLOOMINGTON,1,0.0,0.0,0,0,,,,N PROW RD,ENTRANCE TO BLOOMINGTON HIGH SCHOOL NORTH,,500.0,N,39.16093,-86.4977,LOCAL/CITY RD,Y,URBAN,Y,N,N,,DAYLIGHT,CLEAR,DRY,,NO JUNCTION INVOLVED,STRAIGHT/GRADE,ASPHALT,RAN OFF RD RIGHT,RAN OFF RD,ARLINGTONRDNPROWRD,LN CONTROL,2021-04-26 09:30:00,,,
2237,BLOOMINGTON PD,BLOOMINGTON,2,0.0,0.0,0,0,,,,S PATTERSON DR,S FAIRVIEW ST,,,,39.164165935313086,-86.49498364390656,LOCAL/CITY RD,N,URBAN,N,N,N,,DAYLIGHT,CLEAR,DRY,,FOUR-WAY INTERSECTION,CURVE/LEVEL,ASPHALT,DISREGARD SIGNAL/REG SIGN,HEAD ON BETWEEN TWO MOTOR VEHICLES,FAIRVIEWSTPATTERSONDR,TRAFFIC CONTROL SIGNAL,2021-04-26 09:35:00,,,
2238,BLOOMINGTON PD,BLOOMINGTON,2,0.0,0.0,0,0,,,,S COLLEGE MALL RD,E 2ND ST,,,,39.13665932873024,-86.56787520221127,LOCAL/CITY RD,Y,URBAN,N,N,Y,LN CLOSURE,DAYLIGHT,CLEAR,DRY,,NO JUNCTION INVOLVED,STRAIGHT/LEVEL,ASPHALT,IMPROPER TURNING,LEFT TURN,EAST2NDSTSOUTHCOLLEGEMALLRD,NONE,2021-04-26 16:25:00,,,
2239,BLOOMINGTON PD,BLOOMINGTON,2,0.0,0.0,0,0,,,,S WALNUT ST,E DODDS ST,,,,39.12131714538772,-86.49169102653632,LOCAL/CITY RD,N,URBAN,N,N,N,,DAYLIGHT,CLEAR,DRY,,FOUR-WAY INTERSECTION,STRAIGHT/LEVEL,ASPHALT,FAILURE TO YIELD RIGHT OF WAY,RIGHT ANGLE,EASTDODDSSTSOUTHWALNUTST,STOP SIGN,2021-04-26 19:09:00,,,
2240,BLOOMINGTON PD,BLOOMINGTON,2,0.0,2.0,0,0,,,,W BLOOMFIELD RD,S BASSWOOD DR,,,,39.18623620616501,-86.53457849607149,LOCAL/CITY RD,N,URBAN,N,N,N,,DAYLIGHT,CLEAR,DRY,,FOUR-WAY INTERSECTION,STRAIGHT/GRADE,ASPHALT,FAILURE TO YIELD RIGHT OF WAY,LEFT TURN,SBASSWOODDRWBLOOMFIELDRD,TRAFFIC CONTROL SIGNAL,2021-04-25 14:10:00,,,
2241,BLOOMINGTON PD,BLOOMINGTON,1,0.0,0.0,0,1,,,,ST RD 45,N GRANDVIEW DR,,100.0,E,39.117149646961884,-86.53333037985416,ST RD,N,RURAL,N,N,N,,DARK (LIGHTED),CLEAR,DRY,,NO JUNCTION INVOLVED,STRAIGHT/GRADE,ASPHALT,ANIMAL/OBJECT IN RDWAY,COLLISION WITH DEER,GRANDVIEWDRST RD 45E,NONE,2021-04-25 21:43:00,,,
2242,BLOOMINGTON PD,BLOOMINGTON,2,0.0,1.0,0,0,,,,N DUNN ST,,,400.0,S,39.12236759920198,-86.64300469306131,LOCAL/CITY RD,N,URBAN,N,N,N,,DARK (LIGHTED),CLEAR,DRY,,NO JUNCTION INVOLVED,STRAIGHT/LEVEL,ASPHALT,UNSAFE SPEED,REAR END,E4546BYPNDUNNST,LN CONTROL,2021-04-24 00:12:00,,,
2243,BLOOMINGTON PD,BLOOMINGTON,2,0.0,1.0,0,0,,,,S HENDERSON ST,E WYLIE FARM RD,,,,39.19368,-86.57139,LOCAL/CITY RD,N,URBAN,N,N,N,,DAYLIGHT,RAIN,WET,,NO JUNCTION INVOLVED,STRAIGHT/LEVEL,ASPHALT,SPEED TOO FAST FOR WEATHER CONDITIONS,REAR END,HENDERSONSTWYLIEFARMRD,STOP SIGN,2021-04-24 12:28:00,,,
2244,ISP BLOOMINGTON 33,ELLETTSVILLE,2,,0.0,0,0,,,,ST RD 46,N OUTBACK RD,,0.0,,,,ST RD,,URBAN,N,N,N,,DAYLIGHT,RAIN,WET,,FOUR-WAY INTERSECTION,,ASPHALT,SPEED TOO FAST FOR WEATHER CONDITIONS,REAR TO REAR,WRichlandPlzStateRd.46,,2021-04-24 13:28:00,,,
2245,BLOOMINGTON PD,BLOOMINGTON,1,0.0,0.0,0,0,,,,N DUNN ST,E 20TH ST,,50.0,N,39.177296223571474,-86.50234336124184,LOCAL/CITY RD,N,URBAN,N,N,N,,DAYLIGHT,CLOUDY,WATER (STANDING OR MOVING),,NO JUNCTION INVOLVED,STRAIGHT/LEVEL,ASPHALT,RAN OFF RD RIGHT,RAN OFF RD,E20THSTNDUNNST,NONE,2021-04-24 13:58:00,,,
2246,MONROE SD,BLOOMINGTON,1,0.0,0.0,0,0,,,,W REEVES RD,N STARNES RD,,800.0,W,39.15328121417731,-86.58258612717226,LOCAL/CITY RD,N,RURAL,N,N,N,,DAYLIGHT,CLEAR,DRY,,NO JUNCTION INVOLVED,STRAIGHT/LEVEL,ASPHALT,RAN OFF RD RIGHT,RAN OFF RD,NSTARNESRDWREEVESRD,NONE,2021-04-24 14:40:00,,,
2247,BLOOMINGTON PD,BLOOMINGTON,2,0.0,0.0,0,0,,,,S PATTERSON DR,W ALLEN ST,,,,39.17644000032665,-86.51892398076743,LOCAL/CITY RD,N,URBAN,N,N,N,,DAYLIGHT,RAIN,WET,,FOUR-WAY INTERSECTION,STRAIGHT/LEVEL,ASPHALT,FOLLOWING TOO CLOSELY,REAR END,SPATTERSONDRWALLENST,TRAFFIC CONTROL SIGNAL,2021-04-24 16:44:00,,,
2248,BLOOMINGTON PD,BLOOMINGTON,2,0.0,0.0,0,0,,,,N KINSER PK,W 17TH ST,,,,,,LOCAL/CITY RD,N,URBAN,N,N,N,,DAYLIGHT,RAIN,WET,,FOUR-WAY INTERSECTION,STRAIGHT/LEVEL,ASPHALT,FAILURE TO YIELD RIGHT OF WAY,RIGHT ANGLE,NKINSERPKW17THST,TRAFFIC CONTROL SIGNAL,2021-04-24 18:29:00,,,
2249,MONROE SD,BLOOMINGTON,1,0.0,0.0,0,0,,,,S FAIRFAX RD,E SANDERS 3RD ST,,,,39.34343523,-86.592763,LOCAL/CITY RD,N,RURAL,N,N,N,,DAWN/DUSK,CLOUDY,WET,,NO JUNCTION INVOLVED,CURVE/GRADE,ASPHALT,SPEED TOO FAST FOR WEATHER CONDITIONS,RAN OFF RD,3RDSANDERSAVESOUTHFAIRFAXRD,NONE,2021-04-24 20:20:00,,,
2250,MONROE SD,ELLETTSVILLE,1,0.0,0.0,0,1,,,,N SMITH PK,,,150.0,S,-3.279243717847424e-07,-1.763869693256945e-05,LOCAL/CITY RD,N,RURAL,N,N,N,,DARK (NOT LIGHTED),CLEAR,DRY,,T-INTERSECTION,STRAIGHT/LEVEL,ASPHALT,ANIMAL/OBJECT IN RDWAY,COLLISION WITH ANIMAL OTHER,NSMITHPKWNELSONLN,NONE,2021-04-24 20:46:00,,,
2251,INDIANA UNIV BLOOMINGTON PD,BLOOMINGTON,2,0.0,0.0,0,0,,,,N EAGLESON AVE,E 10TH ST,,,,39.23374263542201,-86.62471348077638,LOCAL/CITY RD,N,URBAN,N,N,N,,DARK (LIGHTED),CLEAR,DRY,,NO JUNCTION INVOLVED,STRAIGHT/GRADE,ASPHALT,UNSAFE BACKING,BACKING CRASH,EAGLESON AVEAVETENTHST,NONE,2021-04-23 03:22:00,,,
2252,BLOOMINGTON PD,BLOOMINGTON,2,0.0,0.0,0,0,,,,N WILLIS DR,W 17TH ST,,,,39.106758871950824,-86.54025904876094,LOCAL/CITY RD,Y,URBAN,N,N,N,,DARK (NOT LIGHTED),CLEAR,DRY,,T-INTERSECTION,STRAIGHT/LEVEL,ASPHALT,IMPROPER LN USAGE,HEAD ON BETWEEN TWO MOTOR VEHICLES,NWILLISDRW17THST,LN CONTROL,2021-04-23 03:53:00,,,
2253,BLOOMINGTON PD,BLOOMINGTON,1,0.0,0.0,0,1,,,,ST RD 45/46,N MILO B SAMPSON LN,,,,39.233714109880424,-86.62473491655368,ST RD,N,URBAN,N,N,N,,DARK (NOT LIGHTED),CLOUDY,DRY,,T-INTERSECTION,STRAIGHT/GRADE,ASPHALT,ANIMAL/OBJECT IN RDWAY,COLLISION WITH DEER,MILOSAMPSONLNST RD 46E,LN CONTROL,2021-04-23 06:09:00,,,
2254,MONROE SD,BLOOMINGTON,2,0.0,0.0,0,0,,,,ST RD 48,N PROFILE PKWY,,,,39.10671935042221,-86.54023425391621,ST RD,N,URBAN,N,N,N,,DAYLIGHT,CLEAR,DRY,,FOUR-WAY INTERSECTION,STRAIGHT/LEVEL,ASPHALT,FOLLOWING TOO CLOSELY,REAR END,SPROFILEPKWYST RD 48W,TRAFFIC CONTROL SIGNAL,2021-04-23 07:59:00,,,
2255,MONROE SD,BLOOMINGTON,1,0.0,0.0,0,0,,,,S ROCKPORT RD,S VICTOR PK,,,,39.115061626286305,-86.62771939458476,COUNTY RD,N,RURAL,N,N,N,,DAWN/DUSK,CLEAR,DRY,,NO JUNCTION INVOLVED,CURVE/GRADE,ASPHALT,RAN OFF RD RIGHT,RAN OFF RD,SROCKPORTRDSVICTORPK,NONE,2021-04-23 08:00:00,,,
2256,BLOOMINGTON PD,BLOOMINGTON,3,0.0,1.0,0,0,,,,N CURRY PK,W PROFILE PKWY,,,,39.20760717986531,-86.57991049398984,LOCAL/CITY RD,N,URBAN,N,N,N,,DAYLIGHT,CLEAR,DRY,,FOUR-WAY INTERSECTION,STRAIGHT/LEVEL,ASPHALT,FOLLOWING TOO CLOSELY,REAR END,NCURRYPKWPROFILEPKWY,TRAFFIC CONTROL SIGNAL,2021-04-23 13:00:00,,,
2257,BLOOMINGTON PD,BLOOMINGTON,2,0.0,0.0,0,0,418,,,N COLLEGE AVE,ENTRANCE TO BIG RED LIQUORS,,,,39.10065,-86.59358,UNKNOWN,N,URBAN,N,N,N,,DAYLIGHT,CLOUDY,DRY,,NO JUNCTION INVOLVED,NON-RDWAY CRASH,ASPHALT,FAILURE TO YIELD RIGHT OF WAY,OPPOSITE DIRECTION SIDESWIPE,NCOLLEGEAVE,NONE,2021-04-23 13:22:00,,,
2258,ISP INDIANAPOLIS 52,BLOOMINGTON,2,,0.0,0,0,,,,I-69 N,,,264.0,,39.170506062539836,-86.67931878054286,INTERSTATE,,RURAL,N,N,N,,DAYLIGHT,CLOUDY,DRY,,NO JUNCTION INVOLVED,,CONCRETE,OTHER (DRIVER) - EXPLAIN IN NARRATIVE,REAR END,I-69109,,2021-04-23 15:00:00,,,
2259,INDIANA UNIV BLOOMINGTON PD,BLOOMINGTON,1,0.0,0.0,0,1,,,,ST RD 45/46,N HEADLEY RD,,365.0,N,39.135921559096985,-86.53112461997758,ST RD,N,URBAN,N,N,N,,DAYLIGHT,CLEAR,DRY,,NO JUNCTION INVOLVED,STRAIGHT/LEVEL,ASPHALT,ANIMAL/OBJECT IN RDWAY,COLLISION WITH DEER,EAST17THSTST RD 46,NONE,2021-04-23 15:35:00,,,
2260,INDIANA UNIV BLOOMINGTON PD,BLOOMINGTON,1,0.0,0.0,0,1,,,,ST RD 45/46,E 17TH ST,,,,39.13630082713699,-86.5487646000394,ST RD,N,URBAN,N,N,N,,DAYLIGHT,CLEAR,DRY,,T-INTERSECTION,CURVE/LEVEL,ASPHALT,ANIMAL/OBJECT IN RDWAY,COLLISION WITH DEER,17THSTST RD 46S,TRAFFIC CONTROL SIGNAL,2021-04-23 15:38:00,,,
2261,BLOOMINGTON PD,BLOOMINGTON,2,0.0,0.0,0,0,,,,N SMITH RD,E GRANDVIEW DR,,,,39.14303,-86.5315,LOCAL/CITY RD,N,URBAN,N,N,N,,DAYLIGHT,CLOUDY,DRY,,T-INTERSECTION,STRAIGHT/GRADE,ASPHALT,FOLLOWING TOO CLOSELY,REAR END,EASTGRANDVIEWSTNORTHSMITHRD,NONE,2021-04-23 17:16:00,,,
2262,ISP BLOOMINGTON 33,BLOOMINGTON,2,,0.0,0,0,,,,ST RD 46,S FRIENDSHIP RD,,0.0,,39.16454741257329,-86.56948456489366,ST RD,,RURAL,N,N,N,,DAYLIGHT,CLOUDY,DRY,,T-INTERSECTION,,ASPHALT,FAILURE TO YIELD RIGHT OF WAY,RIGHT ANGLE,ST RD 46FriendshipRoad,,2021-04-23 19:57:00,,,
2263,BLOOMINGTON PD,BLOOMINGTON,1,0.0,0.0,0,0,,,,E HILLSIDE DR,S HENDERSON ST,,,,39.16853628626546,-86.53360325429422,LOCAL/CITY RD,N,URBAN,Y,N,N,,DARK (NOT LIGHTED),CLOUDY,DRY,,FOUR-WAY INTERSECTION,STRAIGHT/GRADE,ASPHALT,RAN OFF RD RIGHT,RAN OFF RD,HENDERSONSTHILLSIDERD,NONE,2021-04-23 21:50:00,,,
2264,BLOOMINGTON PD,BLOOMINGTON,1,0.0,0.0,0,0,,,,E WINSLOW RD,E WINSLOW FARM DR,,,,39.1749,-86.55154,LOCAL/CITY RD,N,URBAN,N,N,N,,DARK (LIGHTED),CLEAR,DRY,,NO JUNCTION INVOLVED,STRAIGHT/LEVEL,ASPHALT,OTHER (DRIVER) - EXPLAIN IN NARRATIVE,RAN OFF RD,EWINSLOWFARMDREWINSLOWRD,LN CONTROL,2021-04-22 04:45:00,,,
2265,BLOOMINGTON PD,BLOOMINGTON,2,0.0,1.0,0,0,,,,S WALNUT ST,E N DR,,,,39.1716,-86.51901,LOCAL/CITY RD,N,URBAN,N,N,N,,DAYLIGHT,CLEAR,DRY,,FOUR-WAY INTERSECTION,STRAIGHT/LEVEL,CONCRETE,UNSAFE LN MOVEMENT,SAME DIRECTION SIDESWIPE,ENORTHDRSWALNUTST,TRAFFIC CONTROL SIGNAL,2021-04-22 14:07:00,,,
2266,ISP BLOOMINGTON 33,ELLETTSVILLE,2,,0.0,0,0,5920,,,ST RD 46,ENTRANCE TO CUMMINS BOOKKEEPING,,0.0,,39.19926,-86.54837,ST RD,,URBAN,N,N,N,,DAYLIGHT,CLEAR,DRY,,NO JUNCTION INVOLVED,,ASPHALT,FOLLOWING TOO CLOSELY,REAR END,StateRd46ETemperanceSt,,2021-04-22 14:30:00,,,
2267,MONROE SD,BLOOMINGTON,2,0.0,0.0,0,0,,,Y,I-69 N,ST RD 45/46,,500.0,S,39.153813021151194,-86.54113481925249,ST RD,N,RURAL,N,N,N,,DAYLIGHT,CLEAR,DRY,,NO JUNCTION INVOLVED,STRAIGHT/GRADE,CONCRETE,UNSAFE LN MOVEMENT,SAME DIRECTION SIDESWIPE,ST RD 46 WSR69N,NONE,2021-04-22 17:03:00,,,
2268,ELLETTSVILLE PD,ELLETTSVILLE,2,0.0,0.0,0,0,,,,ST RD 46,N UNION VALLEY RD,,,,39.160897678190366,-86.49774022194471,ST RD,N,URBAN,N,N,N,,DAWN/DUSK,CLEAR,DRY,,FOUR-WAY INTERSECTION,STRAIGHT/LEVEL,ASPHALT,FAILURE TO YIELD RIGHT OF WAY,LEFT TURN,ST RD 46 WUNIONVALLEYRD,TRAFFIC CONTROL SIGNAL,2021-04-22 19:48:00,,,
2269,BLOOMINGTON PD,BLOOMINGTON,2,0.0,0.0,0,0,,,,W 3RD ST,S FRANKLIN RD,,,,39.15741482896997,-86.53365591855861,LOCAL/CITY RD,N,URBAN,N,N,N,,DAYLIGHT,CLOUDY,DRY,,FOUR-WAY INTERSECTION,CURVE/GRADE,ASPHALT,VIEW OBSTRUCTED,HEAD ON BETWEEN TWO MOTOR VEHICLES,FRANKLINRDWEST3RDST,TRAFFIC CONTROL SIGNAL,2021-04-21 06:40:00,,,
2270,MONROE SD,ELLETTSVILLE,2,0.0,0.0,0,0,6226,,,N UNION VALLEY RD,,,1100.0,N,39.1497479436243,-86.56889210203265,LOCAL/CITY RD,N,RURAL,N,N,N,,DAYLIGHT,SNOW,DRY,,NO JUNCTION INVOLVED,STRAIGHT/GRADE,ASPHALT,ANIMAL/OBJECT IN RDWAY,REAR END,NUNIONVALLEYRDWMCNEELYST,NO PASSING ZONE,2021-04-21 08:12:00,,,
2271,BLOOMINGTON PD,BLOOMINGTON,2,0.0,0.0,0,0,,,,E MOORES PK,S SMITH RD,,,,39.17185747713822,-86.48743751966079,LOCAL/CITY RD,N,URBAN,N,N,N,,DAYLIGHT,CLOUDY,WET,,FOUR-WAY INTERSECTION,STRAIGHT/LEVEL,ASPHALT,DISREGARD SIGNAL/REG SIGN,RIGHT ANGLE,EMOORESPKSSMITHRD,STOP SIGN,2021-04-21 08:24:00,,,
2272,MONROE SD,BLOOMINGTON,2,0.0,0.0,0,0,,,,N SMITH PK,W COFFEY LN,,10.0,N,,,COUNTY RD,N,RURAL,N,N,N,,DAYLIGHT,CLEAR,DRY,,T-INTERSECTION,STRAIGHT/LEVEL,ASPHALT,FOLLOWING TOO CLOSELY,REAR END,NSMITHPKWCOFFEYLN,NONE,2021-04-21 15:41:00,,,
2273,BLOOMINGTON PD,BLOOMINGTON,2,0.0,0.0,0,0,4001,,,ST RD 48,S CURRY PK,,,,39.1419078455386,-86.52695966440525,UNKNOWN,N,URBAN,N,N,N,,DAYLIGHT,CLOUDY,DRY,,NO JUNCTION INVOLVED,STRAIGHT/LEVEL,CONCRETE,IMPROPER TURNING,RIGHT ANGLE,W 3RDST,NONE,2021-04-21 16:08:00,,,
2274,BLOOMINGTON PD,BLOOMINGTON,2,0.0,0.0,0,0,,,,ST RD 48,S GATES DR,,,,39.2150169218748,-86.59282002541644,LOCAL/CITY RD,N,URBAN,N,N,N,,DAYLIGHT,CLEAR,DRY,,FOUR-WAY INTERSECTION,STRAIGHT/LEVEL,CONCRETE,IMPROPER LN USAGE,LEFT TURN,SOUTHGATESDRWEST3RDST,TRAFFIC CONTROL SIGNAL,2021-04-21 17:25:00,,,
2275,BLOOMINGTON PD,BLOOMINGTON,3,0.0,0.0,0,0,,,,E 2ND ST,S DUNN ST,,,,39.18175029119638,-86.52832271964932,LOCAL/CITY RD,Y,URBAN,N,N,N,,DAYLIGHT,CLEAR,DRY,,NO JUNCTION INVOLVED,STRAIGHT/LEVEL,ASPHALT,RAN OFF RD RIGHT,SAME DIRECTION SIDESWIPE,E 2NDSTSDUNNST,NONE,2021-04-20 13:45:00,,,
2276,BLOOMINGTON PD,BLOOMINGTON,2,0.0,0.0,0,0,,,,S WASHINGTON ST,ALLEY,,75.0,N,39.23149344185265,-86.6589089598706,LOCAL/CITY RD,N,URBAN,N,N,N,,DAYLIGHT,CLEAR,DRY,,FOUR-WAY INTERSECTION,STRAIGHT/LEVEL,ASPHALT,FAILURE TO YIELD RIGHT OF WAY,RIGHT TURN,EAST4THSTSOUTHWASHINGTONST,NONE,2021-04-20 13:55:00,,,
2277,BLOOMINGTON PD,BLOOMINGTON,2,0.0,1.0,0,0,,,,S SMITH RD,ST RD 46,,,,39.15563088020423,-86.54334133373918,LOCAL/CITY RD,N,URBAN,N,N,N,,DAYLIGHT,CLEAR,DRY,,NO JUNCTION INVOLVED,STRAIGHT/LEVEL,ASPHALT,FOLLOWING TOO CLOSELY,REAR END,E 3RDSTSOUTHSMITHRD,NONE,2021-04-20 14:50:00,,,
2278,INDIANA UNIV BLOOMINGTON PD,BLOOMINGTON,1,0.0,0.0,0,0,,,,E 10TH ST,N JEFFERSON ST,,,,39.17901282172561,-86.53775426216372,LOCAL/CITY RD,N,URBAN,N,N,N,,DAYLIGHT,RAIN,WET,,NO JUNCTION INVOLVED,CURVE/LEVEL,ASPHALT,SPEED TOO FAST FOR WEATHER CONDITIONS,RAN OFF RD,JEFFERSONSTUNIONVILLERD,NONE,2021-04-20 18:27:00,,,
2279,BLOOMINGTON PD,BLOOMINGTON,2,0.0,0.0,0,0,,,,S COLLEGE AVE,W KIRKWOOD AVE,,,,39.080318797701246,-86.51454023914401,LOCAL/CITY RD,N,URBAN,N,N,N,,DARK (LIGHTED),SLEET/HAIL/FREEZING RAIN,WET,,FOUR-WAY INTERSECTION,STRAIGHT/LEVEL,ASPHALT,UNSAFE LN MOVEMENT,LEFT TURN,EKIRKWOODAVESCOLLEGEAVE,TRAFFIC CONTROL SIGNAL,2021-04-20 21:21:00,,,
2280,BLOOMINGTON PD,BLOOMINGTON,2,0.0,0.0,0,0,,,,ST RD 45,I-69 S,,,,39.18328762667367,-86.58316404608361,ST RD,N,URBAN,N,N,N,,DAYLIGHT,CLEAR,DRY,,FOUR-WAY INTERSECTION,STRAIGHT/LEVEL,ASPHALT,FAILURE TO YIELD RIGHT OF WAY,RIGHT ANGLE,INTERSTATE69SBRAMPST RD 45 W,TRAFFIC CONTROL SIGNAL,2021-04-19 16:23:00,,,
2281,BLOOMINGTON PD,BLOOMINGTON,1,0.0,1.0,0,0,,,,S LIBERTY DR,ST RD 48,,,,39.17156515455092,-86.51568204421433,LOCAL/CITY RD,N,URBAN,N,N,N,,DAYLIGHT,CLEAR,DRY,,FOUR-WAY INTERSECTION,STRAIGHT/LEVEL,CONCRETE,FAILURE TO YIELD RIGHT OF WAY,RIGHT ANGLE,SLIBERTYDRW 3RDST,TRAFFIC CONTROL SIGNAL,2021-04-19 16:26:00,,True,
2282,MONROE SD,ELLETTSVILLE,2,1.0,1.0,0,0,,,,N UNION VALLEY RD,W MAPLE GROVE RD,,,,39.17904,-86.54407,LOCAL/CITY RD,N,RURAL,N,N,N,,DAYLIGHT,CLEAR,DRY,,FOUR-WAY INTERSECTION,STRAIGHT/HILLCREST,ASPHALT,DISREGARD SIGNAL/REG SIGN,RIGHT ANGLE,NORTHUNIONVALLEYRDWESTMAPLEGROVERD,STOP SIGN,2021-04-19 18:06:00,,,
2283,BLOOMINGTON PD,BLOOMINGTON,2,0.0,1.0,0,0,,,,ST RD 46,S PETE LLIS DR,,100.0,E,39.18617162614304,-86.52219359456642,LOCAL/CITY RD,N,URBAN,N,N,N,,DAYLIGHT,CLEAR,DRY,,FOUR-WAY INTERSECTION,STRAIGHT/LEVEL,ASPHALT,FAILURE TO YIELD RIGHT OF WAY,RIGHT ANGLE,EAST3RDSTSOUTHPETEELLISDR,NONE,2021-04-19 18:23:00,,,
2284,BLOOMINGTON PD,BLOOMINGTON,2,0.0,0.0,0,0,,,,S ROGERS ST,W 3RD ST,,,,39.1646923836948,-86.59259022696178,LOCAL/CITY RD,N,URBAN,N,N,N,,DARK (LIGHTED),CLEAR,DRY,,FOUR-WAY INTERSECTION,STRAIGHT/GRADE,ASPHALT,FAILURE TO YIELD RIGHT OF WAY,HEAD ON BETWEEN TWO MOTOR VEHICLES,SROGERSSTW 3RDST,TRAFFIC CONTROL SIGNAL,2021-04-19 21:45:00,,,
2285,MONROE SD,BLOOMINGTON,1,0.0,0.0,0,0,,,,ST RD 48,,,700.0,W,39.05383216011557,-86.60649432875756,ST RD,N,RURAL,N,N,N,,DARK (NOT LIGHTED),CLEAR,DRY,,T-INTERSECTION,STRAIGHT/GRADE,ASPHALT,RAN OFF RD RIGHT,RAN OFF RD,SOUTHCAVERDST RD 48W,NONE,2021-04-19 23:26:00,,,
2286,MONROE SD,BLOOMINGTON,1,0.0,0.0,0,1,,,,ST RD 446,,,5280.0,E,39.17194405476964,-86.58302134956975,ST RD,N,RURAL,N,N,N,,DARK (NOT LIGHTED),CLEAR,DRY,,NO JUNCTION INVOLVED,STRAIGHT/LEVEL,ASPHALT,ANIMAL/OBJECT IN RDWAY,COLLISION WITH DEER,SDUTCHRIDGERDST RD 46,LN CONTROL,2021-04-18 02:12:00,,,
2287,INDIANA UNIV BLOOMINGTON PD,BLOOMINGTON,2,0.0,1.0,0,0,,,,E 17TH ST,N FEE LN,,,,39.177145690166554,-86.53444596689735,LOCAL/CITY RD,N,URBAN,N,N,N,,DARK (LIGHTED),CLEAR,DRY,,FOUR-WAY INTERSECTION,STRAIGHT/LEVEL,ASPHALT,DISREGARD SIGNAL/REG SIGN,RIGHT ANGLE,EAST17THSTFEELN,TRAFFIC CONTROL SIGNAL,2021-04-18 02:40:00,,,
2288,ISP BLOOMINGTON 33,BLOOMINGTON,2,,1.0,0,0,,,,I-69,,,0.0,,39.07202323524642,-86.62836702283538,INTERSTATE,,URBAN,N,N,N,,DAYLIGHT,CLEAR,DRY,,NO JUNCTION INVOLVED,,ASPHALT,TIRE FAILURE OR DEFECTIVE,,69119.5,,2021-04-18 14:12:00,,,
2289,INDIANA UNIV BLOOMINGTON PD,BLOOMINGTON,2,0.0,0.0,0,0,2815,,,ST RD 45,E UNIVERSITY RD,,,,39.19254,-86.51189,ST RD,N,URBAN,N,N,N,,DAYLIGHT,CLEAR,DRY,,NO JUNCTION INVOLVED,STRAIGHT/HILLCREST,CONCRETE,LEFT OF CENTER,HEAD ON BETWEEN TWO MOTOR VEHICLES,ST RD 45ST RD 46,NONE,2021-04-18 15:34:00,,,