_id,Agency,City,Vehicles Involved,Trailers Involved,Number Injured,Number Dead,Number Deer,House Number,Roadway Interchange,Roadway Ramp,Roadway Id,Intersecting Road,Interchange,Feet From,Direction,Latitude,Longitude,Roadway Class,Hit and Run?,Locality,School Zone?,Rumble Strips?,Construction?,Construction Type,Light Condition,Weather Conditions,Surface Condition,Type of Median,Roadway Junction Type,Road Character,Roadway Surface,Primary Factor,Manner of Collision,Unique Location Id,Traffic Control,DateTime,Address Number,Cyclist Involved,Pedestrian Involved
2290,BLOOMINGTON PD,BLOOMINGTON,2,0.0,0.0,0,0,,,,W TAPP RD,S ADAMS ST,,100.0,W,39.17970879027732,-86.50731661137513,LOCAL/CITY RD,N,URBAN,N,N,N,,DAYLIGHT,CLOUDY,DRY,,T-INTERSECTION,STRAIGHT/GRADE,ASPHALT,ANIMAL/OBJECT IN RDWAY,REAR END,SADAMSSTWTAPPRD,ROUNDABOUT INTERSECTION,2021-04-18 18:12:00,,,
2291,MONROE SD,BLOOMINGTON,1,0.0,0.0,1,0,,,,W DINSMORE RD (E),ST RD 45,,,,39.169068741220705,-86.4813715976589,LOCAL/CITY RD,N,RURAL,N,N,N,,DARK (NOT LIGHTED),CLEAR,DRY,,NO JUNCTION INVOLVED,STRAIGHT/LEVEL,ASPHALT,RAN OFF RD RIGHT,RAN OFF RD,WDINSMORERDWSTATERD45RD,NONE,2021-04-18 20:51:00,,,
2292,MONROE SD,BLOOMINGTON,1,0.0,0.0,0,1,,,,W VERNAL PK,N SUNRISE GREETING CT,,,,39.15394,-86.40681,COUNTY RD,N,RURAL,N,N,N,,DARK (NOT LIGHTED),CLEAR,DRY,,NO JUNCTION INVOLVED,STRAIGHT/HILLCREST,ASPHALT,ANIMAL/OBJECT IN RDWAY,COLLISION WITH DEER,SUNRISEGREETINGSCTVERNALPK,NONE,2021-04-17 00:03:00,,,
2293,BLOOMINGTON PD,BLOOMINGTON,2,0.0,0.0,0,0,,,,E 2ND ST,S HENDERSON ST,,,,39.15052116054815,-86.52695916825277,LOCAL/CITY RD,Y,URBAN,N,N,N,,UNKNOWN,CLEAR,DRY,,FOUR-WAY INTERSECTION,STRAIGHT/LEVEL,ASPHALT,IMPROPER LN USAGE,SAME DIRECTION SIDESWIPE,EAST2NDSTSOUTHHENDERSONST,STOP SIGN,2021-04-17 12:00:00,,,
2294,BLOOMINGTON PD,BLOOMINGTON,2,0.0,0.0,0,0,,,,E WINSLOW RD,S WALNUT ST PK,,,,39.136007242131484,-86.52109470919628,LOCAL/CITY RD,N,URBAN,N,N,N,,DAYLIGHT,CLOUDY,WET,,FOUR-WAY INTERSECTION,STRAIGHT/GRADE,ASPHALT,FAILURE TO YIELD RIGHT OF WAY,RIGHT ANGLE,WALNUTSTPKWINSLOWRD,LN CONTROL,2021-04-17 12:34:00,,,
2295,MONROE SD,BLOOMINGTON,1,0.0,1.0,0,0,,,,S VALLEY MISSION RD,E PEDIGO BAY DR,,200.0,N,39.14303,-86.5315,COUNTY RD,N,RURAL,N,N,N,,DAYLIGHT,CLEAR,DRY,,NO JUNCTION INVOLVED,CURVE/GRADE,ASPHALT,OTHER (DRIVER) - EXPLAIN IN NARRATIVE,REAR END,EPEDIGOBAYDRSVALLEYMISSIONRD,NONE,2021-04-17 12:52:00,,,True
2296,INDIANA UNIV BLOOMINGTON PD,BLOOMINGTON,2,0.0,0.0,0,0,,,,ST RD 45/46,E DISCOVERY PKWY,,100.0,S,39.18624039017296,-86.52454629628488,ST RD,N,URBAN,N,N,N,,DAYLIGHT,RAIN,WET,,NO JUNCTION INVOLVED,STRAIGHT/GRADE,ASPHALT,FOLLOWING TOO CLOSELY,REAR END,DISCOVERYPKWYST RD 46S,NONE,2021-04-17 12:55:00,,,
2297,ELLETTSVILLE PD,ELLETTSVILLE,2,0.0,0.0,0,0,,,,ST RD 46,BRIAR GATE DR,,,,39.186982894172,-86.55505281045032,ST RD,N,URBAN,N,N,N,,DAYLIGHT,CLEAR,DRY,,NO JUNCTION INVOLVED,STRAIGHT/LEVEL,ASPHALT,UNSAFE LN MOVEMENT,SAME DIRECTION SIDESWIPE,BRIARGATEDRST RD 46 W,LN CONTROL,2021-04-17 18:01:00,,,
2298,MONROE SD,,2,0.0,0.0,0,0,,,,ST RD 45,W AIRPORT RD,,,,39.21508361078947,-86.59269638608738,ST RD,Y,RURAL,N,N,N,,DARK (NOT LIGHTED),CLEAR,DRY,,T-INTERSECTION,STRAIGHT/GRADE,ASPHALT,DISREGARD SIGNAL/REG SIGN,REAR END,AIRPORTRDST RD 45,TRAFFIC CONTROL SIGNAL,2021-04-17 20:45:00,,,
2299,BLOOMINGTON PD,BLOOMINGTON,2,0.0,0.0,0,0,,,,W KIRKWOOD AVE,N COLLEGE AVE,,,,39.164519916343835,-86.57021315592831,LOCAL/CITY RD,Y,URBAN,N,N,N,,DARK (LIGHTED),CLEAR,DRY,,NO JUNCTION INVOLVED,STRAIGHT/GRADE,CONCRETE,FOLLOWING TOO CLOSELY,REAR END,SCOLLEGEAVEWKIRKWOODAVE,NONE,2021-04-17 23:50:00,,,
2300,MONROE SD,BLOOMINGTON,1,0.0,0.0,0,0,,,,S ROCKPORT RD,,,1500.0,N,39.35398560401954,-86.59278762143384,LOCAL/CITY RD,N,RURAL,N,N,N,,DAYLIGHT,CLEAR,DRY,,T-INTERSECTION,STRAIGHT/HILLCREST,ASPHALT,RAN OFF RD RIGHT,RAN OFF RD,COCKRELLRDSROCKPORTRD,NONE,2021-04-16 01:24:00,,,
2301,MONROE SD,BLOOMINGTON,1,0.0,0.0,0,0,,,,S HARMONY RD,,,2000.0,E,39.150215203087896,-86.4804869451009,LOCAL/CITY RD,N,RURAL,N,N,N,,DARK (NOT LIGHTED),CLEAR,DRY,,NO JUNCTION INVOLVED,CURVE/LEVEL,ASPHALT,DRIVER ASLEEP OR FATIGUED,RAN OFF RD,HARMONYRDMOUNTZIONRD,LN CONTROL,2021-04-16 05:10:00,,,
2302,BLOOMINGTON PD,BLOOMINGTON,2,0.0,0.0,0,0,,,,N INDIANA AVE,E 14TH ST,,,,39.20700530328197,-86.58318357342652,LOCAL/CITY RD,N,URBAN,N,N,N,,DAYLIGHT,CLEAR,DRY,,FOUR-WAY INTERSECTION,STRAIGHT/LEVEL,ASPHALT,FAILURE TO YIELD RIGHT OF WAY,RIGHT ANGLE,14THSTINDIANAAVE,STOP SIGN,2021-04-16 09:25:00,,,
2303,BLOOMINGTON PD,BLOOMINGTON,2,0.0,0.0,0,0,,,,ST RD 45,I-69 S,,,,39.16459851403988,-86.58296694747038,ST RD,Y,URBAN,N,N,N,,DAYLIGHT,CLEAR,DRY,,FOUR-WAY INTERSECTION,STRAIGHT/GRADE,ASPHALT,DISREGARD SIGNAL/REG SIGN,LEFT TURN,S ST RD 37ST RD 45 W,TRAFFIC CONTROL SIGNAL,2021-04-16 11:00:00,,,
2304,ELLETTSVILLE PD,ELLETTSVILLE,2,0.0,0.0,0,0,,,,ST RD 46,W FORREST PARK DR,,,,39.16455881676798,-86.57622824861281,ST RD,Y,,N,N,N,,DAYLIGHT,CLEAR,DRY,,NO JUNCTION INVOLVED,STRAIGHT/LEVEL,ASPHALT,FAILURE TO YIELD RIGHT OF WAY,RIGHT ANGLE,FORRESTPARKFARMSDRST RD 46 W,STOP SIGN,2021-04-16 12:47:00,,,
2305,MONROE SD,BLOOMINGTON,2,0.0,1.0,0,0,6072,,,ST RD 46,E TRAILWOOD DR,,250.0,W,39.16136,-86.52841,ST RD,N,RURAL,N,N,N,,DAYLIGHT,CLEAR,DRY,,NO JUNCTION INVOLVED,CURVE/GRADE,ASPHALT,LEFT OF CENTER,HEAD ON BETWEEN TWO MOTOR VEHICLES,ST RD 46ETWINLEAFTR,NONE,2021-04-16 14:54:00,,,
2306,INDIANA UNIV BLOOMINGTON PD,BLOOMINGTON,3,0.0,0.0,0,0,,,,E 3RD ST,S INDIANA AVE,,150.0,E,39.15555672082622,-86.53245632648279,LOCAL/CITY RD,N,URBAN,N,N,N,,DAYLIGHT,CLEAR,DRY,,NO JUNCTION INVOLVED,STRAIGHT/LEVEL,ASPHALT,FOLLOWING TOO CLOSELY,REAR END,FESSAVE 3RDST,LN CONTROL,2021-04-16 15:18:00,,,
2307,BLOOMINGTON PD,BLOOMINGTON,2,0.0,0.0,0,0,,,,ST RD 48,S CURRY PK,,,,39.16417260234617,-86.4812690138594,LOCAL/CITY RD,N,URBAN,N,N,N,,DAYLIGHT,CLEAR,DRY,,NO JUNCTION INVOLVED,STRAIGHT/LEVEL,CONCRETE,FAILURE TO YIELD RIGHT OF WAY,LEFT TURN,SCURRYPKW 3RDST,NONE,2021-04-16 15:29:00,,,
2308,BLOOMINGTON PD,BLOOMINGTON,2,0.0,0.0,0,0,,,,E 10TH ST,N DUNN ST,,,,39.17140927127703,-86.50720469525366,LOCAL/CITY RD,N,URBAN,N,N,N,,DAYLIGHT,CLEAR,DRY,,FOUR-WAY INTERSECTION,STRAIGHT/LEVEL,ASPHALT,FAILURE TO YIELD RIGHT OF WAY,LEFT/RIGHT TURN,10THSTNDUNNST,LN CONTROL,2021-04-16 16:54:00,,,
2309,MONROE SD,BLOOMINGTON,2,0.0,1.0,1,0,,,,ST RD 46,,,1000.0,W,39.16658944069959,-86.5348913705172,ST RD,N,RURAL,N,N,N,,DAYLIGHT,CLEAR,DRY,,NO JUNCTION INVOLVED,STRAIGHT/GRADE,ASPHALT,LEFT OF CENTER,HEAD ON BETWEEN TWO MOTOR VEHICLES,FRIENDSHIPRDST RD 46E,NONE,2021-04-16 18:32:00,,,
2310,BLOOMINGTON PD,BLOOMINGTON,1,0.0,0.0,0,0,3939,,,ST RD 48,S CURRY PK,,,,39.18216018544185,-86.55689571551392,UNKNOWN,N,URBAN,N,N,N,,DAYLIGHT,CLEAR,DRY,,NO JUNCTION INVOLVED,STRAIGHT/LEVEL,ASPHALT,DRIVER ILLNESS,COLLISION WITH OBJECT IN RD,W 3RDST,NONE,2021-04-16 18:45:00,,,
2311,MONROE SD,BLOOMINGTON,2,0.0,0.0,0,0,,,,ST RD 46,,,3000.0,E,39.16459377095503,-86.57917490303564,ST RD,N,RURAL,N,N,N,,DAWN/DUSK,CLEAR,DRY,,NO JUNCTION INVOLVED,STRAIGHT/LEVEL,ASPHALT,UNSAFE BACKING,BACKING CRASH,GETTYCREEKRDST RD 45E,NONE,2021-04-16 20:00:00,,,
2312,INDIANA UNIV BLOOMINGTON PD,BLOOMINGTON,2,0.0,0.0,0,0,,,,E 17TH ST,N INDIANA AVE,,,,39.2447127818539,-86.59290999596514,LOCAL/CITY RD,N,URBAN,N,N,N,,DARK (LIGHTED),CLEAR,DRY,,T-INTERSECTION,STRAIGHT/GRADE,ASPHALT,FOLLOWING TOO CLOSELY,REAR END,EAST17THSTINDIANAAVE,NONE,2021-04-15 08:52:00,,,
2313,MONROE SD,BLOOMINGTON,2,0.0,0.0,0,0,,,,S LIBERTY DR,,,1545.0,N,39.164188744605,-86.49495684672632,LOCAL/CITY RD,N,URBAN,N,N,N,,DAYLIGHT,CLEAR,DRY,,NO JUNCTION INVOLVED,STRAIGHT/LEVEL,ASPHALT,FOLLOWING TOO CLOSELY,RIGHT TURN,SLIBERTYDRWCONSTITUTIONAVE,NONE,2021-04-15 10:32:00,,,
2314,MONROE SD,BLOOMINGTON,1,1.0,0.0,0,0,,,,ST RD 446,,,1380.0,S,39.16459366768134,-86.53872411538434,ST RD,N,RURAL,N,Y,N,,DAYLIGHT,CLEAR,DRY,,NO JUNCTION INVOLVED,CURVE/GRADE,ASPHALT,ANIMAL/OBJECT IN RDWAY,RAN OFF RD,EALLENSCREEKRDST RD 446E,NONE,2021-04-15 12:00:00,,,
2315,BLOOMINGTON PD,BLOOMINGTON,2,0.0,1.0,0,0,,,,W 2ND ST,S ADAMS ST,,,,39.16312271878772,-86.62908982957983,LOCAL/CITY RD,N,URBAN,N,N,N,,DAYLIGHT,CLEAR,DRY,,FOUR-WAY INTERSECTION,STRAIGHT/LEVEL,ASPHALT,DISREGARD SIGNAL/REG SIGN,RIGHT ANGLE,ADAMSSTW 2NDST,TRAFFIC CONTROL SIGNAL,2021-04-15 13:15:00,,,
2316,BLOOMINGTON PD,BLOOMINGTON,2,0.0,0.0,0,0,,,,S DUNN ST,E 9TH ST,,,,-3.222632671547493e-05,-4.995863219856552e-06,LOCAL/CITY RD,N,URBAN,N,N,N,,DAYLIGHT,CLEAR,DRY,,NO JUNCTION INVOLVED,STRAIGHT/LEVEL,ASPHALT,FAILURE TO YIELD RIGHT OF WAY,RIGHT ANGLE,E9THSTSDUNNST,STOP SIGN,2021-04-15 13:30:00,,,
2317,BLOOMINGTON PD,BLOOMINGTON,1,0.0,0.0,0,0,349,,,S WALNUT ST,E SMITH AVE,,,,39.17898422865411,-86.51899882940296,LOCAL/CITY RD,N,URBAN,Y,N,N,,DAYLIGHT,CLEAR,DRY,,NO JUNCTION INVOLVED,STRAIGHT/LEVEL,CONCRETE,OVERCORRECTING/OVERSTEERING,OTHER - EXPLAIN IN NARRATIVE,SWALNUTST,NONE,2021-04-15 15:40:00,,,
2318,INDIANA UNIV BLOOMINGTON PD,BLOOMINGTON,1,0.0,0.0,0,1,,,,ST RD 45/46,N FEE LN,,1000.0,E,39.179359911008504,-86.5585984653507,ST RD,N,URBAN,N,N,N,,DAYLIGHT,CLEAR,DRY,,NO JUNCTION INVOLVED,STRAIGHT/LEVEL,ASPHALT,ANIMAL/OBJECT IN RDWAY,COLLISION WITH DEER,FEELNST RD 46E,NONE,2021-04-15 15:45:00,,,
2319,MONROE SD,BLOOMINGTON,2,0.0,0.0,0,0,,,,S FAIRFAX RD,E SCHACHT RD,,,,39.17158077356163,-86.5011485061609,COUNTY RD,N,RURAL,N,N,N,,DAYLIGHT,CLEAR,DRY,,T-INTERSECTION,STRAIGHT/LEVEL,ASPHALT,FOLLOWING TOO CLOSELY,REAR END,ESCHACHTRDSFAIRFAXRD,NONE,2021-04-15 16:57:00,,,
2320,INDIANA UNIV BLOOMINGTON PD,BLOOMINGTON,3,0.0,0.0,0,0,,,,ST RD 45/46,,,500.0,S,39.13655004688586,-86.55440644919408,ST RD,N,URBAN,N,N,N,,DAYLIGHT,CLEAR,DRY,,NO JUNCTION INVOLVED,STRAIGHT/LEVEL,ASPHALT,FOLLOWING TOO CLOSELY,REAR END,EASTDISCOVERYPKWYST RD 46S,NONE,2021-04-15 17:51:00,,,
2321,BLOOMINGTON PD,BLOOMINGTON,2,0.0,0.0,0,0,,,,W 2ND ST,S COLLEGE AVE,,,,39.11321321420557,-86.63473806548639,LOCAL/CITY RD,N,URBAN,N,N,N,,DAYLIGHT,CLEAR,DRY,,FOUR-WAY INTERSECTION,STRAIGHT/LEVEL,ASPHALT,FOLLOWING TOO CLOSELY,REAR END,SCOLLEGEAVEW 2NDST,TRAFFIC CONTROL SIGNAL,2021-04-15 18:18:00,,,
2322,MONROE SD,BLOOMINGTON,1,0.0,1.0,0,0,,,,E MONROE DAM RD,S VALLEY MISSION LN,,200.0,E,39.17915,-86.57642,LOCAL/CITY RD,N,RURAL,N,N,N,,DAYLIGHT,CLEAR,DRY,,NO JUNCTION INVOLVED,STRAIGHT/LEVEL,ASPHALT,UNSAFE SPEED,RAN OFF RD,EMONROEDAMRDSVALLEYMISSIONRD,NONE,2021-04-15 20:10:00,,,
2323,MONROE SD,BLOOMINGTON,1,0.0,0.0,0,1,,,,I-69 N,,,20.0,S,39.16133923601969,-86.52723372312559,INTERSTATE,N,RURAL,N,N,N,,DARK (NOT LIGHTED),CLEAR,DRY,,NO JUNCTION INVOLVED,STRAIGHT/LEVEL,ASPHALT,ANIMAL/OBJECT IN RDWAY,COLLISION WITH DEER,I-69 N123.0,NONE,2021-04-15 20:50:00,,,
2324,INDIANA UNIV BLOOMINGTON PD,BLOOMINGTON,2,0.0,0.0,0,0,,,,S MITCHELL ST,E 3RD ST,,,,39.13596150809866,-86.53112869748232,LOCAL/CITY RD,N,URBAN,N,N,N,,DARK (LIGHTED),CLEAR,DRY,,T-INTERSECTION,STRAIGHT/LEVEL,ASPHALT,LEFT OF CENTER,RIGHT TURN,MITCHELLST3RDST,NONE,2021-04-15 21:02:00,,,
2325,BLOOMINGTON PD,BLOOMINGTON,3,0.0,0.0,0,0,512,,,S WASHINGTON ST,,,150.0,S,39.00353901746875,-86.50124331932878,LOCAL/CITY RD,Y,URBAN,N,N,N,,DARK (NOT LIGHTED),CLEAR,DRY,,NO JUNCTION INVOLVED,STRAIGHT/LEVEL,ASPHALT,UNSAFE LN MOVEMENT,SAME DIRECTION SIDESWIPE,E 2NDSTSWASHINGTONST,NONE,2021-04-14 04:00:00,,,
2326,BLOOMINGTON PD,BLOOMINGTON,2,0.0,1.0,0,0,,,,N WALNUT ST,ST RD 45/46,,,,39.17146444221141,-86.49540246617609,LOCAL/CITY RD,N,URBAN,N,N,N,,DAWN/DUSK,CLEAR,DRY,,FOUR-WAY INTERSECTION,STRAIGHT/GRADE,ASPHALT,UNSAFE SPEED,REAR END,NWALNUTSTST RD 46 W,TRAFFIC CONTROL SIGNAL,2021-04-14 07:53:00,,,
2327,BLOOMINGTON PD,BLOOMINGTON,2,0.0,0.0,0,0,,,,S HENDERSON ST,E HUNTER AVE,,,,39.216558314532705,-86.59645565958863,LOCAL/CITY RD,N,URBAN,N,N,N,,DAYLIGHT,CLOUDY,DRY,,T-INTERSECTION,STRAIGHT/GRADE,ASPHALT,IMPROPER LN USAGE,SAME DIRECTION SIDESWIPE,HENDERSONSTHUNTERAVE,NONE,2021-04-14 08:23:00,,,
2328,INDIANA UNIV BLOOMINGTON PD,BLOOMINGTON,2,0.0,0.0,0,0,,,,ST RD 45/46,E 17TH ST,,,,39.136352434422506,-86.59444834893567,ST RD,N,URBAN,N,N,N,,DAYLIGHT,CLEAR,DRY,,T-INTERSECTION,STRAIGHT/LEVEL,ASPHALT,DISREGARD SIGNAL/REG SIGN,RIGHT ANGLE,EAST17THSTST RD 46,TRAFFIC CONTROL SIGNAL,2021-04-14 12:05:00,,,
2329,INDIANA UNIV BLOOMINGTON PD,BLOOMINGTON,1,0.0,0.0,0,0,1101,,,N FEE LN,,,,,39.16659600871286,-86.53492009111696,UNKNOWN,N,URBAN,N,N,N,,DAYLIGHT,CLEAR,DRY,,NO JUNCTION INVOLVED,STRAIGHT/LEVEL,CONCRETE,OTHER (DRIVER) - EXPLAIN IN NARRATIVE,COLLISION WITH OBJECT IN RD,NFEELN,NONE,2021-04-14 12:47:00,,,
2330,BLOOMINGTON PD,BLOOMINGTON,2,0.0,0.0,0,0,,,,E MCMILLAN CT,,,500.0,S,39.10173064422051,-86.57688776629423,LOCAL/CITY RD,N,URBAN,N,N,N,,DAYLIGHT,CLEAR,DRY,,NO JUNCTION INVOLVED,CURVE/LEVEL,ASPHALT,UNSAFE BACKING,BACKING CRASH,EWINSTONSTMCMILLANCT,NONE,2021-04-14 14:53:00,,,
2331,BLOOMINGTON PD,BLOOMINGTON,2,0.0,0.0,0,0,,,,S WALNUT ST PK,E WINSLOW RD,,,,39.068189152448085,-86.62632755740883,LOCAL/CITY RD,N,URBAN,N,N,N,,DAYLIGHT,CLEAR,DRY,,FOUR-WAY INTERSECTION,STRAIGHT/LEVEL,ASPHALT,FAILURE TO YIELD RIGHT OF WAY,RIGHT ANGLE,EWINSLOWRDSWALNUTSTPK,STOP SIGN,2021-04-14 15:09:00,,,
2332,INDIANA UNIV BLOOMINGTON PD,BLOOMINGTON,2,0.0,0.0,0,0,,,,E ATWATER AVE,S HIGHLAND AVE,,,,39.17605979931479,-86.52701612140174,LOCAL/CITY RD,N,URBAN,N,N,N,,DAYLIGHT,CLEAR,DRY,,FOUR-WAY INTERSECTION,STRAIGHT/GRADE,ASPHALT,FAILURE TO YIELD RIGHT OF WAY,RIGHT ANGLE,ATWATERAVEHIGHLANDAVE,STOP SIGN,2021-04-14 15:20:00,,,
2333,ELLETTSVILLE PD,ELLETTSVILLE,2,0.0,0.0,0,0,,,,ST RD 46,W MAPLE GROVE RD,,,,39.18215827946011,-86.5569079941096,ST RD,N,URBAN,N,N,N,,DAYLIGHT,CLEAR,DRY,,T-INTERSECTION,CURVE/GRADE,ASPHALT,FAILURE TO YIELD RIGHT OF WAY,LEFT TURN,MAPLEGROVERDST RD 46 W,NONE,2021-04-14 15:31:00,,,
2334,ELLETTSVILLE PD,ELLETTSVILLE,2,0.0,0.0,0,0,,,,S 1ST,W RITTER ST,,,,39.21206,-86.58701,LOCAL/CITY RD,N,URBAN,N,N,N,,DAYLIGHT,CLEAR,DRY,,NO JUNCTION INVOLVED,STRAIGHT/HILLCREST,ASPHALT,FAILURE TO YIELD RIGHT OF WAY,OPPOSITE DIRECTION SIDESWIPE,1STRITTERST,LN CONTROL,2021-04-13 08:35:00,,,
2335,INDIANA UNIV BLOOMINGTON PD,BLOOMINGTON,3,0.0,0.0,0,0,,,,E 3RD ST,S INDIANA AVE,,,,39.1647908991606,-86.42902748418756,LOCAL/CITY RD,N,URBAN,N,N,N,,DAYLIGHT,CLEAR,DRY,,NO JUNCTION INVOLVED,STRAIGHT/LEVEL,CONCRETE,FOLLOWING TOO CLOSELY,REAR END,HENDERSONST3RDST,NONE,2021-04-13 11:35:00,,,
2336,INDIANA UNIV BLOOMINGTON PD,BLOOMINGTON,2,0.0,1.0,0,0,,,,E 10TH ST,N FEE LN,,,,39.16428270794754,-86.52692105735603,LOCAL/CITY RD,N,URBAN,N,N,N,,DAYLIGHT,CLOUDY,DRY,,T-INTERSECTION,STRAIGHT/LEVEL,ASPHALT,FOLLOWING TOO CLOSELY,REAR END,FEELNTENTHST,TRAFFIC CONTROL SIGNAL,2021-04-13 13:30:00,,,
2337,ELLETTSVILLE PD,ELLETTSVILLE,2,0.0,0.0,0,0,,,,ST RD 46,N HARTSTRAIT RD,,100.0,W,39.16461666921504,-86.58298823775866,ST RD,N,URBAN,N,N,N,,DAYLIGHT,CLOUDY,DRY,,FOUR-WAY INTERSECTION,STRAIGHT/LEVEL,ASPHALT,OVERCORRECTING/OVERSTEERING,SAME DIRECTION SIDESWIPE,HARTSTRAITRDST RD 46 W,TRAFFIC CONTROL SIGNAL,2021-04-13 15:15:00,,,
2338,INDIANA UNIV BLOOMINGTON PD,BLOOMINGTON,2,0.0,0.0,0,0,,,,ST RD 45/46,E DISCOVERY PKWY,,,,39.17166274141168,-86.52829694046419,ST RD,N,URBAN,N,N,N,,DAYLIGHT,CLEAR,DRY,,T-INTERSECTION,STRAIGHT/LEVEL,ASPHALT,FOLLOWING TOO CLOSELY,REAR END,ST RD 45/46BYPASSEASTDISCOVERYPARKWAY,TRAFFIC CONTROL SIGNAL,2021-04-13 15:40:00,,,
2339,BLOOMINGTON PD,BLOOMINGTON,2,0.0,1.0,0,0,,,,W 2ND ST,S ROGERS ST,,,,39.156286679804445,-86.40832489094618,LOCAL/CITY RD,Y,URBAN,N,N,N,,DAYLIGHT,CLEAR,DRY,,FOUR-WAY INTERSECTION,STRAIGHT/GRADE,CONCRETE,DISREGARD SIGNAL/REG SIGN,RIGHT ANGLE,SOUTHROGERSSTWEST2NDST,TRAFFIC CONTROL SIGNAL,2021-04-13 16:45:00,,,
2340,BLOOMINGTON PD,BLOOMINGTON,2,0.0,2.0,0,0,,,,S CURRY PK,ST RD 48,,,,39.16460768286028,-86.58299789945838,LOCAL/CITY RD,N,URBAN,N,N,N,,DAWN/DUSK,CLEAR,DRY,,FOUR-WAY INTERSECTION,STRAIGHT/LEVEL,ASPHALT,UNSAFE SPEED,REAR END,SCURRYPKW 3RDST,TRAFFIC CONTROL SIGNAL,2021-04-13 18:46:00,,,
2341,BLOOMINGTON PD,BLOOMINGTON,2,0.0,0.0,0,0,,,,W HOWE ST,S ROGERS ST,,,,-2.3148268055658683e-05,-4.749919347168374e-05,LOCAL/CITY RD,Y,URBAN,N,N,N,,DARK (NOT LIGHTED),CLEAR,DRY,,NO JUNCTION INVOLVED,STRAIGHT/LEVEL,ASPHALT,UNSAFE BACKING,BACKING CRASH,SROGERSSTWHOWEST,NONE,2021-04-12 00:00:00,,,
2342,BLOOMINGTON PD,BLOOMINGTON,2,0.0,0.0,0,0,,,,W ARLINGTON RD,W GOURLEY PK,,30.0,E,39.179005775279514,-86.52708046939917,LOCAL/CITY RD,N,URBAN,N,N,N,,DAWN/DUSK,CLEAR,DRY,,T-INTERSECTION,STRAIGHT/GRADE,ASPHALT,FAILURE TO YIELD RIGHT OF WAY,LEFT TURN,WARLINGTONRDWGOURLEYPK,NONE,2021-04-12 07:45:00,,,
2343,MONROE SD,BLOOMINGTON,1,0.0,1.0,0,0,,,,E GILMORE RIDGE RD,,,477.0,S,39.314479232869324,-86.57689911678723,COUNTY RD,N,RURAL,N,N,N,,DAYLIGHT,CLEAR,DRY,,NO JUNCTION INVOLVED,CURVE/LEVEL,GRAVEL,ANIMAL/OBJECT IN RDWAY,RAN OFF RD,EDECKARDRIDGERDGILMORERIDGERD,NONE,2021-04-12 10:49:00,,,
2344,BLOOMINGTON PD,BLOOMINGTON,2,0.0,1.0,0,0,,,,S WALNUT ST PK,E ALLENDALE DR,,,,39.03045889,-86.40763666,LOCAL/CITY RD,N,URBAN,N,N,N,,DAYLIGHT,CLEAR,DRY,,FOUR-WAY INTERSECTION,STRAIGHT/LEVEL,ASPHALT,FAILURE TO YIELD RIGHT OF WAY,RIGHT ANGLE,ALLENDALEDRWALNUTSTPK,STOP SIGN,2021-04-12 11:32:00,,,
2345,ISP BLOOMINGTON 33,BLOOMINGTON,2,,0.0,0,0,,118,B,I-69 N,W 3RD ST,,0.0,,39.16035052671914,-86.55085638938156,ST RD,,RURAL,N,N,N,,DAYLIGHT,CLEAR,DRY,,INTERCHANGE,,CONCRETE,IMPROPER TURNING,SAME DIRECTION SIDESWIPE,I-69118B,,2021-04-12 12:02:00,,,
2346,ISP BLOOMINGTON 33,BLOOMINGTON,1,,0.0,0,0,,123,C,I-69 S,N ST RD 37,,0.0,,39.17039568136826,-86.52827831305281,LOCAL/CITY RD,,URBAN,N,N,N,,DAYLIGHT,CLEAR,DRY,,RAMP,,ASPHALT,,RAN OFF RD,I-69-123-RampC123C,,2021-04-12 12:35:00,,,
2347,BLOOMINGTON PD,BLOOMINGTON,2,0.0,0.0,0,0,,,,E MOORES PK,ST RD 446,,,,39.16281020742913,-86.53363354160851,LOCAL/CITY RD,Y,URBAN,N,N,N,,DAYLIGHT,CLEAR,DRY,,FOUR-WAY INTERSECTION,STRAIGHT/GRADE,ASPHALT,FAILURE TO YIELD RIGHT OF WAY,LEFT TURN,EMOORESPKST RD 446S,NONE,2021-04-12 13:18:00,,,
2348,INDIANA UNIV BLOOMINGTON PD,BLOOMINGTON,2,0.0,0.0,0,0,,,,N EAGLESON AVE,E 10TH ST,,,,39.185927004633946,-86.51968248746151,LOCAL/CITY RD,N,URBAN,N,N,N,,DAYLIGHT,CLEAR,DRY,,FOUR-WAY INTERSECTION,STRAIGHT/LEVEL,ASPHALT,IMPROPER PASSING,SAME DIRECTION SIDESWIPE,EAGLESON AVEAVETENTHST,TRAFFIC CONTROL SIGNAL,2021-04-12 14:00:00,,,