_id,Agency,City,Vehicles Involved,Trailers Involved,Number Injured,Number Dead,Number Deer,House Number,Roadway Interchange,Roadway Ramp,Roadway Id,Intersecting Road,Interchange,Feet From,Direction,Latitude,Longitude,Roadway Class,Hit and Run?,Locality,School Zone?,Rumble Strips?,Construction?,Construction Type,Light Condition,Weather Conditions,Surface Condition,Type of Median,Roadway Junction Type,Road Character,Roadway Surface,Primary Factor,Manner of Collision,Unique Location Id,Traffic Control,DateTime,Address Number,Cyclist Involved,Pedestrian Involved
2349,BLOOMINGTON PD,BLOOMINGTON,2,0.0,0.0,0,0,300,,,E VARSITY LN,,,,,39.10685780807425,-86.523808852722,LOCAL/CITY RD,Y,URBAN,N,N,N,,DARK (LIGHTED),CLEAR,DRY,,NO JUNCTION INVOLVED,CURVE/GRADE,ASPHALT,OTHER (DRIVER) - EXPLAIN IN NARRATIVE,BACKING CRASH,EVARSITYLN,NONE,2021-04-12 21:36:00,,,
2350,MONROE SD,BLOOMINGTON,1,0.0,0.0,0,0,,115,N,I-69 S,W FULLERTON PK,,,,,,INTERSTATE,N,RURAL,N,N,N,,DARK (LIGHTED),CLOUDY,DRY,,RAMP,CURVE/GRADE,ASPHALT,RAN OFF RD RIGHT,RAN OFF RD,I-69S,NONE,2021-04-11 01:01:00,,,
2351,ELLETTSVILLE PD,ELLETTSVILLE,2,0.0,0.0,0,0,,,,ST RD 46,N UNION VALLEY RD,,,,39.161359987885845,-86.53500663458027,ST RD,Y,URBAN,N,N,N,,DAYLIGHT,CLEAR,DRY,,NO JUNCTION INVOLVED,STRAIGHT/LEVEL,ASPHALT,OTHER (DRIVER) - EXPLAIN IN NARRATIVE,OPPOSITE DIRECTION SIDESWIPE,ST RD 46 WUNIONVALLEYRDS,TRAFFIC CONTROL SIGNAL,2021-04-11 07:32:00,,,
2352,BLOOMINGTON PD,BLOOMINGTON,1,0.0,,0,0,,,,S WALNUT ST,E S DR,,70.0,S,39.009202627623736,-86.51013228731847,LOCAL/CITY RD,Y,URBAN,Y,N,N,,DAYLIGHT,RAIN,WET,,NO JUNCTION INVOLVED,STRAIGHT/LEVEL,ASPHALT,RAN OFF RD RIGHT,RAN OFF RD,SWALNUTSTSOUTHDR,LN CONTROL,2021-04-11 09:45:00,,,
2353,INDIANA UNIV BLOOMINGTON PD,BLOOMINGTON,4,0.0,0.0,0,0,,,,ST RD 46,ST RD 45,,,,-8.069662688140704e-06,-4.345904640488709e-05,ST RD,N,URBAN,N,N,N,,DAYLIGHT,RAIN,WET,,FOUR-WAY INTERSECTION,STRAIGHT/LEVEL,ASPHALT,SPEED TOO FAST FOR WEATHER CONDITIONS,REAR END,ST RD 46UNIONVILLERD,TRAFFIC CONTROL SIGNAL,2021-04-11 15:45:00,,,
2354,BLOOMINGTON PD,BLOOMINGTON,3,0.0,1.0,0,0,,,,S LEONARD SPRINGS RD,W TAPP RD,,,,39.164203990744376,-86.51426720491934,LOCAL/CITY RD,N,URBAN,N,N,N,,DAYLIGHT,CLOUDY,WET,,T-INTERSECTION,STRAIGHT/LEVEL,ASPHALT,FOLLOWING TOO CLOSELY,SAME DIRECTION SIDESWIPE,SLEONARDSPRINGSRDWTAPPRD,STOP SIGN,2021-04-11 16:15:00,,,
2355,MONROE SD,BLOOMINGTON,1,0.0,0.0,0,1,,,,W WILLIAMS RD,,,500.0,W,39.16139654903185,-86.53244524601304,LOCAL/CITY RD,N,URBAN,N,N,N,,DARK (NOT LIGHTED),CLEAR,WET,,NO JUNCTION INVOLVED,STRAIGHT/GRADE,ASPHALT,ANIMAL/OBJECT IN RDWAY,COLLISION WITH DEER,WSIMPSONCHAPELRDWWILLIAMSRD,NONE,2021-04-10 04:54:00,,,
2356,MONROE SD,BLOOMINGTON,1,0.0,2.0,0,0,,,,W LEONARD SPRINGS RD,,,1100.0,W,39.18620169102904,-86.53457698462573,LOCAL/CITY RD,N,URBAN,N,N,N,,DARK (NOT LIGHTED),CLOUDY,WET,,NO JUNCTION INVOLVED,STRAIGHT/LEVEL,ASPHALT,ANIMAL/OBJECT IN RDWAY,RAN OFF RD,SDUNCANRDWLEONARDSPRINGSRD,LN CONTROL,2021-04-10 05:13:00,,,
2357,MONROE SD,BLOOMINGTON,1,0.0,1.0,0,0,,,,ST RD 446,,,,,39.162211027860174,-86.52725236168527,ST RD,N,RURAL,N,N,N,,DARK (NOT LIGHTED),CLEAR,DRY,,NO JUNCTION INVOLVED,CURVE/GRADE,ASPHALT,OVERCORRECTING/OVERSTEERING,RAN OFF RD,SOLDRICHARDSONRDST RD 446,LN CONTROL,2021-04-10 05:55:00,,,
2358,BLOOMINGTON PD,BLOOMINGTON,2,0.0,1.0,0,0,,,,E 3RD ST,ST RD 46,,,,39.1796780766663,-86.50728805718944,LOCAL/CITY RD,N,URBAN,N,N,N,,DAYLIGHT,CLOUDY,ICE,,FOUR-WAY INTERSECTION,STRAIGHT/LEVEL,ASPHALT,FAILURE TO YIELD RIGHT OF WAY,RIGHT ANGLE,E 3RDSTESTATERD46RD,TRAFFIC CONTROL SIGNAL,2021-04-10 09:35:00,,,
2359,BLOOMINGTON PD,BLOOMINGTON,2,0.0,0.0,0,0,,,,E HILLSIDE DR,S HENDERSON ST,,,,39.17607919125719,-86.51902013609207,LOCAL/CITY RD,N,URBAN,Y,N,N,,DAYLIGHT,CLOUDY,DRY,,FOUR-WAY INTERSECTION,STRAIGHT/LEVEL,ASPHALT,DISREGARD SIGNAL/REG SIGN,RIGHT ANGLE,EHILLSIDEDRSHENDERSONST,TRAFFIC CONTROL SIGNAL,2021-04-10 09:39:00,,,
2360,BLOOMINGTON PD,BLOOMINGTON,2,0.0,0.0,0,0,,,,ST RD 45/46,N DUNN ST,,,,-3.061748157390763e-05,-3.157959766154795e-05,ST RD,N,URBAN,N,N,N,,DAYLIGHT,RAIN,WET,,FOUR-WAY INTERSECTION,STRAIGHT/LEVEL,ASPHALT,FOLLOWING TOO CLOSELY,REAR END,NDUNNSTST RD 4546 W,TRAFFIC CONTROL SIGNAL,2021-04-10 14:23:00,,,
2361,INDIANA UNIV BLOOMINGTON PD,BLOOMINGTON,2,0.0,0.0,0,0,,,,ST RD 45/46,E 17TH ST,,,,39.135975058180335,-86.52885564198026,ST RD,N,URBAN,N,N,N,,DAYLIGHT,CLOUDY,WET,,T-INTERSECTION,STRAIGHT/LEVEL,ASPHALT,FOLLOWING TOO CLOSELY,REAR END,EAST17THSTST RD 46,TRAFFIC CONTROL SIGNAL,2021-04-10 15:15:00,,,
2362,BLOOMINGTON PD,BLOOMINGTON,2,0.0,1.0,0,0,,,,ST RD 46,KINGSTON DR S,,,,39.16301859898434,-86.5177651308014,LOCAL/CITY RD,N,URBAN,N,N,N,,DAYLIGHT,CLEAR,DRY,,FOUR-WAY INTERSECTION,STRAIGHT/LEVEL,ASPHALT,DISREGARD SIGNAL/REG SIGN,LEFT TURN,E 3RDSTSKINGSTONDR,TRAFFIC CONTROL SIGNAL,2021-04-10 16:37:00,,,
2363,MONROE SD,BLOOMINGTON,2,0.0,0.0,0,0,,,,S LEONARD SPRINGS RD,W WALNUT LEAF DR,,,,39.24509545366884,-86.63524268962892,LOCAL/CITY RD,N,URBAN,N,N,N,,DAYLIGHT,CLEAR,DRY,,T-INTERSECTION,STRAIGHT/LEVEL,ASPHALT,FOLLOWING TOO CLOSELY,REAR END,LEONARDSPRINGSRDWALNUTLEAFDR,LN CONTROL,2021-04-10 16:53:00,,,
2364,MONROE SD,BLOOMINGTON,1,0.0,0.0,0,0,,,,I-69 N,,,100.0,N,39.22934783003332,-86.62357850907539,INTERSTATE,N,RURAL,N,Y,N,,DAYLIGHT,RAIN,WATER (STANDING OR MOVING),,NO JUNCTION INVOLVED,STRAIGHT/GRADE,ASPHALT,RAN OFF RD RIGHT,RAN OFF RD,I-69 N125,NONE,2021-04-10 17:50:00,,,
2365,BLOOMINGTON PD,BLOOMINGTON,2,0.0,0.0,0,0,,,,E 3RD ST,S ROOSEVELT ST,,,,39.16428588658269,-86.52695279620959,LOCAL/CITY RD,N,URBAN,N,N,N,,DAYLIGHT,RAIN,WATER (STANDING OR MOVING),,T-INTERSECTION,STRAIGHT/GRADE,ASPHALT,FOLLOWING TOO CLOSELY,REAR END,E 3RDSTSROOSEVELTST,NONE,2021-04-10 18:00:00,,,
2366,INDIANA UNIV BLOOMINGTON PD,BLOOMINGTON,2,0.0,0.0,0,0,,,,N EAGLESON AVE,E LINGELBACH LN,,,,39.1716,-86.51901,UNKNOWN,N,URBAN,N,N,N,,DAYLIGHT,RAIN,WET,,NO JUNCTION INVOLVED,STRAIGHT/LEVEL,ASPHALT,OTHER (DRIVER) - EXPLAIN IN NARRATIVE,OPPOSITE DIRECTION SIDESWIPE,ELINGELBACHLNEAGLESON AVEAVE,NONE,2021-04-10 18:07:00,,,
2367,BLOOMINGTON PD,BLOOMINGTON,3,0.0,0.0,0,0,,,,ST RD 45/46,N KINSER PK,,,,39.22764822855564,-86.61595384407113,LOCAL/CITY RD,N,URBAN,N,N,N,,DAWN/DUSK,RAIN,WET,,FOUR-WAY INTERSECTION,STRAIGHT/LEVEL,ASPHALT,FOLLOWING TOO CLOSELY,REAR END,NKINSERPKSTATERD4546BYP,TRAFFIC CONTROL SIGNAL,2021-04-10 18:45:00,,,
2368,BLOOMINGTON PD,BLOOMINGTON,2,0.0,0.0,0,0,1361,,,W MILIEU DR,S WESTPLEX AVE,,,,39.171441763636224,-86.49541964861346,UNKNOWN,Y,URBAN,N,N,N,,UNKNOWN,CLEAR,DRY,,NO JUNCTION INVOLVED,STRAIGHT/LEVEL,ASPHALT,UNSAFE LN MOVEMENT,SAME DIRECTION SIDESWIPE,WESTMILIEUDR,NONE,2021-04-09 01:00:00,,,
2369,BLOOMINGTON PD,BLOOMINGTON,2,0.0,0.0,0,0,,,,N LINDBERGH DR,W 14TH ST,,,,39.16134110747582,-86.53873058638437,LOCAL/CITY RD,Y,URBAN,N,N,N,,DARK (NOT LIGHTED),CLOUDY,DRY,,NO JUNCTION INVOLVED,STRAIGHT/LEVEL,ASPHALT,IMPROPER LN USAGE,SAME DIRECTION SIDESWIPE,NLINDBERGHDRW14THST,NONE,2021-04-09 02:30:00,,,
2370,MONROE SD,BLOOMINGTON,1,0.0,1.0,0,0,,,,E ROBINSON RD,,,2789.0,E,39.1646164322956,-86.58299663285457,LOCAL/CITY RD,N,RURAL,N,N,N,,DARK (NOT LIGHTED),CLEAR,DRY,,NO JUNCTION INVOLVED,STRAIGHT/GRADE,ASPHALT,RAN OFF RD RIGHT,RAN OFF RD,OLDST RD 37RDROBINSONRD,NONE,2021-04-09 04:44:00,,,
2371,BLOOMINGTON PD,BLOOMINGTON,2,0.0,0.0,0,0,,,,N COLLEGE AVE,W 14TH ST,,,,39.162383583359215,-86.53873001517097,LOCAL/CITY RD,N,URBAN,N,N,N,,DARK (LIGHTED),CLEAR,DRY,,NO JUNCTION INVOLVED,STRAIGHT/GRADE,ASPHALT,OTHER (DRIVER) - EXPLAIN IN NARRATIVE,SAME DIRECTION SIDESWIPE,NCOLLEGEAVEW14THST,LN CONTROL,2021-04-09 05:30:00,,,
2372,BLOOMINGTON PD,BLOOMINGTON,1,0.0,0.0,0,0,,,,S CURRY PK,CAMPBELL'S,,200.0,N,39.18649,-86.55111,LOCAL/CITY RD,N,URBAN,N,N,N,,DAYLIGHT,CLOUDY,DRY,,NO JUNCTION INVOLVED,STRAIGHT/LEVEL,ASPHALT,RAN OFF RD RIGHT,RAN OFF RD,CURRYPKROLLAVE,LN CONTROL,2021-04-09 09:50:00,,,
2373,BLOOMINGTON PD,BLOOMINGTON,1,0.0,1.0,0,0,,,,W COUNTRYSIDE LN,S ROCKPORT RD,,,,39.102999207555676,-86.3817008918702,LOCAL/CITY RD,N,URBAN,N,N,N,,DAYLIGHT,CLEAR,DRY,,FOUR-WAY INTERSECTION,STRAIGHT/GRADE,CONCRETE,PEDESTRIAN ACTION,RIGHT ANGLE,SOUTHROCKPORTRDWESTCOUNTRYSIDELN,STOP SIGN,2021-04-09 13:45:00,,,True
2374,BLOOMINGTON PD,BLOOMINGTON,2,0.0,0.0,0,0,,,,N ROGERS ST,W 11TH ST,,,,39.130805241994956,-86.52684294746425,LOCAL/CITY RD,Y,URBAN,N,N,N,,DAYLIGHT,CLEAR,DRY,,FOUR-WAY INTERSECTION,STRAIGHT/LEVEL,ASPHALT,FAILURE TO YIELD RIGHT OF WAY,RIGHT TURN,NRODGERSSTW11THST,STOP SIGN,2021-04-09 14:55:00,,,
2375,MONROE SD,BLOOMINGTON,2,0.0,2.0,0,0,,,,ST RD 48,N PROFILE PKWY,,,,39.164518488519924,-86.57306433267037,ST RD,N,URBAN,N,N,N,,DAYLIGHT,CLEAR,DRY,,FOUR-WAY INTERSECTION,STRAIGHT/LEVEL,ASPHALT,DISREGARD SIGNAL/REG SIGN,OTHER - EXPLAIN IN NARRATIVE,PROFILEPKWYST RD 48W,TRAFFIC CONTROL SIGNAL,2021-04-09 16:53:00,,,
2376,BLOOMINGTON PD,BLOOMINGTON,2,0.0,2.0,0,0,,,,E 10TH ST,N WASHINGTON ST,,,,39.3387288821751,-86.50945807687614,LOCAL/CITY RD,N,URBAN,N,N,N,,DAWN/DUSK,CLEAR,DRY,,FOUR-WAY INTERSECTION,STRAIGHT/GRADE,ASPHALT,FAILURE TO YIELD RIGHT OF WAY,LEFT TURN,E 10THSTNWASHINGTONST,NONE,2021-04-09 19:00:00,,,
2377,INDIANA UNIV BLOOMINGTON PD,BLOOMINGTON,2,0.0,0.0,0,0,,,,ST RD 45/46,E 10TH ST,,300.0,N,39.15032130994744,-86.47139585878381,ST RD,N,URBAN,N,N,N,,DAWN/DUSK,CLOUDY,DRY,,NO JUNCTION INVOLVED,STRAIGHT/LEVEL,ASPHALT,FOLLOWING TOO CLOSELY,REAR END,10THSTST RD 45S,NONE,2021-04-09 20:10:00,,,
2378,ELLETTSVILLE PD,ELLETTSVILLE,2,0.0,0.0,0,0,,,,ST RD 46,S PARK ST,,,,39.17155275985064,-86.51566019615247,LOCAL/CITY RD,N,URBAN,N,N,N,,DARK (NOT LIGHTED),CLEAR,DRY,,T-INTERSECTION,STRAIGHT/LEVEL,ASPHALT,DRIVER DISTRACTED - EXPLAIN IN NARRATIVE,REAR END,PARKSTTEMPERANCEST,LN CONTROL,2021-04-09 20:12:00,,,
2379,MONROE SD,BLOOMINGTON,1,0.0,0.0,0,1,,,,W ST RD 37,,,2000.0,S,39.18344404964215,-86.53066412346723,ST RD,N,RURAL,N,N,N,,DARK (NOT LIGHTED),CLOUDY,DRY,,NO JUNCTION INVOLVED,STRAIGHT/GRADE,ASPHALT,ANIMAL/OBJECT IN RDWAY,COLLISION WITH DEER,OLDMEYERSRDN ST RD 37,NONE,2021-04-09 20:36:00,,,
2380,MONROE SD,BLOOMINGTON,2,0.0,0.0,0,0,,,,N FOW HOLLOW RD,,,2000.0,S,39.12224744231916,-86.57144064380125,COUNTY RD,N,RURAL,N,N,N,,DAYLIGHT,CLOUDY,DRY,,NO JUNCTION INVOLVED,CURVE/HILLCREST,ASPHALT,IMPROPER LN USAGE,OPPOSITE DIRECTION SIDESWIPE,EVIXENDRNFOWHOLLOWRD,NONE,2021-04-09 21:35:00,,,
2381,ELLETTSVILLE PD,ELLETTSVILLE,1,0.0,0.0,0,0,8201,,,ST RD 46,ENTRANCE TO RICHARD'S SMALL ENGINE INC,,,,39.21513,-86.59267,ST RD,N,RURAL,N,N,N,,DARK (NOT LIGHTED),RAIN,WET,,NO JUNCTION INVOLVED,CURVE/GRADE,ASPHALT,UNSAFE SPEED,RAN OFF RD,ST RD 46 W,NONE,2021-04-08 04:53:00,,,
2382,BLOOMINGTON PD,BLOOMINGTON,2,0.0,0.0,0,0,,,,W RALSTON DR,S BANTA AVE,,,,39.142992683613386,-86.53150365551792,LOCAL/CITY RD,Y,URBAN,N,N,N,,DARK (LIGHTED),RAIN,WET,,T-INTERSECTION,STRAIGHT/LEVEL,ASPHALT,IMPROPER PASSING,SAME DIRECTION SIDESWIPE,BANTAAVERALSTONDR,NONE,2021-04-08 06:30:00,,,
2383,BLOOMINGTON PD,BLOOMINGTON,2,0.0,0.0,0,0,,,,W IRIS LN,W HEATHERWOOD LN,,,,39.1862824043979,-86.53164725524488,LOCAL/CITY RD,Y,URBAN,N,N,N,,DAYLIGHT,CLOUDY,DRY,,T-INTERSECTION,STRAIGHT/LEVEL,ASPHALT,UNSAFE BACKING,BACKING CRASH,HEATHERWOODLNIRISLN,NONE,2021-04-08 08:15:00,,,
2384,ISP BLOOMINGTON 33,BLOOMINGTON,1,,1.0,0,0,5175,,,W ST RD 37,,,0.0,,39.13677492792727,-86.58261078664715,LOCAL/CITY RD,,RURAL,N,N,N,,DAYLIGHT,CLOUDY,WET,,NO JUNCTION INVOLVED,,ASPHALT,SPEED TOO FAST FOR WEATHER CONDITIONS,RAN OFF RD,NOldStateRoad37,,2021-04-08 09:52:00,,,
2385,INDIANA UNIV BLOOMINGTON PD,BLOOMINGTON,2,0.0,0.0,0,0,,,,ST RD 45,ST RD 45/46,,160.0,E,,,ST RD,N,URBAN,N,N,N,,DAYLIGHT,CLEAR,DRY,,FOUR-WAY INTERSECTION,STRAIGHT/LEVEL,ASPHALT,FOLLOWING TOO CLOSELY,REAR END,ST RD 45ST RD 46,TRAFFIC CONTROL SIGNAL,2021-04-08 15:30:00,,,
2386,INDIANA UNIV BLOOMINGTON PD,BLOOMINGTON,2,0.0,0.0,0,0,,,,E 17TH ST,N FORREST AVE,,,,39.12234241063883,-86.59644943148933,,Y,URBAN,N,N,N,,DAYLIGHT,CLOUDY,DRY,,NO JUNCTION INVOLVED,STRAIGHT/LEVEL,ASPHALT,IMPROPER TURNING,LEFT/RIGHT TURN,EAST17THSTFORRESTAVE,NONE,2021-04-08 19:52:00,,,
2387,INDIANA UNIV BLOOMINGTON PD,BLOOMINGTON,1,0.0,0.0,0,1,,,,ST RD 46,E 7TH ST,,100.0,N,,,ST RD,N,URBAN,N,N,N,,DARK (NOT LIGHTED),CLEAR,DRY,,NO JUNCTION INVOLVED,STRAIGHT/GRADE,ASPHALT,ANIMAL/OBJECT IN RDWAY,COLLISION WITH DEER,7THSTST RD 46N,NONE,2021-04-08 22:05:00,,,
2388,BLOOMINGTON PD,BLOOMINGTON,2,0.0,0.0,0,0,,,,W 3RD ST,S WALNUT ST,,,,39.1641805311318,-86.49828524456609,LOCAL/CITY RD,N,URBAN,N,N,N,,DARK (LIGHTED),CLEAR,DRY,,NO JUNCTION INVOLVED,STRAIGHT/LEVEL,ASPHALT,FAILURE TO YIELD RIGHT OF WAY,RIGHT ANGLE,3RDSTWALNUTST,TRAFFIC CONTROL SIGNAL,2021-04-08 23:04:00,,,
2389,BLOOMINGTON PD,BLOOMINGTON,2,0.0,0.0,0,0,,,,E HECTOR DR,E KINSER DR,,90.0,S,39.15056,-86.52692,LOCAL/CITY RD,N,URBAN,N,N,N,,DARK (LIGHTED),CLEAR,DRY,,NO JUNCTION INVOLVED,STRAIGHT/LEVEL,ASPHALT,FAILURE TO YIELD RIGHT OF WAY,SAME DIRECTION SIDESWIPE,HECTORDRKINSERDR,NONE,2021-04-07 05:08:00,,,
2390,BLOOMINGTON PD,BLOOMINGTON,2,0.0,0.0,0,0,,,,W 3RD ST,ENTRANCE TO MARATHON GAS STATION,,100.0,E,39.18627456462146,-86.5284421118351,LOCAL/CITY RD,Y,URBAN,,,N,,UNKNOWN,CLEAR,DRY,,NO JUNCTION INVOLVED,CURVE/GRADE,ASPHALT,UNSAFE BACKING,BACKING CRASH,PATTERSONDRW 3RDST,NONE,2021-04-07 10:44:00,,,
2391,BLOOMINGTON PD,BLOOMINGTON,2,0.0,1.0,0,0,,,,S PATTERSON DR,W 2ND ST,,,,39.17966000720435,-86.50728017157256,LOCAL/CITY RD,N,URBAN,N,N,N,,DAYLIGHT,CLEAR,DRY,,FOUR-WAY INTERSECTION,CURVE/GRADE,ASPHALT,FOLLOWING TOO CLOSELY,REAR END,2NDSTPATTERSONDR,TRAFFIC CONTROL SIGNAL,2021-04-07 13:20:00,,,
2392,ELLETTSVILLE PD,ELLETTSVILLE,2,0.0,0.0,0,0,,,,ST RD 46 (EB),N MATTHEWS DR (S),,,,39.16415527934755,-86.49308228800892,ST RD,N,URBAN,N,N,N,,DAYLIGHT,RAIN,WET,,NO JUNCTION INVOLVED,STRAIGHT/LEVEL,ASPHALT,FOLLOWING TOO CLOSELY,REAR END,MATTHEWSDRST RD 46 W,TRAFFIC CONTROL SIGNAL,2021-04-07 14:31:00,,,
2393,MONROE SD,BLOOMINGTON,1,0.0,2.0,0,0,,,,W BURMA RD,N SPRADING RD,,250.0,E,39.14016,-86.58258,LOCAL/CITY RD,N,RURAL,N,N,N,,DAYLIGHT,CLOUDY,WET,,NO JUNCTION INVOLVED,STRAIGHT/GRADE,ASPHALT,RAN OFF RD RIGHT,RAN OFF RD,NSPRADINGRDWBURMARD,NONE,2021-04-07 17:08:00,,,
2394,BLOOMINGTON PD,BLOOMINGTON,2,0.0,1.0,0,0,,,,W COUNTRY CLUB DR,S MADISON ST,,200.0,E,-4.3664838188703145e-05,-2.1981313482943178e-05,LOCAL/CITY RD,N,URBAN,N,N,N,,DAWN/DUSK,CLEAR,DRY,,NO JUNCTION INVOLVED,STRAIGHT/HILLCREST,CONCRETE,FOLLOWING TOO CLOSELY,REAR END,SOUTHMADISONSTWESTCOUNTRYCLUBDR,NONE,2021-04-07 19:20:00,,,
2395,INDIANA UNIV BLOOMINGTON PD,BLOOMINGTON,2,0.0,0.0,0,0,,,,ST RD 45/46,,,,,39.164253021911335,-86.5060297744697,ST RD,Y,URBAN,N,N,N,,DARK (LIGHTED),CLEAR,DRY,,NO JUNCTION INVOLVED,CURVE/LEVEL,ASPHALT,UNSAFE LN MOVEMENT,RAN OFF RD,NEAGLESON AVEAVEST RD 46,LN CONTROL,2021-04-07 21:00:00,,,
2396,ISP BLOOMINGTON 33,BLOOMINGTON,1,,0.0,0,0,,,,ST RD 45,W HINDS RD (NE),,500.0,,39.1771136618748,-86.51257889479609,ST RD,,RURAL,N,Y,N,,DAYLIGHT,CLEAR,DRY,,NO JUNCTION INVOLVED,,ASPHALT,ANIMAL/OBJECT IN RDWAY,COLLISION WITH ANIMAL OTHER,W.JohnWilliamsLnWStateRd45,,2021-04-06 07:20:00,,,
2397,BLOOMINGTON PD,BLOOMINGTON,2,0.0,0.0,0,0,,,,S ROGERS ST,W COUNTRY CLUB DR,,50.0,S,39.186379773428854,-86.53771753498586,LOCAL/CITY RD,N,URBAN,N,N,N,,DAYLIGHT,CLEAR,DRY,,FOUR-WAY INTERSECTION,STRAIGHT/GRADE,ASPHALT,FAILURE TO YIELD RIGHT OF WAY,RIGHT ANGLE,COUNTRYCLUBRDROGERSRD,LN CONTROL,2021-04-06 08:00:00,,,
2398,INDIANA UNIV BLOOMINGTON PD,BLOOMINGTON,2,0.0,2.0,0,0,,,,E 17TH ST,ST RD 45/46,,,,39.16253468895595,-86.553884921921,ST RD,N,URBAN,N,N,N,,DAYLIGHT,CLEAR,DRY,,T-INTERSECTION,STRAIGHT/LEVEL,ASPHALT,FAILURE TO YIELD RIGHT OF WAY,LEFT TURN,EAST17THSTST RD 46,TRAFFIC CONTROL SIGNAL,2021-04-06 12:10:00,,,
2399,BLOOMINGTON PD,BLOOMINGTON,2,0.0,0.0,0,0,,,,W 3RD ST,I-69 N,,,,39.17589322494465,-86.55255856446158,LOCAL/CITY RD,N,URBAN,N,N,N,,DAYLIGHT,CLOUDY,DRY,,RAMP,STRAIGHT/LEVEL,CONCRETE,UNSAFE LN MOVEMENT,LEFT TURN,I-69 NW 3RDST,TRAFFIC CONTROL SIGNAL,2021-04-06 12:52:00,,,
2400,BLOOMINGTON PD,BLOOMINGTON,2,0.0,1.0,0,0,,,,S LIBERTY DR,ENTRANCE TO WHITEHALL PLAZA (N),,100.0,S,39.24419372,-86.49119219,LOCAL/CITY RD,N,URBAN,Y,N,N,,DAYLIGHT,CLOUDY,DRY,,FOUR-WAY INTERSECTION,STRAIGHT/LEVEL,ASPHALT,FAILURE TO YIELD RIGHT OF WAY,RIGHT ANGLE,SLIBERTYDRW 3RDST,STOP SIGN,2021-04-06 13:38:00,,,
2401,MONROE SD,ELLETTSVILLE,2,0.0,0.0,0,0,,,,ST RD 46,N SMITH PK,,,,39.17590842508887,-86.53480625808417,ST RD,Y,URBAN,N,N,N,,DAYLIGHT,CLEAR,DRY,,FOUR-WAY INTERSECTION,STRAIGHT/LEVEL,ASPHALT,OTHER (DRIVER) - EXPLAIN IN NARRATIVE,REAR END,NSMITHPKST RD 45 W,TRAFFIC CONTROL SIGNAL,2021-04-06 17:23:00,,,
2402,BLOOMINGTON PD,BLOOMINGTON,2,0.0,0.0,0,0,,,,N ROGERS ST,W 7TH ST,,,,39.14818678141575,-86.58260947542249,LOCAL/CITY RD,N,URBAN,N,N,N,,DAYLIGHT,CLEAR,DRY,,FOUR-WAY INTERSECTION,STRAIGHT/GRADE,ASPHALT,FAILURE TO YIELD RIGHT OF WAY,LEFT TURN,NROGERSSTW7THST,STOP SIGN,2021-04-06 18:32:00,,,
2403,INDIANA UNIV BLOOMINGTON PD,BLOOMINGTON,2,0.0,0.0,0,0,,,,N FORREST AVE,E 17TH ST,,177.0,S,39.14338971283382,-86.54184454242865,LOCAL/CITY RD,N,URBAN,N,N,N,,DAYLIGHT,CLEAR,DRY,,NO JUNCTION INVOLVED,STRAIGHT/GRADE,ASPHALT,UNSAFE BACKING,BACKING CRASH,EAST17THSTFORRESTAVE,NONE,2021-04-05 13:25:00,,,
2404,BLOOMINGTON PD,BLOOMINGTON,2,0.0,0.0,0,0,,,,W 12TH ST,N SUMMIT ST,,,,39.17326,-86.53856,LOCAL/CITY RD,N,URBAN,N,N,N,,DAYLIGHT,CLEAR,DRY,,T-INTERSECTION,STRAIGHT/GRADE,ASPHALT,IMPROPER TURNING,OPPOSITE DIRECTION SIDESWIPE,NSUMMITSTW12THST,STOP SIGN,2021-04-05 14:54:00,,,
2405,BLOOMINGTON PD,BLOOMINGTON,2,0.0,1.0,0,0,,,,W BLOOMFIELD RD,S CORY LN,,200.0,E,39.16470011729214,-86.5926368387917,LOCAL/CITY RD,N,URBAN,N,N,N,,DAYLIGHT,CLEAR,DRY,,T-INTERSECTION,STRAIGHT/LEVEL,ASPHALT,FAILURE TO YIELD RIGHT OF WAY,SAME DIRECTION SIDESWIPE,SCORYLNWBOOMFIELDRD,NONE,2021-04-05 14:55:00,,,
2406,BLOOMINGTON PD,BLOOMINGTON,2,0.0,0.0,0,0,502,,,S MULLER PKWY,,,,,39.17161123822675,-86.53236944349334,UNKNOWN,Y,URBAN,N,N,N,,UNKNOWN,CLEAR,DRY,,NO JUNCTION INVOLVED,STRAIGHT/GRADE,ASPHALT,IMPROPER TURNING,LEFT TURN,SMULLERPKWY,NONE,2021-04-05 15:25:00,,,
2407,MONROE SD,BLOOMINGTON,1,0.0,1.0,0,0,,,,ST RD 45,N RICHARDSON RD,,,,39.17160485928732,-86.5021503585531,ST RD,N,RURAL,N,N,N,,DAYLIGHT,CLEAR,DRY,,T-INTERSECTION,CURVE/LEVEL,ASPHALT,UNSAFE SPEED,RAN OFF RD,RICHARDSONRDST RD 45E,NONE,2021-04-05 19:05:00,,,