_id,Agency,City,Vehicles Involved,Trailers Involved,Number Injured,Number Dead,Number Deer,House Number,Roadway Interchange,Roadway Ramp,Roadway Id,Intersecting Road,Interchange,Feet From,Direction,Latitude,Longitude,Roadway Class,Hit and Run?,Locality,School Zone?,Rumble Strips?,Construction?,Construction Type,Light Condition,Weather Conditions,Surface Condition,Type of Median,Roadway Junction Type,Road Character,Roadway Surface,Primary Factor,Manner of Collision,Unique Location Id,Traffic Control,DateTime,Address Number,Cyclist Involved,Pedestrian Involved
2408,INDIANA UNIV BLOOMINGTON PD,BLOOMINGTON,2,0.0,0.0,0,0,,,,E 10TH ST,N EAGLESON AVE,,,,39.22933589255678,-86.6184957952407,LOCAL/CITY RD,Y,URBAN,N,N,N,,DARK (LIGHTED),CLEAR,DRY,,FOUR-WAY INTERSECTION,STRAIGHT/LEVEL,ASPHALT,FOLLOWING TOO CLOSELY,REAR END,EAGLESON AVEAVETENTHST,TRAFFIC CONTROL SIGNAL,2021-04-05 20:20:00,,,
2409,BLOOMINGTON PD,BLOOMINGTON,1,0.0,0.0,0,0,,,,S PARK RIDGE RD,E HAGAN ST,,,,,,LOCAL/CITY RD,N,URBAN,N,N,N,,DARK (LIGHTED),CLEAR,DRY,,FOUR-WAY INTERSECTION,STRAIGHT/LEVEL,ASPHALT,RAN OFF RD RIGHT,RAN OFF RD,EHAGANSTSPARKRIDGERD,NONE,2021-04-04 02:00:00,,,
2410,BLOOMINGTON PD,BLOOMINGTON,2,0.0,0.0,0,0,200,,,S MADISON ST,,,100.0,N,,,,Y,URBAN,N,N,N,,DAWN/DUSK,CLEAR,DRY,,NO JUNCTION INVOLVED,STRAIGHT/GRADE,ASPHALT,OTHER (DRIVER) - EXPLAIN IN NARRATIVE,OTHER - EXPLAIN IN NARRATIVE,SMADISONSTW 3RDST,NONE,2021-04-04 15:00:00,,,
2411,INDIANA UNIV BLOOMINGTON PD,BLOOMINGTON,2,0.0,0.0,0,0,,,,N INDIANA AVE,E 13TH ST,,,,39.18625882523011,-86.5245487000523,LOCAL/CITY RD,Y,URBAN,N,N,N,,DARK (NOT LIGHTED),CLEAR,DRY,,FOUR-WAY INTERSECTION,STRAIGHT/LEVEL,ASPHALT,FAILURE TO YIELD RIGHT OF WAY,RIGHT ANGLE,INDIANAAVETHIRTEENTHST,STOP SIGN,2021-04-04 20:53:00,,,
2412,ELLETTSVILLE PD,ELLETTSVILLE,1,0.0,1.0,0,0,,,,ST RD 46,W FOSTER FISCUS RD,,,,39.13851694436794,-86.54484342044297,ST RD,N,RURAL,N,N,N,,DARK (NOT LIGHTED),CLEAR,DRY,,T-INTERSECTION,CURVE/LEVEL,ASPHALT,DRIVER DISTRACTED - EXPLAIN IN NARRATIVE,OTHER - EXPLAIN IN NARRATIVE,ST RD 46 WWFOSTERFISCUSRD,LN CONTROL,2021-04-03 06:05:00,,,
2413,ISP BLOOMINGTON 33,BLOOMINGTON,1,,1.0,0,0,7381,,,ST RD 46,,,1584.0,W,39.12860104531516,-86.58940523717355,ST RD,,RURAL,N,N,N,,DAYLIGHT,CLEAR,DRY,,NO JUNCTION INVOLVED,,ASPHALT,,RAN OFF RD,StateRd46NGettysCreekRoad,,2021-04-03 07:25:00,,,
2414,BLOOMINGTON PD,BLOOMINGTON,2,0.0,0.0,0,0,217,,,W KIRKWOOD AVE,S GENTRY ST,,,,39.22563442,-86.51548794,UNKNOWN,Y,URBAN,N,N,N,,DAYLIGHT,CLEAR,DRY,,NO JUNCTION INVOLVED,STRAIGHT/GRADE,ASPHALT,IMPROPER TURNING,SAME DIRECTION SIDESWIPE,WKIRKWOODAVE,NONE,2021-04-03 10:00:00,,,
2415,INDIANA UNIV BLOOMINGTON PD,BLOOMINGTON,2,0.0,0.0,0,0,,,,S HENDERSON ST,E ATWATER AVE,,,,39.143541802517376,-86.58034916007365,LOCAL/CITY RD,Y,URBAN,N,N,N,,DAYLIGHT,CLEAR,DRY,,FOUR-WAY INTERSECTION,STRAIGHT/GRADE,ASPHALT,IMPROPER PASSING,SAME DIRECTION SIDESWIPE,ATWATERAVEHENDERSONST,TRAFFIC CONTROL SIGNAL,2021-04-03 17:45:00,,,
2416,BLOOMINGTON PD,BLOOMINGTON,2,0.0,1.0,0,0,,,Y,W 3RD ST,I-69 N,,,,39.17900318063105,-86.52250956981185,LOCAL/CITY RD,N,URBAN,N,N,N,,DAWN/DUSK,CLEAR,DRY,,FOUR-WAY INTERSECTION,CURVE/LEVEL,ASPHALT,FOLLOWING TOO CLOSELY,REAR END,I60RAMPWEST3RDST,TRAFFIC CONTROL SIGNAL,2021-04-03 19:40:00,,,
2417,MONROE SD,BLOOMINGTON,1,0.0,0.0,0,1,,,,S GARRISON CHAPEL RD,W GIFFORD,,100.0,S,39.16763752700091,-86.50003888503764,COUNTY RD,N,RURAL,N,N,N,,DARK (NOT LIGHTED),CLEAR,DRY,,NO JUNCTION INVOLVED,STRAIGHT/GRADE,ASPHALT,ANIMAL/OBJECT IN RDWAY,COLLISION WITH DEER,SGARRISONCHAPELRDWGIFFORDRD,LN CONTROL,2021-04-02 06:43:00,,,
2418,MONROE SD,BLOOMINGTON,2,0.0,0.0,0,0,,,,S FAIRFAX RD,E RAMP CREEK RD,,,,39.16459,-86.53363,COUNTY RD,N,RURAL,N,N,N,,DARK (NOT LIGHTED),CLEAR,DRY,,FOUR-WAY INTERSECTION,STRAIGHT/GRADE,ASPHALT,FAILURE TO YIELD RIGHT OF WAY,LEFT/RIGHT TURN,EASTRAMPCREEKRDSOUTHFAIRFAXRD,STOP SIGN,2021-04-02 06:45:00,,,
2419,MONROE SD,BLOOMINGTON,3,0.0,1.0,0,0,,,,W GORDON PK,,,356.0,W,39.17447296504756,-86.47854303541403,LOCAL/CITY RD,N,URBAN,N,N,N,,DAYLIGHT,CLEAR,DRY,,NO JUNCTION INVOLVED,STRAIGHT/GRADE,ASPHALT,OTHER (ENVIRONMENTAL) - EXPLAIN IN NARR,REAR END,SWALNUTSTWGORDONPK,NONE,2021-04-02 08:06:00,,,
2420,INDIANA UNIV BLOOMINGTON PD,BLOOMINGTON,2,0.0,0.0,0,0,,,,ST RD 45/46,ST RD 45,,,,39.16432855274852,-86.58343491007547,ST RD,N,URBAN,N,N,N,,DAYLIGHT,CLEAR,DRY,,FOUR-WAY INTERSECTION,STRAIGHT/LEVEL,ASPHALT,FOLLOWING TOO CLOSELY,REAR END,ST RD 46UNIONVILLERD,TRAFFIC CONTROL SIGNAL,2021-04-02 10:50:00,,,
2421,INDIANA UNIV BLOOMINGTON PD,BLOOMINGTON,2,0.0,0.0,0,0,,,,E 3RD ST,S EAGLESON AVE,,,,39.16073983953227,-86.54852549584366,LOCAL/CITY RD,N,URBAN,N,N,N,,DAYLIGHT,CLEAR,DRY,,FOUR-WAY INTERSECTION,STRAIGHT/LEVEL,ASPHALT,IMPROPER LN USAGE,LEFT TURN,EAGLESON AVEAVE 3RDST,TRAFFIC CONTROL SIGNAL,2021-04-02 11:25:00,,,
2422,ISP BLOOMINGTON 33,BLOOMINGTON,2,,0.0,0,0,,,,S WALNUT ST,ENTRANCE TO KROGER (S),,800.0,N,39.23484,-86.6263,COUNTY RD,,RURAL,N,N,N,,DAYLIGHT,CLEAR,DRY,,NO JUNCTION INVOLVED,,ASPHALT,FOLLOWING TOO CLOSELY,REAR END,SOrchardLaneSOldStateRoad37,,2021-04-02 11:35:00,,,
2423,BLOOMINGTON PD,BLOOMINGTON,2,0.0,0.0,0,0,,,,E 3RD ST,S JEFFERSON ST,,,,39.32539460822074,-86.52030230101353,LOCAL/CITY RD,Y,URBAN,N,N,N,,DAYLIGHT,CLEAR,DRY,,T-INTERSECTION,STRAIGHT/LEVEL,ASPHALT,FOLLOWING TOO CLOSELY,REAR END,E 3RDSTSJEFFERSONST,TRAFFIC CONTROL SIGNAL,2021-04-02 13:34:00,,,
2424,ELLETTSVILLE PD,ELLETTSVILLE,1,0.0,1.0,0,0,,,,ST RD 46,W FOSTER FISCUS RD,,180.0,E,39.135998400171,-86.53716303775286,ST RD,N,URBAN,N,N,N,,DAWN/DUSK,CLEAR,DRY,,T-INTERSECTION,CURVE/GRADE,ASPHALT,RAN OFF RD RIGHT,RAN OFF RD,FOSTERFISCUSRDST RD 46 W,NONE,2021-04-02 19:35:00,,,
2425,INDIANA UNIV BLOOMINGTON PD,BLOOMINGTON,2,0.0,0.0,0,0,389,,,E VARSITY LN,,,298.0,W,-3.9415284921387835e-05,-3.892318254338314e-05,LOCAL/CITY RD,N,URBAN,N,N,N,,DARK (LIGHTED),CLEAR,DRY,,NO JUNCTION INVOLVED,STRAIGHT/LEVEL,ASPHALT,UNSAFE BACKING,BACKING CRASH,DUNNSTEVARSITYLN,NONE,2021-04-01 01:00:00,,,
2426,INDIANA UNIV BLOOMINGTON PD,BLOOMINGTON,3,0.0,0.0,0,0,928,,,E 3RD ST,ENTRANCE TO PI BETA PHI,,215.0,W,39.08989,-86.66626,LOCAL/CITY RD,N,URBAN,N,N,N,,DAYLIGHT,CLOUDY,DRY,,T-INTERSECTION,STRAIGHT/LEVEL,ASPHALT,IMPROPER LN USAGE,SAME DIRECTION SIDESWIPE,FACULTYAVE 3RDST,NONE,2021-04-01 12:48:00,,,
2427,BLOOMINGTON PD,BLOOMINGTON,2,0.0,0.0,0,0,,,,ST RD 45/46,N WALNUT ST,,,,39.13600419071308,-86.53831932497295,ST RD,Y,URBAN,N,N,N,,DAYLIGHT,CLEAR,DRY,,FOUR-WAY INTERSECTION,STRAIGHT/LEVEL,ASPHALT,IMPROPER LN USAGE,SAME DIRECTION SIDESWIPE,NWALNUTSTST RD 4546 W,TRAFFIC CONTROL SIGNAL,2021-04-01 14:21:00,,,
2428,MONROE SD,BLOOMINGTON,1,0.0,1.0,0,0,,,,N BOTTOM RD,,,300.0,S,39.179663973764484,-86.50730329460112,COUNTY RD,N,RURAL,N,N,N,,DAYLIGHT,CLEAR,DRY,,T-INTERSECTION,CURVE/LEVEL,ASPHALT,RAN OFF RD RIGHT,RAN OFF RD,NBOTTOMRDWMAPLEGROVERD,NONE,2021-04-01 15:58:00,,,
2429,MONROE SD,BLOOMINGTON,2,0.0,0.0,0,0,,,,W FULLERTON PK,S DUNCAN RD,,,,39.16451658497926,-86.57305641416268,LOCAL/CITY RD,N,URBAN,N,N,N,,DAYLIGHT,CLEAR,DRY,,T-INTERSECTION,STRAIGHT/LEVEL,ASPHALT,FAILURE TO YIELD RIGHT OF WAY,RAN OFF RD,DUNCANRDFULLERTONPK,STOP SIGN,2021-04-01 17:18:00,,,
2430,MONROE SD,BLOOMINGTON,2,1.0,0.0,0,0,,,,S ROCKPORT RD,ENTRANCE TO INDEPENDENT LIMESTONE,,250.0,N,39.15502,-86.57526,LOCAL/CITY RD,N,RURAL,N,N,N,,DAYLIGHT,CLEAR,DRY,,NO JUNCTION INVOLVED,CURVE/GRADE,ASPHALT,RAN OFF RD RIGHT,RAN OFF RD,MAYRDROCKPORTRD,NONE,2021-04-01 18:13:00,,,
2431,BLOOMINGTON PD,BLOOMINGTON,2,0.0,0.0,0,0,,,,W 3RD ST,I-69 N,,,,39.20995381269502,-86.58271040201849,LOCAL/CITY RD,Y,URBAN,N,N,N,,DAWN/DUSK,CLEAR,DRY,,RAMP,CURVE/GRADE,CONCRETE,FOLLOWING TOO CLOSELY,REAR END,I-69 NW 3RDST,TRAFFIC CONTROL SIGNAL,2021-04-01 20:14:00,,,
2432,BLOOMINGTON PD,BLOOMINGTON,1,0.0,0.0,0,0,6565,,,ST RD 46,,,,,39.16853188024031,-86.53870690492079,ST RD,N,RURAL,N,N,N,,DARK (NOT LIGHTED),RAIN,WET,,NO JUNCTION INVOLVED,CURVE/LEVEL,ASPHALT,RAN OFF RD RIGHT,RAN OFF RD,ST RD 46E,NONE,2021-03-31 02:27:00,,,
2433,ISP BLOOMINGTON 33,ELLETTSVILLE,2,,0.0,0,0,,,,ST RD 46,W ARLINGTON RD,,0.0,,39.178978426178695,-86.52249075859754,ST RD,,URBAN,N,N,N,,DAYLIGHT,CLEAR,DRY,,FOUR-WAY INTERSECTION,,ASPHALT,FAILURE TO YIELD RIGHT OF WAY,HEAD ON BETWEEN TWO MOTOR VEHICLES,StateRd46StateRd46,,2021-03-31 07:25:00,,,
2434,MONROE SD,BLOOMINGTON,2,0.0,0.0,0,0,,,,ST RD 46,N SMITH PK,,270.0,E,39.17423191669597,-86.54810267173546,ST RD,N,URBAN,N,N,N,,DAYLIGHT,CLEAR,DRY,,NO JUNCTION INVOLVED,CURVE/GRADE,ASPHALT,DRIVER DISTRACTED - EXPLAIN IN NARRATIVE,REAR END,NSMITHPKST RD 46E,NONE,2021-03-31 07:33:00,,,
2435,ELLETTSVILLE PD,ELLETTSVILLE,2,0.0,0.0,0,0,,,,ST RD 46,S BLUE SKY,,600.0,W,39.157068066797706,-86.55972629067863,ST RD,N,URBAN,N,N,N,,DAYLIGHT,CLEAR,DRY,,NO JUNCTION INVOLVED,STRAIGHT/LEVEL,ASPHALT,FAILURE TO YIELD RIGHT OF WAY,SAME DIRECTION SIDESWIPE,SMITHPKST RD 46 W,LN CONTROL,2021-03-31 08:20:00,,,
2436,BLOOMINGTON PD,BLOOMINGTON,1,0.0,0.0,0,0,,,,E HILLSIDE DR,S WALNUT ST,,,,,,LOCAL/CITY RD,N,URBAN,N,N,N,,DAYLIGHT,CLOUDY,DRY,,FOUR-WAY INTERSECTION,STRAIGHT/GRADE,ASPHALT,RAN OFF RD RIGHT,RAN OFF RD,EHILLSIDEDRSWALNUTST,TRAFFIC CONTROL SIGNAL,2021-03-31 14:07:00,,,
2437,BLOOMINGTON PD,BLOOMINGTON,2,0.0,0.0,0,0,,,,E MOORES PK,ST RD 446,,,,39.23979390977875,-86.38761978626641,LOCAL/CITY RD,N,URBAN,N,N,N,,DAYLIGHT,CLEAR,DRY,,FOUR-WAY INTERSECTION,STRAIGHT/LEVEL,ASPHALT,FAILURE TO YIELD RIGHT OF WAY,SAME DIRECTION SIDESWIPE,EMOORESPKST RD 446RD,STOP SIGN,2021-03-30 08:07:00,,,
2438,ISP BLOOMINGTON 33,BLOOMINGTON,2,,0.0,0,0,,,,S FAIRFAX RD,E SCHACHT RD,,500.0,,39.171589523468256,-86.5156601301837,COUNTY RD,,RURAL,N,N,N,,DAYLIGHT,CLEAR,DRY,,NO JUNCTION INVOLVED,,ASPHALT,LEFT OF CENTER,SAME DIRECTION SIDESWIPE,WalnutStreetPikeSFairfaxRd,,2021-03-30 08:32:00,,,
2439,INDIANA UNIV BLOOMINGTON PD,BLOOMINGTON,2,0.0,0.0,0,0,,,,MCNUTT CIRCLE,,,,,39.16293363083291,-86.47623653184503,UNKNOWN,N,URBAN,N,N,N,,DARK (LIGHTED),CLEAR,DRY,,NO JUNCTION INVOLVED,CURVE/LEVEL,CONCRETE,UNSAFE BACKING,BACKING CRASH,FEELNNFOSTERDR,NONE,2021-03-30 08:45:00,,,
2440,ELLETTSVILLE PD,ELLETTSVILLE,2,0.0,0.0,0,0,,,,ST RD 46,N CAPITOL AVE,,100.0,E,39.16470363504782,-86.53734055456556,ST RD,N,URBAN,N,N,N,,DAYLIGHT,CLEAR,DRY,,NO JUNCTION INVOLVED,STRAIGHT/LEVEL,ASPHALT,FOLLOWING TOO CLOSELY,REAR END,CAPITALAVEST RD 46 W,NONE,2021-03-30 15:40:00,,,
2441,ISP BLOOMINGTON 33,BLOOMINGTON,1,,1.0,0,0,,,,I-69 S,W TAPP RD,,0.0,,39.175211807760704,-86.52704118854658,INTERSTATE,,URBAN,N,N,N,,DARK (LIGHTED),RAIN,WET,,RAMP,,ASPHALT,OTHER (DRIVER) - EXPLAIN IN NARRATIVE,RAN OFF RD,I-69,,2021-03-30 20:30:00,,,
2442,MONROE SD,BLOOMINGTON,1,0.0,0.0,0,1,,,,I-69 N,,,500.0,N,39.28007123080354,-86.67978113434522,INTERSTATE,N,RURAL,N,Y,N,,DAWN/DUSK,CLEAR,DRY,,NO JUNCTION INVOLVED,STRAIGHT/LEVEL,CONCRETE,ANIMAL/OBJECT IN RDWAY,COLLISION WITH DEER,I-69 N108.0,NONE,2021-03-29 06:45:00,,,
2443,MONROE SD,BLOOMINGTON,2,0.0,0.0,0,0,,,,W CHURCH LN,,,250.0,E,39.163556165425405,-86.42620539045228,COUNTY RD,N,RURAL,N,N,N,,DAYLIGHT,CLEAR,DRY,,NO JUNCTION INVOLVED,CURVE/HILLCREST,ASPHALT,LEFT OF CENTER,OPPOSITE DIRECTION SIDESWIPE,SVICTORPKWCHURCHLN,LN CONTROL,2021-03-29 09:55:00,,,
2444,BLOOMINGTON PD,BLOOMINGTON,2,0.0,0.0,0,0,,,,ST RD 48,S LIBERTY DR,,,,39.16659949081685,-86.53487164150901,LOCAL/CITY RD,N,URBAN,N,N,N,,DAYLIGHT,CLEAR,DRY,,FOUR-WAY INTERSECTION,STRAIGHT/LEVEL,ASPHALT,FAILURE TO YIELD RIGHT OF WAY,LEFT TURN,3RDSTLIBERTYDR,NONE,2021-03-29 11:49:00,,,
2445,BLOOMINGTON PD,BLOOMINGTON,2,0.0,1.0,0,0,,,,ST RD 48,S LIBERTY DR,,,,39.1631255212634,-86.5272728973634,LOCAL/CITY RD,N,URBAN,N,N,N,,DAYLIGHT,CLEAR,DRY,,FOUR-WAY INTERSECTION,STRAIGHT/GRADE,ASPHALT,BRAKE FAILURE OR DEFECTIVE,REAR END,SLIBERTYDRW 3RDST,LN CONTROL,2021-03-29 13:39:00,,,
2446,INDIANA UNIV BLOOMINGTON PD,BLOOMINGTON,2,0.0,0.0,0,0,,,,E 17TH ST,N FEE LN,,165.0,W,39.164486770195204,-86.57304492262242,LOCAL/CITY RD,N,URBAN,N,N,N,,DAYLIGHT,CLEAR,DRY,,FOUR-WAY INTERSECTION,STRAIGHT/LEVEL,ASPHALT,FOLLOWING TOO CLOSELY,REAR END,EAST17THSTFEELN,TRAFFIC CONTROL SIGNAL,2021-03-29 14:45:00,,,
2447,BLOOMINGTON PD,BLOOMINGTON,1,0.0,0.0,0,0,2627,,,S MADISON ST,W WATSON ST,,,,39.15163,-86.64364,LOCAL/CITY RD,N,URBAN,N,N,N,,DAYLIGHT,CLEAR,DRY,,NO JUNCTION INVOLVED,STRAIGHT/LEVEL,ASPHALT,OTHER (DRIVER) - EXPLAIN IN NARRATIVE,RAN OFF RD,SMADISONST,NONE,2021-03-29 14:58:00,,,
2448,MONROE SD,BLOOMINGTON,1,0.0,1.0,0,0,,,,S BREEDEN RD,,,500.0,N,39.07110839405254,-86.50320514035477,COUNTY RD,N,RURAL,N,N,N,,DAYLIGHT,CLEAR,DRY,,NO JUNCTION INVOLVED,STRAIGHT/GRADE,ASPHALT,RAN OFF RD RIGHT,RAN OFF RD,SBREEDENRDWGRAVESRD,NONE,2021-03-29 15:54:00,,,
2449,ISP BLOOMINGTON 33,BLOOMINGTON,2,,0.0,1,0,,,,ST RD 45,,,1291.0,S,39.1214522973858,-86.53134221891962,ST RD,,RURAL,N,N,N,,DAYLIGHT,CLEAR,DRY,,NO JUNCTION INVOLVED,,ASPHALT,LEFT OF CENTER,HEAD ON BETWEEN TWO MOTOR VEHICLES,WIsonRdST RD 451291feetsouth,,2021-03-29 15:58:00,,,
2450,BLOOMINGTON PD,BLOOMINGTON,2,0.0,0.0,0,0,,,,S WALNUT ST,ENTRANCE TO CLEAR CREEK CROSSING (N),,100.0,S,39.17161974249902,-86.50219940584846,LOCAL/CITY RD,N,URBAN,N,N,N,,DAYLIGHT,CLEAR,DRY,,NO JUNCTION INVOLVED,STRAIGHT/LEVEL,ASPHALT,FAILURE TO YIELD RIGHT OF WAY,LEFT TURN,ERHORERRDSWALNUTST,TRAFFIC CONTROL SIGNAL,2021-03-29 16:44:00,,,
2451,INDIANA UNIV BLOOMINGTON PD,BLOOMINGTON,2,0.0,0.0,0,0,,,,E 3RD ST,N WOODLAWN AVE,,,,39.164223628590285,-86.51645868001738,UNKNOWN,N,URBAN,N,N,N,,DAYLIGHT,CLEAR,DRY,,NO JUNCTION INVOLVED,NON-RDWAY CRASH,ASPHALT,UNSAFE BACKING,BACKING CRASH,3RDSTWOODLAWNAVE,NONE,2021-03-29 17:15:00,,,
2452,ISP BLOOMINGTON 33,BLOOMINGTON,2,,0.0,0,0,,,,W KARST FARM PARK DR,S ENDWRIGHT RD,,0.0,,39.143025727876676,-86.53154278443903,,,RURAL,N,N,N,,DAYLIGHT,CLEAR,DRY,,NO JUNCTION INVOLVED,,ASPHALT,UNSAFE SPEED,REAR END,WKarstFarmParkDr,,2021-03-29 19:35:00,,,
2453,INDIANA UNIV BLOOMINGTON PD,BLOOMINGTON,2,0.0,0.0,0,0,,,,ST RD 45/46,E 10TH ST,,,,39.16422057999523,-86.50711044394474,ST RD,N,URBAN,N,N,N,,DARK (LIGHTED),CLEAR,DRY,,FOUR-WAY INTERSECTION,STRAIGHT/LEVEL,ASPHALT,FOLLOWING TOO CLOSELY,REAR END,ST RD 46UNIONVILLERD,TRAFFIC CONTROL SIGNAL,2021-03-29 20:08:00,,,
2454,BLOOMINGTON PD,BLOOMINGTON,2,0.0,0.0,0,0,,,,N WALNUT ST,W 14TH ST,,,,39.28006964572014,-86.67980656811802,LOCAL/CITY RD,N,URBAN,N,N,N,,DAYLIGHT,CLEAR,DRY,,T-INTERSECTION,STRAIGHT/GRADE,ASPHALT,FAILURE TO YIELD RIGHT OF WAY,LEFT TURN,NWALNUTSTW14THST,STOP SIGN,2021-03-29 22:00:00,,,
2455,INDIANA UNIV BLOOMINGTON PD,BLOOMINGTON,2,0.0,0.0,0,0,,,,E 7TH ST,,,653.0,E,39.18297116645679,-86.52834384721018,LOCAL/CITY RD,N,URBAN,N,N,N,,DAYLIGHT,CLOUDY,DRY,,NO JUNCTION INVOLVED,STRAIGHT/LEVEL,ASPHALT,IMPROPER LN USAGE,SAME DIRECTION SIDESWIPE,E7THSTNFORRESTAVE,NONE,2021-03-28 12:00:00,,,
2456,BLOOMINGTON PD,BLOOMINGTON,2,0.0,1.0,0,0,,,,S COLLEGE MALL RD,E BUICK CADILLAC BLVD,,,,39.164172433254706,-86.49469306647724,LOCAL/CITY RD,N,URBAN,N,N,N,,DAYLIGHT,CLEAR,DRY,,FOUR-WAY INTERSECTION,STRAIGHT/LEVEL,ASPHALT,FAILURE TO YIELD RIGHT OF WAY,LEFT TURN,EBUICKCADILLACBLVDSCOLLEGEMALLRD,TRAFFIC CONTROL SIGNAL,2021-03-28 12:30:00,,,
2457,BLOOMINGTON PD,BLOOMINGTON,2,0.0,4.0,0,0,,,,E 10TH ST,ST RD 45/46,,300.0,W,39.18623693741995,-86.53456935603369,LOCAL/CITY RD,N,URBAN,N,N,N,,DARK (LIGHTED),RAIN,WET,,NO JUNCTION INVOLVED,STRAIGHT/HILLCREST,ASPHALT,IMPROPER LN USAGE,HEAD ON BETWEEN TWO MOTOR VEHICLES,E10STSTRD4546BYP,NONE,2021-03-28 13:04:00,,,
2458,BLOOMINGTON PD,BLOOMINGTON,2,0.0,0.0,0,0,,,,ST RD 48,S CURRY PK,,,,39.24742503090581,-86.54779962419408,LOCAL/CITY RD,N,URBAN,N,N,N,,DAYLIGHT,CLOUDY,DRY,,FOUR-WAY INTERSECTION,STRAIGHT/GRADE,ASPHALT,FAILURE TO YIELD RIGHT OF WAY,LEFT TURN,SCURRYPKW 3RDST,TRAFFIC CONTROL SIGNAL,2021-03-28 13:20:00,,,
2459,BLOOMINGTON PD,BLOOMINGTON,2,0.0,0.0,0,0,,,,S SMITH RD,ST RD 46,,,,39.122194930101664,-86.56453142703428,LOCAL/CITY RD,N,URBAN,N,N,N,,DAYLIGHT,CLOUDY,DRY,,FOUR-WAY INTERSECTION,STRAIGHT/GRADE,ASPHALT,FAILURE TO YIELD RIGHT OF WAY,RIGHT TURN,E 3RDSTSSMITHRD,NONE,2021-03-28 14:42:00,,,
2460,BLOOMINGTON PD,BLOOMINGTON,3,0.0,1.0,0,0,,,,E 3RD ST,S JEFFERSON ST,,,,39.09101835869123,-86.58651430805493,LOCAL/CITY RD,N,URBAN,N,N,N,,DARK (NOT LIGHTED),CLEAR,DRY,,T-INTERSECTION,STRAIGHT/GRADE,ASPHALT,FOLLOWING TOO CLOSELY,REAR END,E 3RDSTSJEFFERSONST,NONE,2021-03-28 20:51:00,,,
2461,ISP BLOOMINGTON 33,BLOOMINGTON,1,,0.0,0,0,,,,N ADAMS ST,INDIANA RAILRD BRIDGE,,65.0,,39.164489991407784,-86.57304999341359,LOCAL/CITY RD,,RURAL,N,N,N,,DAYLIGHT,CLEAR,DRY,,RAILRD CROSSINGS,,ASPHALT,DISREGARD SIGNAL/REG SIGN,OTHER - EXPLAIN IN NARRATIVE,WFountainDr.NAdamsSt,,2021-03-27 01:50:00,,,
2462,MONROE SD,BLOOMINGTON,1,0.0,0.0,0,2,,,,I-69 S,,,100.0,S,39.16498095177734,-86.45236036174751,INTERSTATE,N,URBAN,N,N,N,,DARK (NOT LIGHTED),CLEAR,DRY,,NO JUNCTION INVOLVED,STRAIGHT/LEVEL,ASPHALT,ANIMAL/OBJECT IN RDWAY,COLLISION WITH DEER,I-69S122.5,LN CONTROL,2021-03-27 05:56:00,,,
2463,BLOOMINGTON PD,BLOOMINGTON,2,0.0,0.0,0,0,,,,W 7TH ST,N COLLEGE AVE,,55.0,E,39.20759973327248,-86.57991249963524,LOCAL/CITY RD,Y,URBAN,N,N,N,,DAYLIGHT,CLEAR,DRY,,NO JUNCTION INVOLVED,STRAIGHT/GRADE,ASPHALT,UNSAFE LN MOVEMENT,REAR END,7THSTCOLLEGEAVE,NONE,2021-03-27 08:00:00,,,
2464,BLOOMINGTON PD,BLOOMINGTON,2,0.0,0.0,0,0,,,,E 10TH ST,N INDIANA AVE,,,,39.20991449572948,-86.58271092103362,LOCAL/CITY RD,N,URBAN,N,N,N,,DAYLIGHT,CLEAR,DRY,,FOUR-WAY INTERSECTION,STRAIGHT/GRADE,ASPHALT,IMPROPER LN USAGE,SAME DIRECTION SIDESWIPE,E 10THSTNINDIANAAVE,LN CONTROL,2021-03-27 18:50:00,,,
2465,BLOOMINGTON PD,BLOOMINGTON,2,0.0,0.0,0,0,123,,,W KIRKWOOD AVE,S COLLEGE AVE,,,,39.18624785856945,-86.52457553505245,,Y,URBAN,N,N,N,,DARK (LIGHTED),CLEAR,DRY,,NO JUNCTION INVOLVED,STRAIGHT/GRADE,ASPHALT,IMPROPER TURNING,OTHER - EXPLAIN IN NARRATIVE,KIRKWOODAVE,NONE,2021-03-27 21:45:00,,,
2466,BLOOMINGTON PD,BLOOMINGTON,2,0.0,0.0,0,0,,,,E 4TH ST,S WASHINGTON ST,,,,39.15046198002276,-86.53371511915408,LOCAL/CITY RD,N,URBAN,N,N,N,,DARK (LIGHTED),RAIN,WET,,FOUR-WAY INTERSECTION,STRAIGHT/GRADE,ASPHALT,FOLLOWING TOO CLOSELY,REAR END,E4THSTSWASHINGTONST,STOP SIGN,2021-03-27 23:04:00,,,
2467,BLOOMINGTON PD,BLOOMINGTON,2,0.0,0.0,0,0,,,,S SARE RD,E MOORES PK,,,,39.15034338923799,-86.47142200633894,LOCAL/CITY RD,N,URBAN,N,N,Y,LN CLOSURE,DARK (LIGHTED),CLOUDY,DRY,,FOUR-WAY INTERSECTION,STRAIGHT/LEVEL,ASPHALT,DRIVER ASLEEP OR FATIGUED,REAR END,MOORESPKSARERD,TRAFFIC CONTROL SIGNAL,2021-03-26 06:05:00,,,