_id,Agency,City,Vehicles Involved,Trailers Involved,Number Injured,Number Dead,Number Deer,House Number,Roadway Interchange,Roadway Ramp,Roadway Id,Intersecting Road,Interchange,Feet From,Direction,Latitude,Longitude,Roadway Class,Hit and Run?,Locality,School Zone?,Rumble Strips?,Construction?,Construction Type,Light Condition,Weather Conditions,Surface Condition,Type of Median,Roadway Junction Type,Road Character,Roadway Surface,Primary Factor,Manner of Collision,Unique Location Id,Traffic Control,DateTime,Address Number,Cyclist Involved,Pedestrian Involved
2468,BLOOMINGTON PD,BLOOMINGTON,2,0.0,0.0,0,0,,118,1,I-69 N,W 3RD ST,,,,39.10685358262594,-86.52379839147041,INTERSTATE,N,URBAN,N,N,N,,DAYLIGHT,CLOUDY,DRY,,RAMP,STRAIGHT/LEVEL,ASPHALT,OTHER (DRIVER) - EXPLAIN IN NARRATIVE,REAR END,I-69 N,LN CONTROL,2021-03-26 08:27:00,,,
2469,BLOOMINGTON PD,BLOOMINGTON,2,0.0,1.0,0,0,,,,S HENDERSON ST,S WALNUT ST PK,,,,39.174895815937454,-86.51666248725334,LOCAL/CITY RD,N,URBAN,N,N,N,,UNKNOWN,CLEAR,DRY,,Y-INTERSECTION,STRAIGHT/HILLCREST,CONCRETE,UNSAFE SPEED,REAR END,SHENDERSONSTSWALNUTSTPK,NONE,2021-03-26 18:47:00,,,
2470,BLOOMINGTON PD,BLOOMINGTON,2,0.0,1.0,0,0,,,,ST RD 46,S PETE LLIS DR,,,,39.22318892327984,-86.60913225399058,LOCAL/CITY RD,N,URBAN,N,N,N,,DAYLIGHT,CLEAR,DRY,,T-INTERSECTION,STRAIGHT/LEVEL,ASPHALT,FAILURE TO YIELD RIGHT OF WAY,LEFT TURN,E 3RDSTNPETEELLISDR,TRAFFIC CONTROL SIGNAL,2021-03-26 19:32:00,,,
2471,ELLETTSVILLE PD,ELLETTSVILLE,1,0.0,0.0,0,0,7353,,,ST RD 46,W MAPLE GROVE RD,,650.0,W,39.13679799095478,-86.57319549977493,ST RD,N,URBAN,N,N,N,,DARK (LIGHTED),CLEAR,DRY,,NO JUNCTION INVOLVED,CURVE/LEVEL,ASPHALT,ANIMAL/OBJECT IN RDWAY,COLLISION WITH ANIMAL OTHER,NJACCOBSTST RD 46 W,LN CONTROL,2021-03-25 04:04:00,,,
2472,ELLETTSVILLE PD,ELLETTSVILLE,2,0.0,0.0,0,0,,,,ST RD 46,S RIDGE SPRINGS LN,,600.0,W,0.0,0.0,LOCAL/CITY RD,N,URBAN,N,N,N,,DARK (LIGHTED),CLOUDY,DRY,,NO JUNCTION INVOLVED,STRAIGHT/LEVEL,ASPHALT,FAILURE TO YIELD RIGHT OF WAY,REAR END,1600TEMPERANCESTRIDGESPRINGSLN,LN CONTROL,2021-03-25 06:52:00,,,
2473,MONROE SD,ELLETTSVILLE,1,0.0,0.0,0,1,,,,W MCNEELY ST,,,1906.0,W,39.10741320482931,-86.54994246301608,LOCAL/CITY RD,N,RURAL,N,N,N,,DAYLIGHT,CLEAR,DRY,,NO JUNCTION INVOLVED,STRAIGHT/LEVEL,ASPHALT,ANIMAL/OBJECT IN RDWAY,COLLISION WITH DEER,NUNIONVALLEYRDWMCNEELYST,NONE,2021-03-25 07:35:00,,,
2474,BLOOMINGTON PD,BLOOMINGTON,2,0.0,0.0,0,0,,,,S LEONARD SPRINGS RD,W FAIRINGTON DR,,,,39.16456209018345,-86.57916991370685,LOCAL/CITY RD,N,URBAN,N,N,N,,DAYLIGHT,RAIN,WET,,T-INTERSECTION,STRAIGHT/GRADE,ASPHALT,IMPROPER TURNING,LEFT TURN,SLEONARDSPRINGSRDWFAIRINGTONDR,STOP SIGN,2021-03-25 14:15:00,,,
2475,MONROE SD,BLOOMINGTON,2,0.0,0.0,0,0,,,,ST RD 46,N SMITH PK,,,,39.164561499584075,-86.57914197421509,ST RD,N,RURAL,N,N,N,,DAYLIGHT,CLOUDY,DRY,,FOUR-WAY INTERSECTION,STRAIGHT/LEVEL,ASPHALT,FAILURE TO YIELD RIGHT OF WAY,LEFT TURN,NSMITHPKST RD 46 W,TRAFFIC CONTROL SIGNAL,2021-03-25 17:58:00,,,
2476,MONROE SD,BLOOMINGTON,1,0.0,1.0,0,0,,,,S FAIRFAX RD,E LENA AVE,,,,39.17899,-86.51897,COUNTY RD,N,RURAL,N,N,N,,DARK (NOT LIGHTED),CLOUDY,WET,,T-INTERSECTION,CURVE/GRADE,ASPHALT,RAN OFF RD RIGHT,RAN OFF RD,ELENAAVESFAIRFAXRD,NONE,2021-03-25 22:18:00,,,
2477,BLOOMINGTON PD,BLOOMINGTON,2,0.0,0.0,0,0,,,,E 6TH ST,N WALNUT ST,,50.0,E,39.13706288364736,-86.53728026837415,LOCAL/CITY RD,N,URBAN,N,N,N,,DAYLIGHT,CLEAR,WET,,NO JUNCTION INVOLVED,STRAIGHT/GRADE,ASPHALT,UNSAFE BACKING,BACKING CRASH,E6THSTWALNUTST,NONE,2021-03-24 09:05:00,,,
2478,BLOOMINGTON PD,BLOOMINGTON,2,0.0,1.0,0,0,,Y,,I-69 N,W 3RD ST,,,,39.05816677867216,-86.67126764300782,INTERSTATE,N,URBAN,N,N,N,,DAYLIGHT,CLEAR,DRY,,RAMP,CURVE/GRADE,ASPHALT,FOLLOWING TOO CLOSELY,REAR END,I-69 N3RDST,TRAFFIC CONTROL SIGNAL,2021-03-24 13:13:00,,,
2479,INDIANA UNIV BLOOMINGTON PD,BLOOMINGTON,2,0.0,0.0,0,0,2654,,,ST RD 45,ST RD 46,,,,39.12507739680245,-86.61087579295217,UNKNOWN,N,URBAN,N,N,N,,DAYLIGHT,CLEAR,DRY,,T-INTERSECTION,STRAIGHT/GRADE,ASPHALT,UNSAFE BACKING,BACKING CRASH,EAST10THST,NONE,2021-03-24 14:00:00,,,
2480,INDIANA UNIV BLOOMINGTON PD,BLOOMINGTON,3,0.0,1.0,0,0,,,,N INDIANA AVE,E 13TH ST,,,,39.14301443838453,-86.53154857636511,LOCAL/CITY RD,N,URBAN,N,N,N,,DAYLIGHT,CLEAR,DRY,,FOUR-WAY INTERSECTION,STRAIGHT/GRADE,ASPHALT,FAILURE TO YIELD RIGHT OF WAY,RIGHT ANGLE,INDIANAAVETHIRTEENTHST,NONE,2021-03-24 14:26:00,,,
2481,MONROE SD,BLOOMINGTON,2,0.0,0.0,0,0,,,,W STONEWOOD DR,S BOBCAT BEND,,,,39.16425,-86.52261,COUNTY RD,N,RURAL,N,N,N,,DAYLIGHT,CLEAR,DRY,,T-INTERSECTION,STRAIGHT/LEVEL,ASPHALT,IMPROPER TURNING,LEFT TURN,SBOBCATBNDWSTONEWOODDR,NONE,2021-03-24 15:20:00,,,
2482,INDIANA UNIV BLOOMINGTON PD,BLOOMINGTON,2,0.0,0.0,0,0,,,,N FEE LN,E 17TH ST,,,,39.14035382439577,-86.59636627429967,UNKNOWN,N,URBAN,N,N,N,,DAYLIGHT,CLEAR,DRY,,NO JUNCTION INVOLVED,STRAIGHT/LEVEL,ASPHALT,UNSAFE BACKING,BACKING CRASH,EAST17THSTFEELN,NONE,2021-03-23 11:20:00,,,
2483,INDIANA UNIV BLOOMINGTON PD,BLOOMINGTON,4,0.0,0.0,0,0,,,,E 17TH ST,E LINGELBACH LN,,,,39.17158373423714,-86.50218913461555,LOCAL/CITY RD,N,URBAN,N,N,N,,DAYLIGHT,CLEAR,DRY,,T-INTERSECTION,STRAIGHT/LEVEL,ASPHALT,FOLLOWING TOO CLOSELY,REAR END,ELINGELBACHLNEAST17THST,NONE,2021-03-23 14:18:00,,,
2484,MONROE SD,BLOOMINGTON,1,0.0,0.0,0,0,,,,ST RD 46,,,,,39.17593398830955,-86.53359178697518,ST RD,N,URBAN,N,N,N,,DAYLIGHT,CLOUDY,DRY,,NO JUNCTION INVOLVED,NON-RDWAY CRASH,ASPHALT,OBSTRUCTION NOT MARKED,NON-COLLISION,MAHALIAWAYST RD 46,NONE,2021-03-23 14:33:00,,,
2485,ISP BLOOMINGTON 33,BLOOMINGTON,2,,0.0,0,0,,,,S WALNUT ST,,,500.0,N,39.168438647289584,-86.52123193680102,COUNTY RD,,RURAL,N,N,N,,DAYLIGHT,CLEAR,DRY,,NO JUNCTION INVOLVED,,ASPHALT,FOLLOWING TOO CLOSELY,REAR END,SOldStateRoad37RogersSt,,2021-03-22 07:33:00,,,
2486,BLOOMINGTON PD,BLOOMINGTON,2,0.0,0.0,0,0,,,,ST RD 45,N PETE LLIS DR,,150.0,E,39.158066531785074,-86.49792580664,LOCAL/CITY RD,N,URBAN,N,N,N,,DAYLIGHT,CLOUDY,DRY,,FOUR-WAY INTERSECTION,STRAIGHT/LEVEL,ASPHALT,DRIVER DISTRACTED - EXPLAIN IN NARRATIVE,REAR END,10THSTPETEELLISDR,NONE,2021-03-22 11:30:00,,,
2487,INDIANA UNIV BLOOMINGTON PD,BLOOMINGTON,2,0.0,0.0,0,0,,,,E 17TH ST,N WALNUT GROVE ST,,,,39.17162963070867,-86.50241744379538,LOCAL/CITY RD,N,URBAN,N,N,N,,DAYLIGHT,CLEAR,DRY,,T-INTERSECTION,STRAIGHT/LEVEL,ASPHALT,FOLLOWING TOO CLOSELY,REAR END,EAST17THSTWALNUTGROVEST,NONE,2021-03-22 13:59:00,,,
2488,BLOOMINGTON PD,BLOOMINGTON,1,0.0,1.0,0,0,,,,E 2ND ST,S COLLEGE MALL RD,,,,39.16461676639826,-86.58295736788236,LOCAL/CITY RD,N,URBAN,N,N,N,,DAYLIGHT,CLEAR,DRY,,FOUR-WAY INTERSECTION,STRAIGHT/LEVEL,ASPHALT,FAILURE TO YIELD RIGHT OF WAY,LEFT TURN,E 2NDSTSCOLLEGEMALLRD,TRAFFIC CONTROL SIGNAL,2021-03-22 16:32:00,,,True
2489,BLOOMINGTON PD,BLOOMINGTON,2,0.0,0.0,0,0,,,,E 10TH ST,N GRANT ST,,,,39.16417637981994,-86.48124532849873,LOCAL/CITY RD,N,URBAN,N,N,N,,DAYLIGHT,CLEAR,DRY,,NO JUNCTION INVOLVED,STRAIGHT/LEVEL,ASPHALT,FAILURE TO YIELD RIGHT OF WAY,RIGHT ANGLE,E 10THSTNGRANTST,STOP SIGN,2021-03-22 19:00:00,,,
2490,MONROE SD,BLOOMINGTON,1,0.0,0.0,0,0,,,,I-69 N,,,0.0,N,39.16426958139831,-86.50712880883755,INTERSTATE,N,RURAL,N,N,N,,DARK (NOT LIGHTED),CLEAR,DRY,,NO JUNCTION INVOLVED,STRAIGHT/LEVEL,ASPHALT,ANIMAL/OBJECT IN RDWAY,COLLISION WITH OBJECT IN RD,I-69 N124.0,LN CONTROL,2021-03-22 23:09:00,,,
2491,MONROE SD,BLOOMINGTON,1,0.0,0.0,0,0,,,,I-69 N,,,100.0,S,39.169345240040705,-86.54972675776096,INTERSTATE,N,RURAL,N,N,N,,DARK (LIGHTED),CLEAR,DRY,,NO JUNCTION INVOLVED,CURVE/GRADE,ASPHALT,RAN OFF RD RIGHT,RAN OFF RD,I-69 N125,LN CONTROL,2021-03-21 00:46:00,,,
2492,INDIANA UNIV BLOOMINGTON PD,BLOOMINGTON,2,0.0,1.0,0,0,,,,ST RD 45/46,N FEE LN,,,,-1.0109936663241863e-05,-2.0946530992093122e-05,ST RD,N,URBAN,N,N,N,,DAYLIGHT,CLEAR,DRY,,FOUR-WAY INTERSECTION,STRAIGHT/LEVEL,CONCRETE,FAILURE TO YIELD RIGHT OF WAY,LEFT TURN,MATLOCKRDST RD 46,TRAFFIC CONTROL SIGNAL,2021-03-21 10:14:00,,,
2493,INDIANA UNIV BLOOMINGTON PD,BLOOMINGTON,2,0.0,0.0,0,0,,,,E 3RD ST,N UNION ST,,,,39.16853225901392,-86.53488520782224,LOCAL/CITY RD,N,URBAN,N,N,N,,DAYLIGHT,CLEAR,DRY,,NO JUNCTION INVOLVED,STRAIGHT/LEVEL,ASPHALT,FOLLOWING TOO CLOSELY,REAR END,3RDSTUNIONST,NONE,2021-03-21 14:00:00,,,
2494,MONROE SD,BLOOMINGTON,1,0.0,2.0,0,0,,,,N LOW GAP RD,,,1000.0,N,39.171663378543066,-86.52703619767192,LOCAL/CITY RD,N,RURAL,N,N,N,,DAYLIGHT,CLEAR,DRY,,NO JUNCTION INVOLVED,STRAIGHT/LEVEL,ASPHALT,RAN OFF RD RIGHT,RAN OFF RD,ETULIPTREETRNLOWGAPRD,NONE,2021-03-21 15:21:00,,,
2495,BLOOMINGTON PD,BLOOMINGTON,1,0.0,1.0,0,0,,1,1,ST RD 45/46,I-69 N,,,,39.166592845832206,-86.53488161770515,ST RD,N,URBAN,N,N,N,,DAYLIGHT,CLEAR,DRY,,RAMP,STRAIGHT/LEVEL,ASPHALT,DRIVER ASLEEP OR FATIGUED,RAN OFF RD,ST RD 45N,NONE,2021-03-21 16:54:00,,,
2496,MONROE SD,BLOOMINGTON,2,0.0,0.0,0,0,,,,S WALNUT ST,W CHURCH LN,,,,39.16558,-86.53235,LOCAL/CITY RD,N,URBAN,N,N,N,,DAWN/DUSK,CLEAR,DRY,,FOUR-WAY INTERSECTION,STRAIGHT/LEVEL,ASPHALT,IMPROPER TURNING,RIGHT ANGLE,SOLDSTATERD37RDWCHURCHLN,TRAFFIC CONTROL SIGNAL,2021-03-20 08:24:00,,,
2497,BLOOMINGTON PD,BLOOMINGTON,2,0.0,0.0,0,0,,,,N GATES DR,W ALEXANDER DR,,,,39.150406480474174,-86.49921482542335,LOCAL/CITY RD,N,URBAN,N,N,N,,DAYLIGHT,CLEAR,DRY,,FOUR-WAY INTERSECTION,STRAIGHT/LEVEL,ASPHALT,FAILURE TO YIELD RIGHT OF WAY,RIGHT ANGLE,ALEXANDERDRGATESDR,STOP SIGN,2021-03-20 08:53:00,,,
2498,BLOOMINGTON PD,BLOOMINGTON,2,0.0,0.0,0,0,,,,N MORTON ST,,,200.0,S,39.16450152021269,-86.57307027085228,LOCAL/CITY RD,Y,URBAN,N,N,N,,DARK (LIGHTED),CLEAR,DRY,,NO JUNCTION INVOLVED,STRAIGHT/LEVEL,ASPHALT,OTHER (DRIVER) - EXPLAIN IN NARRATIVE,OTHER - EXPLAIN IN NARRATIVE,NMORTONSTW10THST,NONE,2021-03-20 12:30:00,,,
2499,INDIANA UNIV BLOOMINGTON PD,BLOOMINGTON,2,0.0,0.0,0,0,,,,E 10TH ST,N SUNRISE DR,,,,39.134114870325206,-86.52689734446584,LOCAL/CITY RD,N,URBAN,N,N,N,,DARK (LIGHTED),CLEAR,DRY,,NO JUNCTION INVOLVED,STRAIGHT/LEVEL,CONCRETE,DRIVER DISTRACTED - EXPLAIN IN NARRATIVE,REAR END,NSUNRISEDRTENTHST,NONE,2021-03-20 12:30:00,,,
2500,BLOOMINGTON PD,BLOOMINGTON,1,0.0,1.0,0,0,,,,S COLLEGE AVE,W 1ST,,,,39.164171795768254,-86.49499648081246,LOCAL/CITY RD,N,URBAN,N,N,N,,DAYLIGHT,CLEAR,DRY,,FOUR-WAY INTERSECTION,STRAIGHT/LEVEL,CONCRETE,UNSAFE SPEED,NON-COLLISION,SOUTHCOLLEGEAVEWEST1STST,TRAFFIC CONTROL SIGNAL,2021-03-20 14:40:00,,,
2501,ELLETTSVILLE PD,ELLETTSVILLE,2,0.0,0.0,0,0,,,,ST RD 46,S POPLAR DR,,50.0,W,39.24509237753358,-86.63524079221995,ST RD,Y,RURAL,N,N,N,,DAYLIGHT,CLEAR,DRY,,T-INTERSECTION,STRAIGHT/GRADE,ASPHALT,FOLLOWING TOO CLOSELY,REAR END,POPLARSTST RD 46 W,NONE,2021-03-20 15:48:00,,,
2502,BLOOMINGTON PD,BLOOMINGTON,2,0.0,0.0,0,0,,,,E 19TH ST,N LINCOLN ST,,50.0,E,39.24098045538515,-86.63203751826697,LOCAL/CITY RD,N,URBAN,N,N,N,,DARK (NOT LIGHTED),CLEAR,DRY,,NO JUNCTION INVOLVED,STRAIGHT/LEVEL,ASPHALT,UNSAFE BACKING,BACKING CRASH,E19THSTNLINCOLNST,NONE,2021-03-20 18:00:00,,,
2503,MONROE SD,BLOOMINGTON,1,0.0,0.0,0,1,,,,ST RD 37,,,1500.0,S,39.23746810878808,-86.59260047187011,ST RD,N,RURAL,N,Y,N,,DARK (NOT LIGHTED),CLEAR,DRY,,NO JUNCTION INVOLVED,STRAIGHT/LEVEL,CONCRETE,ANIMAL/OBJECT IN RDWAY,COLLISION WITH DEER,S ST RD 37WDILLMANRD,NONE,2021-03-20 20:33:00,,,
2504,BLOOMINGTON PD,BLOOMINGTON,2,0.0,1.0,0,0,,,,N WALNUT ST,E 7TH ST,,,,39.13584715140869,-86.5826433592159,LOCAL/CITY RD,Y,URBAN,N,N,N,,DARK (LIGHTED),CLEAR,DRY,,NO JUNCTION INVOLVED,STRAIGHT/GRADE,ASPHALT,FOLLOWING TOO CLOSELY,REAR END,7THSTWALNUTST,LN CONTROL,2021-03-20 21:55:00,,,
2505,MONROE SD,BLOOMINGTON,1,0.0,0.0,0,1,,,,ST RD 45,,,2000.0,W,39.21011732249185,-86.58321409183341,ST RD,N,RURAL,N,N,N,,DAWN/DUSK,CLEAR,DRY,,T-INTERSECTION,STRAIGHT/HILLCREST,ASPHALT,ANIMAL/OBJECT IN RDWAY,COLLISION WITH DEER,HINDSRDST RD 45 W,NONE,2021-03-19 07:50:00,,,
2506,MONROE SD,BLOOMINGTON,1,0.0,1.0,0,0,,,,S SMITH RD,E ROGERS ST,,1500.0,E,39.079285683608376,-86.51343213067643,LOCAL/CITY RD,N,RURAL,N,N,N,,DAYLIGHT,CLEAR,ICE,,NO JUNCTION INVOLVED,CURVE/GRADE,ASPHALT,RAN OFF RD RIGHT,RAN OFF RD,ESADDLEBROOKLNSSMITHRD,LN CONTROL,2021-03-19 07:53:00,,,
2507,MONROE SD,BLOOMINGTON,1,0.0,0.0,0,0,,,,S WALNUT ST,,,1500.0,N,39.167521828469894,-86.53364749882833,LOCAL/CITY RD,N,URBAN,N,N,N,,DAYLIGHT,CLEAR,DRY,,T-INTERSECTION,CURVE/HILLCREST,ASPHALT,RAN OFF RD RIGHT,RAN OFF RD,SOLDST37RDSROGERSST,NONE,2021-03-19 10:51:00,,,
2508,BLOOMINGTON PD,BLOOMINGTON,2,0.0,2.0,0,0,,,,ST RD 48,S LIBERTY DR,,,,39.16450710516147,-86.57307672909022,LOCAL/CITY RD,N,URBAN,N,N,N,,DAYLIGHT,CLEAR,DRY,,FOUR-WAY INTERSECTION,STRAIGHT/LEVEL,ASPHALT,DISREGARD SIGNAL/REG SIGN,LEFT TURN,SLIBERTYDRW 3RDST,NONE,2021-03-19 12:25:00,,,
2509,INDIANA UNIV BLOOMINGTON PD,BLOOMINGTON,1,0.0,4.0,0,0,,,,ST RD 45/46,,,,,39.18624361875578,-86.5316559626978,ST RD,N,URBAN,N,N,N,,DAYLIGHT,CLEAR,DRY,,NO JUNCTION INVOLVED,STRAIGHT/LEVEL,ASPHALT,UNSAFE LN MOVEMENT,RAN OFF RD,NEAGLESON AVEAVEST RD 46,NONE,2021-03-19 14:04:00,,,
2510,MONROE SD,BLOOMINGTON,2,0.0,0.0,0,0,,,,E MOFFETT LN,S HARRELL RD,,580.0,W,39.175205265270186,-86.52700516246281,LOCAL/CITY RD,N,RURAL,N,N,N,,DAYLIGHT,CLEAR,DRY,,NO JUNCTION INVOLVED,STRAIGHT/LEVEL,CONCRETE,FAILURE TO YIELD RIGHT OF WAY,RIGHT ANGLE,EMOFFETTLNSHARRELLRD,NONE,2021-03-19 15:11:00,,,
2511,INDIANA UNIV BLOOMINGTON PD,BLOOMINGTON,2,0.0,0.0,0,0,,,,ST RD 45/46,E 10TH ST,,,,39.15632293793187,-86.59598596783512,ST RD,N,URBAN,N,N,N,,DAYLIGHT,CLEAR,DRY,,FOUR-WAY INTERSECTION,STRAIGHT/LEVEL,ASPHALT,DRIVER DISTRACTED - EXPLAIN IN NARRATIVE,REAR END,EAST10THSTST RD 46 W,TRAFFIC CONTROL SIGNAL,2021-03-19 16:45:00,,,
2512,INDIANA UNIV BLOOMINGTON PD,BLOOMINGTON,2,0.0,0.0,0,0,,,,S HENDERSON ST,E ATWATER AVE,,,,39.17898160562124,-86.51900589321579,LOCAL/CITY RD,N,URBAN,N,N,N,,DAYLIGHT,CLEAR,DRY,,FOUR-WAY INTERSECTION,STRAIGHT/LEVEL,ASPHALT,DISREGARD SIGNAL/REG SIGN,RIGHT ANGLE,ATWATERAVEHENDERSONST,TRAFFIC CONTROL SIGNAL,2021-03-19 17:55:00,,,
2513,INDIANA UNIV BLOOMINGTON PD,BLOOMINGTON,2,0.0,0.0,0,0,,,,E 17TH ST,ST RD 45/46,,,,39.17921172782338,-86.50843520292372,LOCAL/CITY RD,N,URBAN,N,N,N,,DARK (LIGHTED),CLEAR,DRY,,T-INTERSECTION,STRAIGHT/LEVEL,ASPHALT,FOLLOWING TOO CLOSELY,REAR END,EAST17THSTST RD 46,TRAFFIC CONTROL SIGNAL,2021-03-19 21:40:00,,,
2514,BLOOMINGTON PD,BLOOMINGTON,1,0.0,0.0,0,0,,,,W HILLSIDE DR,S COLLEGE AVE,,,,39.19135179983334,-86.56973178271389,LOCAL/CITY RD,N,URBAN,N,N,N,,DARK (NOT LIGHTED),RAIN,WET,,FOUR-WAY INTERSECTION,STRAIGHT/LEVEL,ASPHALT,RAN OFF RD RIGHT,RAN OFF RD,COLLEGEAVEHILLSIDEDR,NONE,2021-03-18 01:00:00,,,
2515,INDIANA UNIV BLOOMINGTON PD,BLOOMINGTON,1,0.0,1.0,0,0,1492,,,ST RD 45/46,,,,,39.10268156404042,-86.53389848716965,ST RD,Y,URBAN,N,N,N,,DARK (NOT LIGHTED),RAIN,WET,,NO JUNCTION INVOLVED,STRAIGHT/LEVEL,ASPHALT,RAN OFF RD RIGHT,RAN OFF RD,ST RD 46,NONE,2021-03-18 03:15:00,,,
2516,MONROE SD,BLOOMINGTON,1,0.0,1.0,0,0,,,,I-69 N,,,200.0,S,39.17145823529961,-86.49540565797471,INTERSTATE,N,RURAL,N,N,N,,DARK (NOT LIGHTED),RAIN,WATER (STANDING OR MOVING),,NO JUNCTION INVOLVED,CURVE/GRADE,ASPHALT,RAN OFF RD RIGHT,RAN OFF RD,I-69 N130.5,NONE,2021-03-18 06:26:00,,,
2517,BLOOMINGTON PD,BLOOMINGTON,2,0.0,0.0,0,0,,,,W 11TH ST,N MORTON ST,,,,39.17897580841719,-86.5211297179525,LOCAL/CITY RD,N,URBAN,Y,N,N,,DAYLIGHT,CLEAR,DRY,,FOUR-WAY INTERSECTION,STRAIGHT/LEVEL,ASPHALT,FAILURE TO YIELD RIGHT OF WAY,RIGHT ANGLE,11THSTNMORTONST,STOP SIGN,2021-03-18 10:21:00,,,
2518,MONROE SD,BLOOMINGTON,1,0.0,1.0,0,0,,,,E LAMPKINS RIDGE RD,S FRIENDSHIP RD,,,,39.16089917060785,-86.4977114962915,LOCAL/CITY RD,N,RURAL,N,N,N,,DAYLIGHT,RAIN,WET,,T-INTERSECTION,STRAIGHT/GRADE,GRAVEL,RAN OFF RD RIGHT,RAN OFF RD,ELAMPKINSRIDGERDSFRIENDSHIPRD,NONE,2021-03-18 14:09:00,,,
2519,BLOOMINGTON PD,BLOOMINGTON,1,0.0,0.0,0,0,,,,ST RD 45/46,N WALNUT ST,,,,39.17165797054374,-86.52978217035879,LOCAL/CITY RD,N,URBAN,N,N,N,,DAYLIGHT,RAIN,WET,,FOUR-WAY INTERSECTION,STRAIGHT/LEVEL,ASPHALT,IMPROPER TURNING,COLLISION WITH OBJECT IN RD,NSTATERD4546HWYNWALNUTST,TRAFFIC CONTROL SIGNAL,2021-03-18 17:13:00,,,
2520,MONROE SD,BLOOMINGTON,1,0.0,0.0,0,0,,,,ST RD 45,W JOHN WILLIAMS LN,,200.0,N,0.0,0.0,ST RD,N,RURAL,N,Y,N,,DAYLIGHT,RAIN,WET,,NO JUNCTION INVOLVED,CURVE/GRADE,ASPHALT,SPEED TOO FAST FOR WEATHER CONDITIONS,RAN OFF RD,JOHNWILLIAMSLNST RD 45 W,NONE,2021-03-18 17:17:00,,,
2521,BLOOMINGTON PD,BLOOMINGTON,2,0.0,0.0,0,0,,,,ST RD 46,S SMITH RD,,,,-1.6865014018905586e-05,-3.211540733582726e-05,LOCAL/CITY RD,N,URBAN,N,N,N,,DAYLIGHT,RAIN,WET,,FOUR-WAY INTERSECTION,STRAIGHT/LEVEL,ASPHALT,FOLLOWING TOO CLOSELY,REAR END,E 3RDSTNSMITHRD,TRAFFIC CONTROL SIGNAL,2021-03-18 17:52:00,,,
2522,BLOOMINGTON PD,BLOOMINGTON,3,0.0,0.0,0,0,510,,,S MULLER PKWY,,,,,39.185925565386064,-86.51969643867585,UNKNOWN,Y,URBAN,N,N,N,,DARK (NOT LIGHTED),RAIN,WET,,NO JUNCTION INVOLVED,STRAIGHT/LEVEL,ASPHALT,OTHER (DRIVER) - EXPLAIN IN NARRATIVE,RIGHT ANGLE,SMULLERPKWY,NONE,2021-03-18 22:52:00,,,
2523,ISP BLOOMINGTON 33,BLOOMINGTON,1,,0.0,0,0,7190,,,ST RD 45,,,581.0,,39.1642683466095,-86.50938671444564,ST RD,,RURAL,N,N,N,,DARK (NOT LIGHTED),FOG/SMOKE/SMOG,DRY,,NO JUNCTION INVOLVED,,ASPHALT,,RAN OFF RD,WStateRd45DinsmoreRoad,,2021-03-17 02:30:00,,,
2524,INDIANA UNIV BLOOMINGTON PD,BLOOMINGTON,2,0.0,0.0,0,0,,,,E 3RD ST,S INDIANA AVE,,,,-4.9516305029351703e-05,-1.0298416525925013e-05,LOCAL/CITY RD,Y,URBAN,N,N,N,,DAYLIGHT,CLEAR,DRY,,T-INTERSECTION,STRAIGHT/LEVEL,ASPHALT,FAILURE TO YIELD RIGHT OF WAY,RIGHT ANGLE,HENDERSONST3RDST,STOP SIGN,2021-03-17 10:30:00,,,
2525,MONROE SD,BLOOMINGTON,2,0.0,1.0,0,0,,,,ST RD 446,ENTRANCE TO CUTRIGHT STATE RECREATION AREA,,1200.0,N,39.18699150633301,-86.55503088638305,ST RD,N,RURAL,N,Y,N,,DAYLIGHT,CLOUDY,DRY,,NO JUNCTION INVOLVED,STRAIGHT/LEVEL,ASPHALT,IMPROPER PASSING,LEFT TURN,EWALDRIPCREEKRDST RD 446S,NONE,2021-03-17 15:51:00,,,
2526,ELLETTSVILLE PD,ELLETTSVILLE,2,0.0,1.0,0,0,,,,ST RD 46,N LAKEVIEW DR,,,,39.142989828451356,-86.53154760597099,ST RD,N,URBAN,N,N,N,,DAWN/DUSK,CLOUDY,WET,,T-INTERSECTION,STRAIGHT/LEVEL,ASPHALT,OTHER (DRIVER) - EXPLAIN IN NARRATIVE,LEFT TURN,NORTHLAKEVIEWDRST RD 46 W,LN CONTROL,2021-03-17 18:50:00,,,
2527,BLOOMINGTON PD,BLOOMINGTON,3,0.0,2.0,0,0,,,,ST RD 45/46,N DUNN ST,,,,39.16873342924905,-86.57643019928172,ST RD,N,URBAN,N,N,N,,DAWN/DUSK,CLEAR,WET,,FOUR-WAY INTERSECTION,STRAIGHT/LEVEL,ASPHALT,DISREGARD SIGNAL/REG SIGN,RIGHT ANGLE,NDUNNSTST RD 4546E,TRAFFIC CONTROL SIGNAL,2021-03-17 19:39:00,,,