_id,Agency,City,Vehicles Involved,Trailers Involved,Number Injured,Number Dead,Number Deer,House Number,Roadway Interchange,Roadway Ramp,Roadway Id,Intersecting Road,Interchange,Feet From,Direction,Latitude,Longitude,Roadway Class,Hit and Run?,Locality,School Zone?,Rumble Strips?,Construction?,Construction Type,Light Condition,Weather Conditions,Surface Condition,Type of Median,Roadway Junction Type,Road Character,Roadway Surface,Primary Factor,Manner of Collision,Unique Location Id,Traffic Control,DateTime,Address Number,Cyclist Involved,Pedestrian Involved
2528,INDIANA UNIV BLOOMINGTON PD,BLOOMINGTON,2,0.0,1.0,0,0,,,,E LAW LN,N FEE LN,,,,39.17173125866641,-86.53600138051411,LOCAL/CITY RD,N,URBAN,N,N,N,,DARK (LIGHTED),RAIN,WET,,T-INTERSECTION,STRAIGHT/GRADE,ASPHALT,FOLLOWING TOO CLOSELY,REAR END,ELAWLNFEELN,NONE,2021-03-17 20:25:00,,,
2529,BLOOMINGTON PD,BLOOMINGTON,2,0.0,0.0,0,0,,,,N WALNUT ST,W 8TH ST,,,,39.171538538382194,-86.51247030437177,LOCAL/CITY RD,N,URBAN,N,N,N,,DARK (LIGHTED),CLOUDY,WET,,FOUR-WAY INTERSECTION,STRAIGHT/LEVEL,ASPHALT,FAILURE TO YIELD RIGHT OF WAY,RIGHT ANGLE,8THSTWALNUTST,STOP SIGN,2021-03-17 20:50:00,,,
2530,BLOOMINGTON PD,BLOOMINGTON,2,0.0,2.0,0,0,,,,ST RD 45/46,N KINSER PK,,,,39.17171563322581,-86.5360013469819,ST RD,N,URBAN,N,N,N,,DARK (LIGHTED),CLEAR,DRY,,FOUR-WAY INTERSECTION,STRAIGHT/GRADE,ASPHALT,FAILURE TO YIELD RIGHT OF WAY,LEFT TURN,NKINSERPKST RD 45 W,TRAFFIC CONTROL SIGNAL,2021-03-17 22:41:00,,,
2531,BLOOMINGTON PD,BLOOMINGTON,2,0.0,0.0,0,0,1414,,,W 12TH ST,N ILLINOIS ST,,50.0,W,39.171526391073456,-86.51247412070153,,Y,URBAN,N,N,N,,DAYLIGHT,CLOUDY,,,NO JUNCTION INVOLVED,STRAIGHT/LEVEL,ASPHALT,UNSAFE LN MOVEMENT,SAME DIRECTION SIDESWIPE,NILLINOISSTW12THST,NONE,2021-03-16 11:15:00,,,
2532,MONROE SD,ELLETTSVILLE,2,0.0,0.0,0,0,4610,,,W RICHLAND PLAZA DR,,,,,39.15933931281112,-86.53509852223135,LOCAL/CITY RD,N,URBAN,N,N,N,,DAYLIGHT,CLEAR,DRY,,T-INTERSECTION,CURVE/GRADE,ASPHALT,FAILURE TO YIELD RIGHT OF WAY,LEFT TURN,WRICHLANDPLAZADR,NONE,2021-03-16 16:21:00,,,
2533,MONROE SD,BLOOMINGTON,2,0.0,0.0,0,0,,,,ST RD 46,W ARLINGTON RD,,,,39.237499955295355,-86.62923633823321,ST RD,N,RURAL,N,N,N,,DAYLIGHT,CLEAR,DRY,,FOUR-WAY INTERSECTION,STRAIGHT/LEVEL,ASPHALT,FOLLOWING TOO CLOSELY,REAR END,ST RD 46 WWARLINGTONRD,TRAFFIC CONTROL SIGNAL,2021-03-16 16:31:00,,,
2534,INDIANA UNIV BLOOMINGTON PD,BLOOMINGTON,4,0.0,0.0,0,0,,,,E 17TH ST,N FEE LN,,,,39.1810938686005,-86.53095718119128,,Y,URBAN,N,N,N,,DAYLIGHT,CLEAR,DRY,,NO JUNCTION INVOLVED,CURVE/LEVEL,CONCRETE,FOLLOWING TOO CLOSELY,REAR END,EAST17THSTFEELN,NONE,2021-03-16 17:00:00,,,
2535,ELLETTSVILLE PD,ELLETTSVILLE,2,0.0,0.0,0,0,,,,S SALE ST,ST RD 46 (S),,,,39.08887076,-86.54520247,LOCAL/CITY RD,N,URBAN,N,N,N,,DAYLIGHT,CLEAR,DRY,,FOUR-WAY INTERSECTION,STRAIGHT/LEVEL,CONCRETE,IMPROPER TURNING,LEFT TURN,SALESTTEMPERANCEST,TRAFFIC CONTROL SIGNAL,2021-03-16 19:04:00,,,
2536,ISP BLOOMINGTON 33,BLOOMINGTON,3,,0.0,0,0,,99F,117A,I-69 N,W BLOOMFIELD RD,,950.0,W,39.16850826643786,-86.53361576693088,INTERSTATE,,URBAN,N,N,N,,DARK (LIGHTED),CLEAR,DRY,,RAMP,,ASPHALT,UNSAFE SPEED,REAR END,S ST RD 37BasswoodDr,,2021-03-15 07:20:00,,,
2537,ELLETTSVILLE PD,ELLETTSVILLE,3,0.0,0.0,0,0,,,,N UNION VALLEY RD,ST RD 46,,,,39.09639382868163,-86.65777821756552,COUNTY RD,N,URBAN,N,N,N,,DAYLIGHT,CLOUDY,WET,,FOUR-WAY INTERSECTION,STRAIGHT/LEVEL,ASPHALT,SPEED TOO FAST FOR WEATHER CONDITIONS,REAR END,46 WHWYUNIONVALLEYRD,NONE,2021-03-15 09:40:00,,,
2538,BLOOMINGTON PD,BLOOMINGTON,1,0.0,0.0,0,0,,,,S PATTERSON DR,W 2ND ST,,200.0,N,39.1356320734992,-86.48115238688413,LOCAL/CITY RD,N,URBAN,N,N,N,,DAYLIGHT,RAIN,WET,,FOUR-WAY INTERSECTION,STRAIGHT/LEVEL,ASPHALT,RAN OFF RD RIGHT,RAN OFF RD,SPATTERSONDRW 2NDST,NONE,2021-03-15 12:17:00,,,
2539,INDIANA UNIV BLOOMINGTON PD,BLOOMINGTON,2,0.0,0.0,0,0,,,,E 10TH ST,N SUNRISE DR,,,,39.257579356720335,-86.5379585365734,LOCAL/CITY RD,N,URBAN,N,N,N,,DAYLIGHT,CLOUDY,DRY,,NO JUNCTION INVOLVED,STRAIGHT/LEVEL,ASPHALT,FAILURE TO YIELD RIGHT OF WAY,LEFT TURN,EASTTENTHSTNSUNRISEDR,TRAFFIC CONTROL SIGNAL,2021-03-15 16:45:00,,,
2540,MONROE SD,BLOOMINGTON,1,0.0,0.0,0,0,,,,S ROCKPORT RD,S LODGE RD,,300.0,N,39.16461,-86.57913,LOCAL/CITY RD,N,RURAL,N,N,N,,DAYLIGHT,CLOUDY,LOOSE MATERIAL ON RD,,NO JUNCTION INVOLVED,CURVE/GRADE,ASPHALT,RAN OFF RD RIGHT,RAN OFF RD,SLODGERDSROCKPORTRD,NONE,2021-03-15 16:49:00,,,
2541,BLOOMINGTON PD,BLOOMINGTON,2,0.0,0.0,0,0,,,,E ATWATER AVE,S MITCHELL ST,,,,-3.5476314795613076e-05,-1.0583595910495872e-05,LOCAL/CITY RD,N,URBAN,N,N,N,,DARK (LIGHTED),CLEAR,DRY,,FOUR-WAY INTERSECTION,STRAIGHT/LEVEL,ASPHALT,FAILURE TO YIELD RIGHT OF WAY,RIGHT ANGLE,EASTATWATERAVESOUTHMITCHELLAVE,STOP SIGN,2021-03-14 20:00:00,,,
2542,INDIANA UNIV BLOOMINGTON PD,BLOOMINGTON,2,0.0,1.0,0,0,,,,E ATWATER AVE,S FESS AVE,,,,39.09969362367367,-86.49850699216631,LOCAL/CITY RD,N,URBAN,N,N,N,,DAYLIGHT,CLEAR,DRY,,FOUR-WAY INTERSECTION,STRAIGHT/LEVEL,ASPHALT,DISREGARD SIGNAL/REG SIGN,OTHER - EXPLAIN IN NARRATIVE,ATWATERAVEFESSAVE,STOP SIGN,2021-03-13 15:48:00,,,
2543,MONROE SD,BLOOMINGTON,1,0.0,0.0,0,0,3439,,,E WILL SOWDERS RD,,,,,39.171576993980715,-86.5021606352682,LOCAL/CITY RD,N,RURAL,N,N,N,,DARK (NOT LIGHTED),CLEAR,DRY,,NO JUNCTION INVOLVED,STRAIGHT/LEVEL,ASPHALT,RAN OFF RD RIGHT,RAN OFF RD,EWILLSOWDERSRD,NONE,2021-03-13 20:49:00,,,
2544,BLOOMINGTON PD,BLOOMINGTON,2,0.0,0.0,0,0,,,,N COLLEGE AVE,W 17TH ST,,,,39.163091668932296,-86.5272851623085,LOCAL/CITY RD,N,URBAN,N,N,N,,DARK (LIGHTED),CLEAR,DRY,,FOUR-WAY INTERSECTION,STRAIGHT/GRADE,ASPHALT,UNSAFE LN MOVEMENT,SAME DIRECTION SIDESWIPE,NCOLLEGEAVEW17THST,TRAFFIC CONTROL SIGNAL,2021-03-13 23:40:00,,,
2545,BLOOMINGTON PD,BLOOMINGTON,2,0.0,0.0,0,0,,,,ST RD 45,S LEONARD SPRINGS RD,,,,39.179675381478255,-86.50730799015214,ST RD,N,URBAN,N,N,N,,DAYLIGHT,CLEAR,DRY,,FOUR-WAY INTERSECTION,CURVE/GRADE,ASPHALT,DISREGARD SIGNAL/REG SIGN,RIGHT ANGLE,LEONARDSPRINGSRDST RD 45 W,TRAFFIC CONTROL SIGNAL,2021-03-12 10:10:00,,,
2546,BLOOMINGTON PD,BLOOMINGTON,2,0.0,0.0,0,0,,,,N GATES DR,W RUNKLE WAY,,100.0,S,39.15052655057573,-86.53481340706166,LOCAL/CITY RD,N,URBAN,N,N,N,,DAYLIGHT,CLEAR,DRY,,T-INTERSECTION,STRAIGHT/LEVEL,ASPHALT,FOLLOWING TOO CLOSELY,REAR END,RUNKLEWAYSGATESDR,NONE,2021-03-12 13:30:00,,,
2547,MONROE SD,BLOOMINGTON,1,0.0,0.0,0,1,,,,E BETHEL LN,E FAIRWOOD DR,,1780.0,E,39.18372987,-86.51236722,LOCAL/CITY RD,N,RURAL,N,N,N,,DAYLIGHT,CLEAR,DRY,,NO JUNCTION INVOLVED,STRAIGHT/GRADE,CONCRETE,ANIMAL/OBJECT IN RDWAY,COLLISION WITH DEER,EBETHELLNNCHRISTINALN,NONE,2021-03-12 15:06:00,,,
2548,MONROE SD,BLOOMINGTON,2,0.0,0.0,0,0,,,,S CURRY PK,W BELLE AVE,,,,-3.7161481696026964e-05,-2.2418666151695418e-05,LOCAL/CITY RD,N,URBAN,N,N,N,,DAYLIGHT,CLEAR,DRY,,T-INTERSECTION,STRAIGHT/GRADE,ASPHALT,IMPROPER LN USAGE,SAME DIRECTION SIDESWIPE,BELLEAVECURRYPK,NONE,2021-03-12 16:50:00,,,
2549,BLOOMINGTON PD,BLOOMINGTON,2,0.0,0.0,0,0,,,,W 17TH ST,N COLLEGE AVE,,,,39.173229717113976,-86.53606291595425,LOCAL/CITY RD,N,URBAN,N,N,N,,DARK (LIGHTED),CLEAR,DRY,,FOUR-WAY INTERSECTION,STRAIGHT/LEVEL,CONCRETE,FAILURE TO YIELD RIGHT OF WAY,RIGHT ANGLE,NCOLLEGEAVEW17THST,TRAFFIC CONTROL SIGNAL,2021-03-12 19:33:00,,,
2550,INDIANA UNIV BLOOMINGTON PD,BLOOMINGTON,2,0.0,0.0,0,0,,,,W 17TH ST,N COLLEGE AVE,,,,39.14314158355868,-86.40606279032103,LOCAL/CITY RD,N,URBAN,N,N,N,,DARK (LIGHTED),CLEAR,DRY,,T-INTERSECTION,STRAIGHT/GRADE,CONCRETE,DRIVER DISTRACTED - EXPLAIN IN NARRATIVE,REAR END,COLLEGEAVEEAST17THST,STOP SIGN,2021-03-12 19:37:00,,,
2551,MONROE SD,BLOOMINGTON,1,0.0,0.0,0,0,,,,S RAYLE PL,W TAPP RD,,,,39.1861946260113,-86.53456492151689,LOCAL/CITY RD,N,URBAN,N,N,N,,DARK (NOT LIGHTED),CLEAR,DRY,,T-INTERSECTION,STRAIGHT/LEVEL,ASPHALT,OTHER (ENVIRONMENTAL) - EXPLAIN IN NARR,COLLISION WITH OBJECT IN RD,RAYLEPLWTAPPRD,LN CONTROL,2021-03-12 20:19:00,,,True
2552,MONROE SD,BLOOMINGTON,2,0.0,0.0,0,0,,,,W COFFEY LN,,,800.0,W,39.10009288590291,-86.65129486112794,LOCAL/CITY RD,N,URBAN,N,N,N,,DARK (NOT LIGHTED),CLEAR,DRY,,NO JUNCTION INVOLVED,STRAIGHT/LEVEL,ASPHALT,DRIVER ILLNESS,REAR END,COFFEYLNJINNILYNNCT,NONE,2021-03-11 05:49:00,,,
2553,ISP BLOOMINGTON 33,BLOOMINGTON,1,,0.0,0,0,,103,F,I-69 N,ST RD 45/46,,739.0,N,39.16419134778264,-86.48126457764987,INTERSTATE,,RURAL,N,N,N,,DAYLIGHT,CLOUDY,WET,,RAMP,,ASPHALT,,RAN OFF RD,ST RD 37,,2021-03-11 12:35:00,,,
2554,BLOOMINGTON PD,BLOOMINGTON,2,0.0,0.0,0,0,,,,E 3RD ST,S LINCOLN ST,,100.0,E,39.160074863677416,-86.56809748040598,LOCAL/CITY RD,N,URBAN,N,N,N,,DAYLIGHT,CLOUDY,WET,,NO JUNCTION INVOLVED,STRAIGHT/GRADE,ASPHALT,FOLLOWING TOO CLOSELY,REAR END,E 3RDSTSLINCOLNST,LN CONTROL,2021-03-11 14:29:00,,,
2555,MONROE SD,BLOOMINGTON,1,0.0,0.0,0,0,,,,N BUSKIRK RD,,,1000.0,N,39.11487293131797,-86.63184773215421,LOCAL/CITY RD,N,RURAL,N,N,N,,DAYLIGHT,RAIN,WET,,NO JUNCTION INVOLVED,CURVE/GRADE,ASPHALT,RAN OFF RD RIGHT,RAN OFF RD,NBUSKIRKRDWFRYRD,NONE,2021-03-11 17:00:00,,,
2556,BLOOMINGTON PD,BLOOMINGTON,2,0.0,3.0,0,0,,,,ST RD 45/46,N KINSER PK,,,,39.16427366962695,-86.52692438193075,ST RD,N,URBAN,N,N,N,,DARK (LIGHTED),CLEAR,DRY,,FOUR-WAY INTERSECTION,STRAIGHT/LEVEL,ASPHALT,DISREGARD SIGNAL/REG SIGN,RIGHT ANGLE,NKINSERPKST RD 46 W,TRAFFIC CONTROL SIGNAL,2021-03-10 06:30:00,,,
2557,BLOOMINGTON PD,BLOOMINGTON,2,0.0,0.0,0,0,,,,N WASHINGTON ST,,,100.0,N,39.12011582757318,-86.43073580598178,LOCAL/CITY RD,Y,URBAN,N,N,N,,DAYLIGHT,CLEAR,DRY,,NO JUNCTION INVOLVED,STRAIGHT/LEVEL,ASPHALT,UNSAFE BACKING,BACKING CRASH,KIRKWOODAVENORTHWASHINGTONST,NONE,2021-03-10 12:49:00,,,
2558,BLOOMINGTON PD,BLOOMINGTON,1,0.0,0.0,0,0,,,,N WALNUT ST,ST RD 45/46,,,,39.220992471823905,-86.60541077667808,LOCAL/CITY RD,N,URBAN,N,N,N,,DAYLIGHT,CLEAR,DRY,,FOUR-WAY INTERSECTION,STRAIGHT/LEVEL,ASPHALT,OVERSIZE/OVERWEIGHT LOAD,NON-COLLISION,NWALNUTSTWSTATERD4546BYP,TRAFFIC CONTROL SIGNAL,2021-03-10 18:04:00,,,
2559,ISP BLOOMINGTON 33,BLOOMINGTON,2,,2.0,0,0,,,,ST RD 45,,,0.0,,39.186275186106734,-86.52841284453648,ST RD,,RURAL,N,N,N,,DARK (NOT LIGHTED),CLEAR,DRY,,T-INTERSECTION,,ASPHALT,ANIMAL/OBJECT IN RDWAY,COLLISION WITH OBJECT IN RD,WStateRd45BruceLn,,2021-03-10 20:15:00,,,
2560,ELLETTSVILLE PD,ELLETTSVILLE,1,0.0,0.0,0,1,,,,W REEVES RD,W GILMORE RD,,,,39.17395,-86.5189,COUNTY RD,N,URBAN,Y,N,N,,DARK (LIGHTED),CLEAR,DRY,,NO JUNCTION INVOLVED,STRAIGHT/LEVEL,ASPHALT,ANIMAL/OBJECT IN RDWAY,COLLISION WITH DEER,GILMORERDREEVERD,NONE,2021-03-10 20:27:00,,,
2561,MONROE SD,BLOOMINGTON,1,0.0,0.0,0,0,,,,E MONROE DAM RD,S FOGGY MORNING RD,,,,39.16947,-86.53357,LOCAL/CITY RD,N,RURAL,N,N,N,,DARK (NOT LIGHTED),CLEAR,DRY,,NO JUNCTION INVOLVED,STRAIGHT/LEVEL,ASPHALT,RAN OFF RD RIGHT,RAN OFF RD,MONROELAKERDSFOGGYMORNINGRD,NONE,2021-03-10 21:13:00,,,
2562,MONROE SD,BLOOMINGTON,1,0.0,0.0,0,1,,,,ST RD 45,N YOUNG CEMETERY RD,,1000.0,E,39.18642,-86.53771,ST RD,N,RURAL,N,N,N,,DARK (NOT LIGHTED),CLEAR,DRY,,T-INTERSECTION,CURVE/HILLCREST,ASPHALT,ANIMAL/OBJECT IN RDWAY,COLLISION WITH DEER,ST RD 45ETUNNELRD,NONE,2021-03-09 01:51:00,,,
2563,INDIANA UNIV BLOOMINGTON PD,BLOOMINGTON,1,0.0,0.0,0,0,101,,,MUSICAL ARTS CENTER CIRCLE,,,,,39.17418932115632,-86.55139185432535,UNKNOWN,N,URBAN,N,N,N,,DAYLIGHT,CLEAR,DRY,,NO JUNCTION INVOLVED,CURVE/LEVEL,ASPHALT,OTHER (DRIVER) - EXPLAIN IN NARRATIVE,OTHER - EXPLAIN IN NARRATIVE,NEAGLESON AVEAVE,NONE,2021-03-09 11:15:00,,,
2564,BLOOMINGTON PD,BLOOMINGTON,4,0.0,5.0,0,0,,,,E WINSLOW RD,S HENDERSON ST,,100.0,W,39.21469931205665,-86.59350636574851,LOCAL/CITY RD,N,URBAN,N,N,N,,DAYLIGHT,CLEAR,DRY,,NO JUNCTION INVOLVED,STRAIGHT/LEVEL,ASPHALT,FOLLOWING TOO CLOSELY,REAR END,EWINSLOWRDSHENDERSONST,TRAFFIC CONTROL SIGNAL,2021-03-09 13:05:00,,,
2565,INDIANA UNIV BLOOMINGTON PD,BLOOMINGTON,2,0.0,0.0,0,0,,,,N INDIANA AVE,E KIRKWOOD AVE,,,,39.20760386215361,-86.57989323496194,LOCAL/CITY RD,N,URBAN,N,N,N,,DAYLIGHT,CLEAR,DRY,,NO JUNCTION INVOLVED,STRAIGHT/LEVEL,ASPHALT,UNSAFE LN MOVEMENT,LEFT TURN,INDIANAAVEKIRKWOODAVE,NONE,2021-03-09 13:29:00,,,
2566,ISP BLOOMINGTON 33,BLOOMINGTON,2,,0.0,0,0,,,,I-69 N,,,1003.0,S,39.17895482961888,-86.51898082380646,INTERSTATE,,URBAN,N,N,N,,DAYLIGHT,CLEAR,DRY,,NO JUNCTION INVOLVED,,ASPHALT,,SAME DIRECTION SIDESWIPE,SYonkersStI-69,,2021-03-09 14:05:00,,,
2567,BLOOMINGTON PD,BLOOMINGTON,3,0.0,1.0,0,0,,,,ST RD 46,E ASTGATE LN (N),,150.0,N,39.23374845598027,-86.62472515683669,LOCAL/CITY RD,N,URBAN,N,N,N,,DAYLIGHT,CLEAR,DRY,,T-INTERSECTION,STRAIGHT/LEVEL,ASPHALT,FOLLOWING TOO CLOSELY,REAR END,EEASTGATELNNSTATERD46HWY,NONE,2021-03-09 14:47:00,,,
2568,BLOOMINGTON PD,BLOOMINGTON,2,0.0,0.0,0,0,,,Y,W 3RD ST,I-69 S,,,,39.14748629199219,-86.57294691098316,LOCAL/CITY RD,N,URBAN,N,N,N,,DAYLIGHT,CLEAR,DRY,,NO JUNCTION INVOLVED,STRAIGHT/GRADE,ASPHALT,FAILURE TO YIELD RIGHT OF WAY,SAME DIRECTION SIDESWIPE,I-69SEXITRPW 3RDST,NONE,2021-03-09 15:28:00,,,
2569,BLOOMINGTON PD,BLOOMINGTON,2,0.0,0.0,0,0,,,,ST RD 48,W 3RD ST (ENTRANCE TO WHITEHALL CROSSING),,175.0,W,39.215098984836565,-86.59268365781948,LOCAL/CITY RD,N,URBAN,N,N,N,,DAYLIGHT,CLEAR,DRY,,FOUR-WAY INTERSECTION,STRAIGHT/LEVEL,ASPHALT,IMPROPER TURNING,RIGHT ANGLE,NGATESDRW 3RDST,YIELD SIGN,2021-03-09 16:09:00,,,
2570,ELLETTSVILLE PD,ELLETTSVILLE,2,0.0,0.0,0,0,,,,ST RD 46,N SALE ST (N),,,,39.160735485152856,-86.5485286341703,ST RD,N,URBAN,N,N,N,,DAYLIGHT,CLEAR,DRY,,FOUR-WAY INTERSECTION,STRAIGHT/LEVEL,ASPHALT,FOLLOWING TOO CLOSELY,REAR END,SALESTST RD 46 W,TRAFFIC CONTROL SIGNAL,2021-03-09 17:10:00,,,
2571,MONROE SD,BLOOMINGTON,1,0.0,0.0,0,0,,,,S FAIRFAX RD,E MARIE LN,,350.0,S,39.17153437846682,-86.51248718556391,LOCAL/CITY RD,N,RURAL,N,N,N,,DAYLIGHT,CLEAR,DRY,,NO JUNCTION INVOLVED,STRAIGHT/GRADE,CONCRETE,OTHER (DRIVER) - EXPLAIN IN NARRATIVE,RAN OFF RD,EMARIELNSFAIRFAXRD,NONE,2021-03-09 18:29:00,,,
2572,BLOOMINGTON PD,BLOOMINGTON,2,0.0,1.0,0,0,,,,ST RD 45/46,N KINSER PK,,,,39.07882988743568,-86.59418896697909,ST RD,N,URBAN,N,Y,N,,DARK (LIGHTED),CLEAR,DRY,,FOUR-WAY INTERSECTION,STRAIGHT/LEVEL,ASPHALT,FAILURE TO YIELD RIGHT OF WAY,RIGHT ANGLE,NKINSERPKST RD 46 W,TRAFFIC CONTROL SIGNAL,2021-03-09 20:04:00,,,
2573,BLOOMINGTON PD,BLOOMINGTON,3,0.0,0.0,0,0,,,,S PATTERSON DR,W 2ND ST,,,,39.16303463740657,-86.51421458100717,LOCAL/CITY RD,N,URBAN,N,N,N,,DARK (LIGHTED),CLEAR,DRY,,NO JUNCTION INVOLVED,STRAIGHT/LEVEL,ASPHALT,FOLLOWING TOO CLOSELY,REAR END,SPATTERSONDRW 2NDST,TRAFFIC CONTROL SIGNAL,2021-03-09 20:30:00,,,
2574,INDIANA UNIV BLOOMINGTON PD,BLOOMINGTON,2,0.0,0.0,0,0,,,,N EAGLESON AVE,,,200.0,S,39.16308659827259,-86.52593671264971,LOCAL/CITY RD,N,URBAN,N,N,N,,DAYLIGHT,CLEAR,DRY,,NO JUNCTION INVOLVED,STRAIGHT/LEVEL,ASPHALT,FOLLOWING TOO CLOSELY,REAR END,7THSTEAGLESON AVEAVE,NONE,2021-03-08 15:58:00,,,
2575,BLOOMINGTON PD,BLOOMINGTON,2,0.0,1.0,0,0,,,,E 10TH ST,N GRANT ST,,,,39.06040669967508,-86.48998959898813,LOCAL/CITY RD,N,URBAN,N,N,N,,DAYLIGHT,CLEAR,DRY,,NO JUNCTION INVOLVED,STRAIGHT/LEVEL,ASPHALT,FAILURE TO YIELD RIGHT OF WAY,LEFT TURN,E 10THSTNGRANTST,NONE,2021-03-08 17:46:00,,,
2576,BLOOMINGTON PD,BLOOMINGTON,2,0.0,0.0,0,0,,,,S ROGERS ST,W PATTERSON DR,,,,39.17900944705379,-86.53474401908623,LOCAL/CITY RD,Y,URBAN,N,N,N,,DARK (NOT LIGHTED),CLEAR,DRY,,FOUR-WAY INTERSECTION,STRAIGHT/LEVEL,ASPHALT,FOLLOWING TOO CLOSELY,REAR END,SOUTHROGERSSTWESTPATTERSONDR,TRAFFIC CONTROL SIGNAL,2021-03-08 20:40:00,,,
2577,BLOOMINGTON PD,BLOOMINGTON,2,0.0,0.0,0,0,,,,N ROGERS ST,W 11TH ST,,75.0,N,39.1419086148872,-86.58260866051245,LOCAL/CITY RD,Y,URBAN,N,N,N,,DAWN/DUSK,CLEAR,DRY,,FOUR-WAY INTERSECTION,STRAIGHT/GRADE,ASPHALT,DRIVER DISTRACTED - EXPLAIN IN NARRATIVE,RAN OFF RD,NROGERSSTW11THST,STOP SIGN,2021-03-08 21:55:00,,,
2578,MONROE SD,BLOOMINGTON,1,0.0,0.0,0,0,,,,W ST RD 37,E WHISNAND RD,,100.0,N,39.16632897096249,-86.57604047739696,LOCAL/CITY RD,N,RURAL,N,N,N,,DARK (NOT LIGHTED),CLEAR,DRY,,T-INTERSECTION,STRAIGHT/LEVEL,ASPHALT,ANIMAL/OBJECT IN RDWAY,RAN OFF RD,NWHISNANDRDOLDSTATERD37NRD,LN CONTROL,2021-03-07 05:19:00,,,
2579,BLOOMINGTON PD,BLOOMINGTON,2,0.0,2.0,0,0,,,,W 17TH ST,N KINSER PK,,,,39.22117361026708,-86.5132462399081,LOCAL/CITY RD,N,URBAN,N,N,N,,DAYLIGHT,CLEAR,DRY,,FOUR-WAY INTERSECTION,STRAIGHT/GRADE,CONCRETE,DISREGARD SIGNAL/REG SIGN,RIGHT ANGLE,NKINSERPKW17THST,TRAFFIC CONTROL SIGNAL,2021-03-07 13:31:00,,,
2580,INDIANA UNIV BLOOMINGTON PD,BLOOMINGTON,1,0.0,1.0,0,0,,,,N WALNUT GROVE ST,E 17TH ST,,,,39.16325375693162,-86.58278699969445,LOCAL/CITY RD,N,URBAN,N,N,N,,DAYLIGHT,CLEAR,DRY,,FOUR-WAY INTERSECTION,STRAIGHT/LEVEL,ASPHALT,FAILURE TO YIELD RIGHT OF WAY,LEFT/RIGHT TURN,EAST17THSTWALNUTGROVEST,LN CONTROL,2021-03-07 17:50:00,,,True
2581,BLOOMINGTON PD,BLOOMINGTON,2,0.0,0.0,0,0,,,,N WALNUT ST,W 9TH ST,,,,39.17899813750983,-86.53474382886115,LOCAL/CITY RD,N,URBAN,N,N,N,,DAYLIGHT,CLEAR,DRY,,FOUR-WAY INTERSECTION,STRAIGHT/LEVEL,ASPHALT,FAILURE TO YIELD RIGHT OF WAY,SAME DIRECTION SIDESWIPE,NORTHWALNUTSTWEST9THST,LN CONTROL,2021-03-06 14:10:00,,,
2582,BLOOMINGTON PD,BLOOMINGTON,2,0.0,0.0,0,0,,,,S ROGERS ST,W HAYS CT,,,,39.17902,-86.5347,LOCAL/CITY RD,N,URBAN,N,N,N,,DARK (LIGHTED),CLEAR,DRY,,T-INTERSECTION,STRAIGHT/GRADE,ASPHALT,FOLLOWING TOO CLOSELY,REAR END,SROGERSSTWHAYSCT,NONE,2021-03-06 18:36:00,,,
2583,BLOOMINGTON PD,BLOOMINGTON,2,0.0,0.0,0,0,,,,N ST RD 37,W ST RD 37,,30.0,E,39.13677249446937,-86.57780158047582,LOCAL/CITY RD,Y,URBAN,N,N,N,,DARK (NOT LIGHTED),CLEAR,DRY,,NO JUNCTION INVOLVED,STRAIGHT/LEVEL,ASPHALT,OTHER (DRIVER) - EXPLAIN IN NARRATIVE,REAR END,NOLDSTATERD37RDNSTATERD37BUSINESSRD,TRAFFIC CONTROL SIGNAL,2021-03-06 19:16:00,,,
2584,INDIANA UNIV BLOOMINGTON PD,BLOOMINGTON,2,0.0,0.0,0,0,,,,N CAMPBELL ST,E 7TH ST,,100.0,N,39.20645648048748,-86.58664134846684,LOCAL/CITY RD,N,URBAN,N,N,N,,DARK (NOT LIGHTED),CLEAR,DRY,,NO JUNCTION INVOLVED,STRAIGHT/GRADE,ASPHALT,UNSAFE BACKING,BACKING CRASH,7THSTCAMPBELLST,NONE,2021-03-06 19:43:00,,,
2585,MONROE SD,BLOOMINGTON,1,0.0,0.0,0,1,,,,ST RD 45,W HINDS RD,,200.0,E,39.18703,-86.55501,ST RD,N,URBAN,N,Y,N,,DARK (NOT LIGHTED),CLEAR,DRY,,NO JUNCTION INVOLVED,CURVE/GRADE,ASPHALT,ANIMAL/OBJECT IN RDWAY,COLLISION WITH DEER,ST RD 45 WWHINDSRD,NONE,2021-03-06 20:14:00,,,
2586,INDIANA UNIV BLOOMINGTON PD,BLOOMINGTON,2,0.0,0.0,0,0,,,,E 18TH ST,N DUNN ST,,150.0,W,39.164575934909706,-86.5311163076771,LOCAL/CITY RD,N,URBAN,N,N,N,,DARK (LIGHTED),CLEAR,DRY,,NO JUNCTION INVOLVED,STRAIGHT/GRADE,ASPHALT,UNSAFE BACKING,BACKING CRASH,DUNNSTEIGHTEENTHST,NONE,2021-03-06 21:45:00,,,