_id,Agency,City,Vehicles Involved,Trailers Involved,Number Injured,Number Dead,Number Deer,House Number,Roadway Interchange,Roadway Ramp,Roadway Id,Intersecting Road,Interchange,Feet From,Direction,Latitude,Longitude,Roadway Class,Hit and Run?,Locality,School Zone?,Rumble Strips?,Construction?,Construction Type,Light Condition,Weather Conditions,Surface Condition,Type of Median,Roadway Junction Type,Road Character,Roadway Surface,Primary Factor,Manner of Collision,Unique Location Id,Traffic Control,DateTime,Address Number,Cyclist Involved,Pedestrian Involved
2765,MONROE SD,BLOOMINGTON,2,0.0,0.0,0,0,,,,E RHORER RD,S WALNUT ST,,,,39.33333942034667,-86.51276928181596,LOCAL/CITY RD,N,RURAL,N,N,N,,DARK (LIGHTED),CLEAR,WET,,INTERCHANGE,STRAIGHT/LEVEL,ASPHALT,FAILURE TO YIELD RIGHT OF WAY,RIGHT ANGLE,SOLDSTATERD37RDWGORDONPK,TRAFFIC CONTROL SIGNAL,2021-02-11 19:50:00,,,
2766,BLOOMINGTON PD,BLOOMINGTON,2,0.0,0.0,0,0,,,,S WALNUT ST,W HILLSIDE DR,,,,39.229576764501104,-86.57235569102322,LOCAL/CITY RD,N,URBAN,N,N,N,,DAYLIGHT,SNOW,SNOW/SLUSH,,FOUR-WAY INTERSECTION,STRAIGHT/LEVEL,ASPHALT,FOLLOWING TOO CLOSELY,REAR END,HILLSIDEDRWALNUTST,TRAFFIC CONTROL SIGNAL,2021-02-10 08:08:00,,,
2767,MONROE SD,BLOOMINGTON,2,0.0,0.0,0,0,,,,S WALNUT ST PK,E RHORER RD,,,,39.188099382015494,-86.61153181835812,LOCAL/CITY RD,N,URBAN,N,N,N,,DAYLIGHT,SNOW,WET,,T-INTERSECTION,STRAIGHT/GRADE,ASPHALT,FOLLOWING TOO CLOSELY,REAR END,ERHOHERRDSWALNUTSTPK,TRAFFIC CONTROL SIGNAL,2021-02-10 12:47:00,,,
2768,MONROE SD,BLOOMINGTON,2,0.0,0.0,0,0,,,,S STRAIN RIDGE RD,,,500.0,S,39.17333015931843,-86.54470468203074,COUNTY RD,N,RURAL,N,N,N,,DAYLIGHT,SNOW,SNOW/SLUSH,,NO JUNCTION INVOLVED,STRAIGHT/GRADE,ASPHALT,IMPROPER LN USAGE,OPPOSITE DIRECTION SIDESWIPE,EASTSCOTTLNSOUTHSTRAINRIDGERD,NONE,2021-02-10 14:04:00,,,
2769,MONROE SD,BLOOMINGTON,1,0.0,0.0,0,0,,,,ST RD 37,W MONROE DAM RD,,,,39.150497884946105,-86.42644688333236,ST RD,N,RURAL,N,N,N,,DAYLIGHT,SNOW,SNOW/SLUSH,,NO JUNCTION INVOLVED,STRAIGHT/GRADE,CONCRETE,SPEED TOO FAST FOR WEATHER CONDITIONS,OTHER - EXPLAIN IN NARRATIVE,MONROEDAMERDS ST RD 37,NONE,2021-02-10 14:06:00,,,
2770,ISP BLOOMINGTON 33,BLOOMINGTON,1,,2.0,0,0,,Y,115G,I-69 S,W FULLERTON PK,Y,739.0,E,39.17656464050625,-86.54210355172029,INTERSTATE,,URBAN,N,N,N,,DAYLIGHT,SNOW,SNOW/SLUSH,,RAMP,,ASPHALT,SPEED TOO FAST FOR WEATHER CONDITIONS,RAN OFF RD,JeffreyRdI-69,,2021-02-10 14:20:00,,,
2771,INDIANA UNIV BLOOMINGTON PD,BLOOMINGTON,2,0.0,0.0,0,0,,,,E 3RD ST,S INDIANA AVE,,,,39.09551749239716,-86.50945553669847,LOCAL/CITY RD,N,URBAN,N,N,N,,DAYLIGHT,SNOW,SNOW/SLUSH,,FOUR-WAY INTERSECTION,STRAIGHT/LEVEL,ASPHALT,FOLLOWING TOO CLOSELY,REAR END,INDIANAAVE 3RDST,TRAFFIC CONTROL SIGNAL,2021-02-10 14:24:00,,,
2772,MONROE SD,ELLETTSVILLE,2,0.0,0.0,0,0,,,,N MATTHEWS DR,,,500.0,N,39.12235054656868,-86.61430930282516,COUNTY RD,N,RURAL,N,N,N,,DAYLIGHT,SLEET/HAIL/FREEZING RAIN,ICE,,NO JUNCTION INVOLVED,CURVE/LEVEL,ASPHALT,OTHER (ENVIRONMENTAL) - EXPLAIN IN NARR,OPPOSITE DIRECTION SIDESWIPE,MAPLEGROVERDMATTHEWSDR,NO PASSING ZONE,2021-02-10 14:45:00,,,
2773,MONROE SD,BLOOMINGTON,1,0.0,0.0,0,0,,,,W DILLMAN RD,S WALNUT ST,,,,39.1645659655256,-86.5336431737141,LOCAL/CITY RD,N,RURAL,N,N,N,,DAYLIGHT,BLOWING SAND/SOIL/SNOW,ICE,,NO JUNCTION INVOLVED,STRAIGHT/GRADE,ASPHALT,RDWAY SURFACE CONDITION,RAN OFF RD,EDILLMANRDSOLDSTATERDRD,NONE,2021-02-10 14:55:00,,,
2774,BLOOMINGTON PD,BLOOMINGTON,2,0.0,0.0,0,0,,,,S WASHINGTON ST,E 4TH ST,,,,39.11961647037951,-86.54985164907751,LOCAL/CITY RD,N,URBAN,N,N,N,,DAYLIGHT,SNOW,SNOW/SLUSH,,FOUR-WAY INTERSECTION,STRAIGHT/LEVEL,ASPHALT,DISREGARD SIGNAL/REG SIGN,RIGHT ANGLE,4THSTWASHINGTONST,STOP SIGN,2021-02-10 14:57:00,,,
2775,ISP BLOOMINGTON 33,BLOOMINGTON,2,,0.0,0,0,,,,S ST RD 37,ST RD 37,,0.0,S,39.01983070799115,-86.53640792388111,COUNTY RD,,RURAL,N,N,N,,DAYLIGHT,SLEET/HAIL/FREEZING RAIN,SNOW/SLUSH,,FOUR-WAY INTERSECTION,,ASPHALT,SPEED TOO FAST FOR WEATHER CONDITIONS,HEAD ON BETWEEN TWO MOTOR VEHICLES,StateRoad37SOldStateRoad37,,2021-02-10 15:13:00,,,
2776,MONROE SD,BLOOMINGTON,2,0.0,0.0,0,0,,,,N SHUFFLE CREEK RD,ST RD 45,,,,39.186226941144206,-86.52453522272802,LOCAL/CITY RD,N,RURAL,Y,N,N,,DAYLIGHT,SNOW,SNOW/SLUSH,,T-INTERSECTION,STRAIGHT/GRADE,CONCRETE,SPEED TOO FAST FOR WEATHER CONDITIONS,RIGHT ANGLE,NSHUFFLECREEKRDST RD 45E,STOP SIGN,2021-02-10 15:38:00,,,
2777,MONROE SD,BLOOMINGTON,1,0.0,0.0,0,0,,,,ST RD 46,E KINGS RD,,,,39.05460292888362,-86.49836790400151,COUNTY RD,N,RURAL,N,N,N,,DAYLIGHT,CLOUDY,ICE,,T-INTERSECTION,CURVE/GRADE,ASPHALT,SPEED TOO FAST FOR WEATHER CONDITIONS,RAN OFF RD,46EASTSTATERDKINGSRD,NONE,2021-02-10 15:46:00,,,
2778,INDIANA UNIV BLOOMINGTON PD,BLOOMINGTON,1,0.0,0.0,0,0,,,,E 10TH ST,N JEFFERSON ST,,,,-4.119574426629459e-05,-4.630182911821163e-05,LOCAL/CITY RD,N,URBAN,N,N,N,,DAYLIGHT,BLOWING SAND/SOIL/SNOW,SNOW/SLUSH,,NO JUNCTION INVOLVED,CURVE/LEVEL,ASPHALT,SPEED TOO FAST FOR WEATHER CONDITIONS,RAN OFF RD,JEFFERSONSTUNIONVILLERD,NONE,2021-02-10 15:50:00,,,
2779,BLOOMINGTON PD,BLOOMINGTON,1,0.0,0.0,0,0,,,,W 3RD ST,S ROGERS ST,,,,39.17161265090844,-86.5021995707875,LOCAL/CITY RD,N,URBAN,N,N,N,,DAYLIGHT,SNOW,SNOW/SLUSH,,NO JUNCTION INVOLVED,STRAIGHT/GRADE,ASPHALT,SPEED TOO FAST FOR WEATHER CONDITIONS,COLLISION WITH OBJECT IN RD,SROGERSSTW 3RDST,TRAFFIC CONTROL SIGNAL,2021-02-10 16:00:00,,,
2780,ISP BLOOMINGTON 33,BLOOMINGTON,1,,0.0,0,0,,,,I-69 S,,,898.0,N,39.16555207174036,-86.52981187581156,INTERSTATE,,RURAL,N,N,N,,DAYLIGHT,BLOWING SAND/SOIL/SNOW,SNOW/SLUSH,,NO JUNCTION INVOLVED,,ASPHALT,,RAN OFF RD,LeePaulRdI-69,,2021-02-10 16:00:00,,,
2781,ISP BLOOMINGTON 33,BLOOMINGTON,1,,0.0,0,0,,,,I-69 S,,,0.0,S,39.20736299673757,-86.55667464261784,INTERSTATE,,RURAL,N,N,N,,DAYLIGHT,SNOW,SNOW/SLUSH,,NO JUNCTION INVOLVED,,ASPHALT,SPEED TOO FAST FOR WEATHER CONDITIONS,RAN OFF RD,I-69124.5,,2021-02-10 16:05:00,,,
2782,BLOOMINGTON PD,BLOOMINGTON,3,0.0,1.0,0,0,,,,W BLOOMFIELD RD,S RANSOM LN,,300.0,W,39.16668768230223,-86.54967642732146,LOCAL/CITY RD,N,URBAN,N,N,N,,DAYLIGHT,SNOW,SNOW/SLUSH,,NO JUNCTION INVOLVED,STRAIGHT/HILLCREST,ASPHALT,RDWAY SURFACE CONDITION,HEAD ON BETWEEN TWO MOTOR VEHICLES,SLANDMARKAVEWBLOOMFIELDRD,NONE,2021-02-10 16:12:00,,,
2783,INDIANA UNIV BLOOMINGTON PD,BLOOMINGTON,1,0.0,0.0,0,0,,,,E 10TH ST,N JEFFERSON ST,,,,39.13940120381876,-86.52694797676952,LOCAL/CITY RD,N,URBAN,N,N,N,,DAYLIGHT,BLOWING SAND/SOIL/SNOW,SNOW/SLUSH,,NO JUNCTION INVOLVED,CURVE/LEVEL,ASPHALT,SPEED TOO FAST FOR WEATHER CONDITIONS,RAN OFF RD,JEFFERSONSTUNIONVILLERD,NONE,2021-02-10 16:14:00,,,
2784,ISP BLOOMINGTON 33,BLOOMINGTON,1,,0.0,0,0,,,,I-69 S,,,845.0,S,39.12811686009355,-86.56411757597583,INTERSTATE,,RURAL,N,N,N,,DAYLIGHT,SNOW,SNOW/SLUSH,,NO JUNCTION INVOLVED,,CONCRETE,SPEED TOO FAST FOR WEATHER CONDITIONS,RAN OFF RD,WayportRdI-69,,2021-02-10 17:02:00,,,
2785,INDIANA UNIV BLOOMINGTON PD,BLOOMINGTON,2,0.0,0.0,0,0,,,,ST RD 45/46,E DISCOVERY PKWY,,,,39.22761376744255,-86.61603487516662,ST RD,N,URBAN,N,N,N,,DAYLIGHT,SNOW,WET,,T-INTERSECTION,STRAIGHT/GRADE,ASPHALT,FAILURE TO YIELD RIGHT OF WAY,RIGHT TURN,DISCOVERYPKWYST RD 4546N,TRAFFIC CONTROL SIGNAL,2021-02-10 17:35:00,,,
2786,MONROE SD,BLOOMINGTON,1,0.0,0.0,0,0,3500,,,S SNODDY RD,,,2000.0,N,39.10618251058492,-86.63831207210234,LOCAL/CITY RD,N,RURAL,N,N,N,,DARK (NOT LIGHTED),SNOW,SNOW/SLUSH,,NO JUNCTION INVOLVED,STRAIGHT/GRADE,ASPHALT,RAN OFF RD RIGHT,RAN OFF RD,EASTRHORERRDSOUTHSNODDYRD,NONE,2021-02-09 01:19:00,,,
2787,MONROE SD,BLOOMINGTON,1,0.0,0.0,0,0,,,,ST RD 45,,,1000.0,E,,,ST RD,N,RURAL,N,Y,N,,DARK (LIGHTED),SNOW,SNOW/SLUSH,,NO JUNCTION INVOLVED,CURVE/LEVEL,ASPHALT,RAN OFF RD RIGHT,RAN OFF RD,EOOLEYAVEST RD 45E,NONE,2021-02-09 06:31:00,,,
2788,MONROE SD,BLOOMINGTON,1,0.0,0.0,0,0,,,Y,ST RD 45/46,I-69 S,,,,39.149759541135964,-86.56891175286576,ST RD,N,URBAN,N,N,N,,DAYLIGHT,SNOW,SNOW/SLUSH,,NO JUNCTION INVOLVED,CURVE/GRADE,ASPHALT,RDWAY SURFACE CONDITION,RAN OFF RD,NINTERSTATE69HWYST RD 46 W,LN CONTROL,2021-02-09 10:46:00,,,
2789,BLOOMINGTON PD,BLOOMINGTON,2,0.0,0.0,0,0,,,,E 3RD ST,S DUNN ST,,100.0,W,39.1533448197115,-86.53373031913556,LOCAL/CITY RD,N,URBAN,N,N,N,,DAYLIGHT,CLOUDY,SNOW/SLUSH,,T-INTERSECTION,STRAIGHT/HILLCREST,ASPHALT,FOLLOWING TOO CLOSELY,REAR END,EAST3RDSTSOUTHDUNNST,NONE,2021-02-09 11:15:00,,,
2790,MONROE SD,BLOOMINGTON,1,0.0,0.0,0,0,,,,ST RD 446,,,300.0,N,39.168470707948316,-86.51790223672491,ST RD,N,RURAL,N,Y,N,,DAYLIGHT,CLOUDY,WET,,NO JUNCTION INVOLVED,CURVE/HILLCREST,ASPHALT,RAN OFF RD RIGHT,RAN OFF RD,EMERITTDRST RD 446S,NONE,2021-02-09 12:01:00,,,
2791,BLOOMINGTON PD,BLOOMINGTON,1,0.0,0.0,0,0,,,,I-69 S,ST RD 48,,150.0,S,39.15298432184478,-86.53758425376233,INTERSTATE,N,URBAN,N,N,N,,DAYLIGHT,SNOW,WET,,NO JUNCTION INVOLVED,STRAIGHT/LEVEL,ASPHALT,SPEED TOO FAST FOR WEATHER CONDITIONS,OTHER - EXPLAIN IN NARRATIVE,3RDSTI-69S,NONE,2021-02-09 12:08:00,,,
2792,INDIANA UNIV BLOOMINGTON PD,BLOOMINGTON,2,0.0,0.0,0,0,908,,,N WOODLAWN AVE,,,,,39.16844703495646,-86.51789650669558,LOCAL/CITY RD,N,URBAN,N,N,N,,DAYLIGHT,CLEAR,SNOW/SLUSH,,NO JUNCTION INVOLVED,STRAIGHT/LEVEL,ASPHALT,IMPROPER TURNING,RIGHT TURN,WOODLAWNAVE,TRAFFIC CONTROL SIGNAL,2021-02-09 15:00:00,,,
2793,INDIANA UNIV BLOOMINGTON PD,BLOOMINGTON,2,0.0,0.0,0,0,,,,N INDIANA AVE,E 13TH ST,,,,39.153000105913165,-86.537580131132,LOCAL/CITY RD,Y,URBAN,N,N,N,,DARK (LIGHTED),CLEAR,WET,,FOUR-WAY INTERSECTION,STRAIGHT/LEVEL,ASPHALT,DISREGARD SIGNAL/REG SIGN,RIGHT ANGLE,INDIANAAVETHIRTEENTHST,STOP SIGN,2021-02-09 21:20:00,,,
2794,BLOOMINGTON PD,BLOOMINGTON,3,0.0,0.0,0,0,,,,ST RD 46,S COLLEGE MALL RD,,,,39.229872530947176,-86.41620047166779,LOCAL/CITY RD,N,URBAN,N,N,N,,DAYLIGHT,CLOUDY,DRY,,FOUR-WAY INTERSECTION,STRAIGHT/LEVEL,ASPHALT,FAILURE TO YIELD RIGHT OF WAY,RIGHT ANGLE,E 3RDSTSCOLLEGEMALLRD,TRAFFIC CONTROL SIGNAL,2021-02-08 09:53:00,,,
2795,MONROE SD,BLOOMINGTON,2,0.0,0.0,0,0,,,,I-69 S,ST RD 48,,600.0,S,39.163602212435144,-86.43817663218917,INTERSTATE,N,URBAN,N,N,N,,DAYLIGHT,CLOUDY,DRY,,NO JUNCTION INVOLVED,STRAIGHT/LEVEL,CONCRETE,UNSAFE LN MOVEMENT,SAME DIRECTION SIDESWIPE,I-69SW 3RDST,NONE,2021-02-08 10:05:00,,,
2796,BLOOMINGTON PD,BLOOMINGTON,2,0.0,0.0,0,0,,,,N WALNUT ST,E 10TH ST,,,,39.1753344332799,-86.5305220680636,LOCAL/CITY RD,N,URBAN,N,N,N,,DAYLIGHT,CLOUDY,DRY,,FOUR-WAY INTERSECTION,STRAIGHT/HILLCREST,ASPHALT,DISREGARD SIGNAL/REG SIGN,RIGHT ANGLE,EAST10THSTNORTHWALNUTST,TRAFFIC CONTROL SIGNAL,2021-02-08 12:15:00,,,
2797,MONROE SD,BLOOMINGTON,2,0.0,0.0,0,0,,,,W TAPP RD,,,700.0,W,39.16554175459342,-86.517966439068,COUNTY RD,Y,RURAL,N,N,Y,INTERMITTENT OR MOVING WORK,DAYLIGHT,CLEAR,DRY,,NO JUNCTION INVOLVED,STRAIGHT/GRADE,ASPHALT,FAILURE TO YIELD RIGHT OF WAY,SAME DIRECTION SIDESWIPE,SRAYLEPLTAPPRD,OTHER REGULATORY SIGN/MARKING,2021-02-08 14:59:00,,,
2798,ISP BLOOMINGTON 33,BLOOMINGTON,1,,0.0,0,0,,,,W BURMA RD,,,0.0,S,39.00176388149215,-86.46207026202765,COUNTY RD,,RURAL,N,N,N,,DAYLIGHT,SNOW,SNOW/SLUSH,,NO JUNCTION INVOLVED,,ASPHALT,SPEED TOO FAST FOR WEATHER CONDITIONS,RAN OFF RD,WBurmaRd,,2021-02-08 17:15:00,,,
2799,BLOOMINGTON PD,BLOOMINGTON,2,0.0,0.0,0,0,,,,W 3RD ST,S KIMBLE DR,,,,39.21501596929107,-86.59282235235706,LOCAL/CITY RD,N,URBAN,N,N,N,,DARK (LIGHTED),SNOW,WET,,FOUR-WAY INTERSECTION,STRAIGHT/LEVEL,ASPHALT,FAILURE TO YIELD RIGHT OF WAY,RIGHT TURN,SOUTHKIMBLEDRWEST3RDST,TRAFFIC CONTROL SIGNAL,2021-02-08 18:33:00,,,
2800,ISP BLOOMINGTON 33,ELLETTSVILLE,2,,0.0,0,0,,,,ST RD 46,W HEDRICK RD,,0.0,S,39.2537,-86.59236,ST RD,,RURAL,N,N,N,,DARK (NOT LIGHTED),SNOW,SNOW/SLUSH,,NO JUNCTION INVOLVED,,ASPHALT,SPEED TOO FAST FOR WEATHER CONDITIONS,HEAD ON BETWEEN TWO MOTOR VEHICLES,StateRd46,,2021-02-08 18:40:00,,,
2801,BLOOMINGTON PD,BLOOMINGTON,2,0.0,0.0,0,0,,,,E 2ND ST,S HENDERSON ST,,,,39.171611942930724,-86.5021681005237,LOCAL/CITY RD,N,URBAN,N,N,N,,DARK (NOT LIGHTED),BLOWING SAND/SOIL/SNOW,SNOW/SLUSH,,FOUR-WAY INTERSECTION,STRAIGHT/HILLCREST,ASPHALT,OTHER (ENVIRONMENTAL) - EXPLAIN IN NARR,REAR END,E 2NDSTSHENDERSONST,STOP SIGN,2021-02-08 19:28:00,,,
2802,BLOOMINGTON PD,BLOOMINGTON,2,0.0,0.0,0,0,,,,N ADAMS ST,W KIRKWOOD AVE,,,,39.18854768043765,-86.52368503022383,LOCAL/CITY RD,Y,URBAN,N,N,N,,DARK (LIGHTED),SNOW,SNOW/SLUSH,,FOUR-WAY INTERSECTION,CURVE/GRADE,CONCRETE,FOLLOWING TOO CLOSELY,REAR END,NADAMSSTWKIRKWOODAVE,NONE,2021-02-08 19:42:00,,,
2803,MONROE SD,BLOOMINGTON,2,0.0,0.0,0,0,,,,S ROCKPORT RD,W STANSIFER CT,,,,39.12146,-86.53134,LOCAL/CITY RD,N,RURAL,N,N,N,,DARK (NOT LIGHTED),SNOW,SNOW/SLUSH,,T-INTERSECTION,STRAIGHT/GRADE,ASPHALT,FOLLOWING TOO CLOSELY,REAR END,ROCKPORTRDSTANSIFERLN,NONE,2021-02-08 19:56:00,,,
2804,BLOOMINGTON PD,BLOOMINGTON,1,0.0,0.0,0,0,,,,W 2ND ST,S COLLEGE AVE,,,,39.15048492411274,-86.53371272069383,LOCAL/CITY RD,N,URBAN,N,N,N,,DARK (LIGHTED),BLOWING SAND/SOIL/SNOW,SNOW/SLUSH,,FOUR-WAY INTERSECTION,STRAIGHT/GRADE,ASPHALT,SPEED TOO FAST FOR WEATHER CONDITIONS,RAN OFF RD,SCOLLEGEAVEW 2NDST,TRAFFIC CONTROL SIGNAL,2021-02-08 20:40:00,,,
2805,INDIANA UNIV BLOOMINGTON PD,BLOOMINGTON,2,0.0,0.0,0,0,,,,N EAGLESON AVE,E 10TH ST,,,,39.12141809901909,-86.52669355617503,LOCAL/CITY RD,Y,URBAN,N,N,N,,DARK (LIGHTED),SNOW,SNOW/SLUSH,,FOUR-WAY INTERSECTION,STRAIGHT/LEVEL,ASPHALT,RDWAY SURFACE CONDITION,REAR END,EAGLESON AVEAVETENTHST,TRAFFIC CONTROL SIGNAL,2021-02-08 20:40:00,,,
2806,BLOOMINGTON PD,BLOOMINGTON,2,0.0,0.0,0,0,703,,,E COLONIAL CREST RD,,,,,39.05682114453232,-86.507801871066,UNKNOWN,Y,URBAN,N,N,N,,DAYLIGHT,CLOUDY,WET,,NO JUNCTION INVOLVED,STRAIGHT/LEVEL,ASPHALT,IMPROPER TURNING,LEFT TURN,WGOURLEYPK,NONE,2021-02-07 01:00:00,,,
2807,MONROE SD,BLOOMINGTON,1,0.0,0.0,0,0,,,,W RATLIFF RD,N HARTSTRAIT RD,,100.0,W,39.02011728559589,-86.5366145428067,LOCAL/CITY RD,Y,RURAL,N,N,N,,DARK (LIGHTED),CLOUDY,SNOW/SLUSH,,NO JUNCTION INVOLVED,STRAIGHT/GRADE,ASPHALT,RAN OFF RD RIGHT,RAN OFF RD,NHARTSTRAITRDWRATLIFFRD,LN CONTROL,2021-02-07 06:16:00,,,
2808,INDIANA UNIV BLOOMINGTON PD,BLOOMINGTON,2,0.0,0.0,0,0,,,,S INDIANA AVE,E 3RD ST,,,,39.122274161538,-86.57141325429014,LOCAL/CITY RD,N,URBAN,N,N,N,,DAYLIGHT,CLEAR,WET,,FOUR-WAY INTERSECTION,STRAIGHT/LEVEL,ASPHALT,WRONG WAY ON ONE WAY,RIGHT ANGLE,INDIANAAVE 3RDST,TRAFFIC CONTROL SIGNAL,2021-02-07 09:55:00,,,
2809,BLOOMINGTON PD,BLOOMINGTON,2,0.0,0.0,0,0,,,,W ISAACS DR,S DOLIMAH AVE,,400.0,E,39.16427374041345,-86.52693396359253,LOCAL/CITY RD,Y,URBAN,N,N,N,,DAYLIGHT,CLEAR,DRY,,FOUR-WAY INTERSECTION,STRAIGHT/LEVEL,ASPHALT,UNSAFE LN MOVEMENT,OPPOSITE DIRECTION SIDESWIPE,SWESTPLEXAVEWISAACDR,NONE,2021-02-07 14:33:00,,,
2810,MONROE SD,BLOOMINGTON,1,0.0,0.0,0,0,,,,S KIRBY RD,,,500.0,S,39.2467509101762,-86.62061152570148,COUNTY RD,N,RURAL,N,N,N,,DARK (NOT LIGHTED),CLEAR,DRY,,NO JUNCTION INVOLVED,STRAIGHT/LEVEL,ASPHALT,OTHER (ENVIRONMENTAL) - EXPLAIN IN NARR,COLLISION WITH OBJECT IN RD,KIRBYRDSTATERD48HWY,NONE,2021-02-07 22:42:00,,,
2811,BLOOMINGTON PD,BLOOMINGTON,2,0.0,0.0,0,0,,,,S ROGERS ST,W 2ND ST,,,,39.0929712194732,-86.54417550815278,LOCAL/CITY RD,Y,URBAN,N,N,N,,DAYLIGHT,CLEAR,DRY,,FOUR-WAY INTERSECTION,STRAIGHT/GRADE,ASPHALT,DISREGARD SIGNAL/REG SIGN,RIGHT ANGLE,SROGERSSTW 2NDST,TRAFFIC CONTROL SIGNAL,2021-02-06 17:54:00,,,
2812,BLOOMINGTON PD,BLOOMINGTON,2,0.0,0.0,0,0,,,,N COLLEGE AVE,W 8TH ST,,,,39.165606451237494,-86.53244953572018,COUNTY RD,N,URBAN,N,N,N,,DARK (LIGHTED),CLEAR,DRY,,FOUR-WAY INTERSECTION,STRAIGHT/LEVEL,CONCRETE,UNSAFE LN MOVEMENT,SAME DIRECTION SIDESWIPE,NCOLLEGEAVEW8THST,LN CONTROL,2021-02-06 18:32:00,,,
2813,MONROE SD,BLOOMINGTON,1,0.0,0.0,0,2,,,,I-69 S,,,20.0,S,39.08546530710132,-86.54256556701475,INTERSTATE,N,RURAL,N,Y,N,,DARK (NOT LIGHTED),CLOUDY,DRY,,NO JUNCTION INVOLVED,STRAIGHT/LEVEL,ASPHALT,ANIMAL/OBJECT IN RDWAY,COLLISION WITH DEER,I-69S109.5,NONE,2021-02-06 21:52:00,,,
2814,MONROE SD,BLOOMINGTON,1,0.0,0.0,0,0,,,,W ELWREN RD,,,1000.0,E,39.229872266055324,-86.41616798328444,COUNTY RD,N,RURAL,N,N,N,,DARK (NOT LIGHTED),SNOW,WET,,T-INTERSECTION,CURVE/GRADE,ASPHALT,RAN OFF RD RIGHT,RAN OFF RD,STANFORDRDWESTELWRENRD,NONE,2021-02-06 22:45:00,,,
2815,MONROE SD,BLOOMINGTON,2,0.0,0.0,0,0,,,,ST RD 45,,,300.0,E,39.16655083594579,-86.4550985467561,ST RD,N,RURAL,N,N,B,,DAYLIGHT,CLEAR,DRY,,NO JUNCTION INVOLVED,STRAIGHT/HILLCREST,ASPHALT,VIEW OBSTRUCTED,REAR END,BUNGERRDST RD 45 W,LN CONTROL,2021-02-05 11:40:00,,,
2816,ISP BLOOMINGTON 33,BLOOMINGTON,2,,0.0,0,0,,103,M,I-69 S,ST RD 45/46,,0.0,S,39.171406025160344,-86.50719081376894,INTERSTATE,,RURAL,N,N,N,,DARK (NOT LIGHTED),CLEAR,DRY,,RAMP,,ASPHALT,UNSAFE LN MOVEMENT,SAME DIRECTION SIDESWIPE,ST RD 37,,2021-02-05 13:42:00,,,
2817,MONROE SD,BLOOMINGTON,1,0.0,0.0,0,0,,,,ST RD 37,,,1000.0,N,39.16458166738367,-86.53870726640466,ST RD,Y,RURAL,N,N,N,,DAYLIGHT,CLEAR,DRY,,NO JUNCTION INVOLVED,STRAIGHT/GRADE,ASPHALT,FOLLOWING TOO CLOSELY,OTHER - EXPLAIN IN NARRATIVE,INGRAMRDS ST RD 37,NONE,2021-02-05 17:12:00,,,
2818,BLOOMINGTON PD,BLOOMINGTON,2,0.0,0.0,0,0,,,,N WALNUT ST,W 6TH ST,,,,39.28634448259237,-86.52043694470858,LOCAL/CITY RD,N,URBAN,N,N,N,,DARK (LIGHTED),CLOUDY,DRY,,NO JUNCTION INVOLVED,STRAIGHT/GRADE,ASPHALT,FAILURE TO YIELD RIGHT OF WAY,SAME DIRECTION SIDESWIPE,6THSTWALNUTST,LN CONTROL,2021-02-05 21:47:00,,,
2819,ELLETTSVILLE PD,ELLETTSVILLE,1,0.0,0.0,0,0,7821,,,ST RD 46,N RED HILL RD,,2500.0,W,39.16460861074603,-86.53872352989347,ST RD,N,URBAN,N,N,N,,DARK (NOT LIGHTED),CLEAR,DRY,,NO JUNCTION INVOLVED,STRAIGHT/LEVEL,ASPHALT,ANIMAL/OBJECT IN RDWAY,COLLISION WITH ANIMAL OTHER,NREDHILLRDST RD 46 W,LN CONTROL,2021-02-05 23:50:00,,,
2820,BLOOMINGTON PD,BLOOMINGTON,1,0.0,1.0,0,0,500,,,W NORTHLN DR,N KINSER PK,,,,39.28635997766359,-86.52046749030701,UNKNOWN,Y,URBAN,N,N,N,,DARK (LIGHTED),CLOUDY,DRY,,NO JUNCTION INVOLVED,CURVE/GRADE,ASPHALT,RAN OFF RD RIGHT,RAN OFF RD,NORTHLNDR,NONE,2021-02-04 01:00:00,,,
2821,ISP BLOOMINGTON 33,BLOOMINGTON,2,,0.0,0,0,,,,I-69 N,,,686.0,W,39.256179362177335,-86.52638768551398,INTERSTATE,,URBAN,N,N,N,,DAYLIGHT,SLEET/HAIL/FREEZING RAIN,WET,,NO JUNCTION INVOLVED,,ASPHALT,,SAME DIRECTION SIDESWIPE,WHolidayDrI-69,,2021-02-04 12:03:00,,,
2822,MONROE SD,BLOOMINGTON,2,0.0,0.0,0,0,,,,ST RD 446,,,2700.0,S,39.15921438552245,-86.5552807659626,ST RD,N,RURAL,N,N,N,,DAYLIGHT,SLEET/HAIL/FREEZING RAIN,WET,,NO JUNCTION INVOLVED,CURVE/GRADE,ASPHALT,SPEED TOO FAST FOR WEATHER CONDITIONS,HEAD ON BETWEEN TWO MOTOR VEHICLES,SOLDRICHARDSONRDST RD 446S,NONE,2021-02-04 14:02:00,,,