_id,Agency,City,Vehicles Involved,Trailers Involved,Number Injured,Number Dead,Number Deer,House Number,Roadway Interchange,Roadway Ramp,Roadway Id,Intersecting Road,Interchange,Feet From,Direction,Latitude,Longitude,Roadway Class,Hit and Run?,Locality,School Zone?,Rumble Strips?,Construction?,Construction Type,Light Condition,Weather Conditions,Surface Condition,Type of Median,Roadway Junction Type,Road Character,Roadway Surface,Primary Factor,Manner of Collision,Unique Location Id,Traffic Control,DateTime,Address Number,Cyclist Involved,Pedestrian Involved
2882,BLOOMINGTON PD,BLOOMINGTON,2,0.0,0.0,0,0,,,,E ATWATER AVE,S EASTSIDE DR,,,,39.281885860011165,-86.70368876640462,LOCAL/CITY RD,N,URBAN,N,N,N,,DAYLIGHT,CLEAR,DRY,,FOUR-WAY INTERSECTION,STRAIGHT/LEVEL,ASPHALT,DISREGARD SIGNAL/REG SIGN,RIGHT ANGLE,EASTATWATERAVESOUTHEASTSIDEDR,STOP SIGN,2021-01-28 16:16:00,,,
2883,ELLETTSVILLE PD,ELLETTSVILLE,3,0.0,1.0,0,0,,,,S 1ST,E RITTER ST,,,,39.14246652,-86.489508,LOCAL/CITY RD,Y,URBAN,N,N,N,,DARK (LIGHTED),CLEAR,LOOSE MATERIAL ON RD,,FOUR-WAY INTERSECTION,STRAIGHT/HILLCREST,ASPHALT,DISREGARD SIGNAL/REG SIGN,RIGHT ANGLE,ERITTERSTSFIRSTST,STOP SIGN,2021-01-27 06:37:00,,,
2884,BLOOMINGTON PD,BLOOMINGTON,2,0.0,0.0,0,0,,,,S ROGERS ST,S ROCKPORT RD,,,,39.20992773757562,-86.58290757825058,LOCAL/CITY RD,N,URBAN,N,N,N,,DAYLIGHT,CLOUDY,DRY,,FOUR-WAY INTERSECTION,STRAIGHT/LEVEL,ASPHALT,FOLLOWING TOO CLOSELY,REAR END,SROCKPORTRDSROGERSST,TRAFFIC CONTROL SIGNAL,2021-01-27 08:28:00,,,
2885,BLOOMINGTON PD,BLOOMINGTON,1,0.0,1.0,0,0,,,,ST RD 45/46,N KINSER PK,,,,39.09154913405058,-86.42301086507446,INTERSTATE,N,URBAN,N,N,N,,DAYLIGHT,CLOUDY,DRY,,FOUR-WAY INTERSECTION,STRAIGHT/LEVEL,ASPHALT,OVERCORRECTING/OVERSTEERING,RAN OFF RD,I46 WNKINSERPK,TRAFFIC CONTROL SIGNAL,2021-01-27 11:40:00,,,
2886,MONROE SD,ELLETTSVILLE,1,0.0,0.0,0,0,,,,N MT TABOR RD,N JENNER DR,,,,39.20319581,-86.55205745,LOCAL/CITY RD,N,RURAL,N,N,N,,DAYLIGHT,BLOWING SAND/SOIL/SNOW,SNOW/SLUSH,,NO JUNCTION INVOLVED,CURVE/GRADE,ASPHALT,RDWAY SURFACE CONDITION,RAN OFF RD,NJENNERDRNMTTABORRD,NONE,2021-01-27 15:44:00,,,
2887,MONROE SD,BLOOMINGTON,1,0.0,0.0,0,0,,,,S GARRISON CHAPEL RD,,,500.0,S,39.166656714448166,-86.5438045552941,COUNTY RD,N,RURAL,N,N,N,,DAYLIGHT,SNOW,SNOW/SLUSH,,NO JUNCTION INVOLVED,CURVE/GRADE,ASPHALT,SPEED TOO FAST FOR WEATHER CONDITIONS,RAN OFF RD,ELLERRDGARRISONCHAPELRD,NONE,2021-01-27 15:57:00,,,
2888,ISP BLOOMINGTON 33,BLOOMINGTON,1,,0.0,0,0,,,,I-69 S,,,0.0,S,39.13595594879179,-86.52449453665939,INTERSTATE,,RURAL,N,N,N,,DAYLIGHT,SNOW,SNOW/SLUSH,,NO JUNCTION INVOLVED,,CONCRETE,SPEED TOO FAST FOR WEATHER CONDITIONS,RAN OFF RD,I-69108.5,,2021-01-27 16:00:00,,,
2889,MONROE SD,BLOOMINGTON,3,0.0,0.0,0,0,,,,N SMITH PK,W MERRY WAY,,,,39.24533,-86.62053,COUNTY RD,N,RURAL,N,N,N,,DAYLIGHT,SNOW,SNOW/SLUSH,,T-INTERSECTION,STRAIGHT/LEVEL,ASPHALT,FOLLOWING TOO CLOSELY,REAR END,NSMITHPKWMERRYWAYLN,NONE,2021-01-27 16:08:00,,,
2890,INDIANA UNIV BLOOMINGTON PD,BLOOMINGTON,3,0.0,1.0,0,0,,,,ST RD 45/46,E 17TH ST,,,,39.16459588835493,-86.58296513105711,ST RD,N,URBAN,N,N,N,,DAYLIGHT,CLEAR,SNOW/SLUSH,,T-INTERSECTION,STRAIGHT/LEVEL,ASPHALT,SPEED TOO FAST FOR WEATHER CONDITIONS,SAME DIRECTION SIDESWIPE,EAST17THSTST RD 46,TRAFFIC CONTROL SIGNAL,2021-01-27 16:10:00,,,
2891,INDIANA UNIV BLOOMINGTON PD,BLOOMINGTON,2,0.0,0.0,0,0,,,,ST RD 45/46,E 17TH ST,,,,39.18057846296492,-86.55751903053182,ST RD,N,URBAN,N,N,N,,DAYLIGHT,SNOW,SNOW/SLUSH,,T-INTERSECTION,STRAIGHT/LEVEL,ASPHALT,SPEED TOO FAST FOR WEATHER CONDITIONS,REAR END,EAST17THSTST RD 46,TRAFFIC CONTROL SIGNAL,2021-01-27 16:11:00,,,
2892,MONROE SD,BLOOMINGTON,1,0.0,0.0,0,0,5920,,,N UNION VALLEY RD,W MCNEELY ST,,250.0,S,39.10817791640444,-86.64564218324135,LOCAL/CITY RD,N,RURAL,N,N,N,,DAYLIGHT,SNOW,SNOW/SLUSH,,NO JUNCTION INVOLVED,STRAIGHT/GRADE,CONCRETE,RAN OFF RD RIGHT,RAN OFF RD,NUNIONVALLEYRDWMCNEELYST,NONE,2021-01-27 16:13:00,,,
2893,ISP BLOOMINGTON 33,BLOOMINGTON,1,,0.0,0,0,,,,I-69 N,,,0.0,S,39.01805605326685,-86.65136441132897,INTERSTATE,,RURAL,N,N,N,,DAYLIGHT,SNOW,SNOW/SLUSH,,NO JUNCTION INVOLVED,,CONCRETE,SPEED TOO FAST FOR WEATHER CONDITIONS,RAN OFF RD,I-69107.5,,2021-01-27 16:15:00,,,
2894,ISP BLOOMINGTON 33,BLOOMINGTON,1,,0.0,0,0,8515,,,I-69 S,,,950.0,N,39.135650725428164,-86.48116008805322,INTERSTATE,,RURAL,N,N,N,,DAYLIGHT,SNOW,SNOW/SLUSH,,NO JUNCTION INVOLVED,,ASPHALT,SPEED TOO FAST FOR WEATHER CONDITIONS,RAN OFF RD,I-69127.5,,2021-01-27 16:25:00,,,
2895,ISP BLOOMINGTON 33,BLOOMINGTON,1,,0.0,0,0,,,,S LORI LN,ST RD 46,,15.0,S,-4.3794568996794344e-05,-4.393802156434928e-06,ST RD,,RURAL,N,N,N,,DAYLIGHT,SNOW,SNOW/SLUSH,,T-INTERSECTION,,CONCRETE,SPEED TOO FAST FOR WEATHER CONDITIONS,RAN OFF RD,StateRd46LoriLn,,2021-01-27 16:48:00,,,
2896,ISP BLOOMINGTON 33,BLOOMINGTON,2,,0.0,0,0,,,,I-69 S,,,3010.0,N,39.164900471004515,-86.61134199467907,INTERSTATE,,RURAL,N,N,N,,DAYLIGHT,BLOWING SAND/SOIL/SNOW,SNOW/SLUSH,,NO JUNCTION INVOLVED,,CONCRETE,SPEED TOO FAST FOR WEATHER CONDITIONS,RIGHT ANGLE,WBurmaRdI-69,,2021-01-27 17:00:00,,,
2897,MONROE SD,BLOOMINGTON,1,0.0,0.0,0,0,,,,S VALLEY MISSION RD,,,1000.0,N,39.17592473505733,-86.5335835002419,COUNTY RD,N,RURAL,N,N,N,,DAYLIGHT,SNOW,SNOW/SLUSH,,NO JUNCTION INVOLVED,CURVE/GRADE,ASPHALT,RDWAY SURFACE CONDITION,RAN OFF RD,SVALLEYMISSIONRDRDSVALLEYMISSIONLNLN,NONE,2021-01-27 17:02:00,,,
2898,DNR LAW ENFORCEMENT,BLOOMINGTON,1,0.0,0.0,0,0,,,,ST RD 446,,,500.0,N,39.049978036458775,-86.67995358155208,ST RD,N,RURAL,N,N,N,,DAYLIGHT,SLEET/HAIL/FREEZING RAIN,ICE,,NO JUNCTION INVOLVED,CURVE/GRADE,ASPHALT,RAN OFF RD RIGHT,RAN OFF RD,PAYNETOWNRDST RD 446S,NONE,2021-01-27 17:03:00,,,
2899,BLOOMINGTON PD,BLOOMINGTON,2,0.0,0.0,0,0,,,,I-69 N,W BLOOMFIELD RD,,4500.0,S,39.186735247082524,-86.61152601438998,INTERSTATE,N,URBAN,N,Y,N,,DARK (LIGHTED),SNOW,SNOW/SLUSH,,NO JUNCTION INVOLVED,STRAIGHT/LEVEL,ASPHALT,OTHER (ENVIRONMENTAL) - EXPLAIN IN NARR,HEAD ON BETWEEN TWO MOTOR VEHICLES,I-69 NWBLOOMFIELDRD,NONE,2021-01-27 17:17:00,,,
2900,MONROE SD,BLOOMINGTON,1,0.0,0.0,0,0,,,,S FAIRFAX RD,S STRAIN RIDGE RD,,,,39.13271130878752,-86.52799257565508,COUNTY RD,Y,URBAN,N,N,N,,DAYLIGHT,SNOW,SNOW/SLUSH,,NO JUNCTION INVOLVED,STRAIGHT/LEVEL,ASPHALT,RDWAY SURFACE CONDITION,OTHER - EXPLAIN IN NARRATIVE,FAIRFAXRDSTRAINRIDGERD,STOP SIGN,2021-01-27 17:21:00,,,
2901,MONROE SD,BLOOMINGTON,2,0.0,0.0,0,0,,,,W WOODYARD,,,1000.0,W,39.334411018949446,-86.51209869625207,COUNTY RD,N,RURAL,N,N,N,,DAYLIGHT,SNOW,SNOW/SLUSH,,T-INTERSECTION,CURVE/HILLCREST,ASPHALT,SPEED TOO FAST FOR WEATHER CONDITIONS,OPPOSITE DIRECTION SIDESWIPE,NLOESCHRDWWOODYARDRD,NONE,2021-01-27 17:22:00,,,
2902,MONROE SD,BLOOMINGTON,1,0.0,0.0,0,0,,,,S ROCKPORT RD,,,855.0,S,39.121421009484344,-86.51147866764443,LOCAL/CITY RD,Y,RURAL,N,N,N,,DAYLIGHT,SNOW,SNOW/SLUSH,,NO JUNCTION INVOLVED,STRAIGHT/GRADE,CONCRETE,RAN OFF RD RIGHT,RAN OFF RD,SROCKPORTRDWHENNESSEYST,NONE,2021-01-27 17:32:00,,,
2903,INDIANA UNIV BLOOMINGTON PD,BLOOMINGTON,2,0.0,1.0,0,0,,,,N PETE LLIS DR,ST RD 45,,,,39.16764639730444,-86.50007081371315,LOCAL/CITY RD,N,URBAN,N,N,N,,DAWN/DUSK,SNOW,WET,,FOUR-WAY INTERSECTION,STRAIGHT/GRADE,ASPHALT,SPEED TOO FAST FOR WEATHER CONDITIONS,REAR END,PETEELLISDRST RD 45,TRAFFIC CONTROL SIGNAL,2021-01-27 17:41:00,,,
2904,MONROE SD,BLOOMINGTON,2,0.0,0.0,0,0,,,,S HARMONY RD,W MAY RD,,100.0,S,39.1718613939389,-86.48744345742128,LOCAL/CITY RD,N,RURAL,N,N,N,,DAWN/DUSK,BLOWING SAND/SOIL/SNOW,SNOW/SLUSH,,T-INTERSECTION,STRAIGHT/GRADE,ASPHALT,RDWAY SURFACE CONDITION,OPPOSITE DIRECTION SIDESWIPE,SHARMONYRDWMAYRD,NONE,2021-01-27 17:42:00,,,
2905,BLOOMINGTON PD,BLOOMINGTON,1,0.0,0.0,0,0,,,,ST RD 45,N CURRY PK,,,,-1.565254661206581e-05,-4.4449544439616926e-05,LOCAL/CITY RD,N,URBAN,N,N,N,,DARK (LIGHTED),SNOW,SNOW/SLUSH,,FOUR-WAY INTERSECTION,STRAIGHT/GRADE,ASPHALT,SPEED TOO FAST FOR WEATHER CONDITIONS,COLLISION WITH OBJECT IN RD,BLOOMFIELDRDNCURRYPK,TRAFFIC CONTROL SIGNAL,2021-01-27 18:40:00,,,
2906,MONROE SD,BLOOMINGTON,1,0.0,0.0,0,0,,,,W WOODYARD,,,500.0,N,39.07663436007478,-86.58677270840279,COUNTY RD,N,RURAL,N,N,N,,DARK (NOT LIGHTED),SNOW,SNOW/SLUSH,,NO JUNCTION INVOLVED,STRAIGHT/LEVEL,ASPHALT,RAN OFF RD RIGHT,RAN OFF RD,LOESCHRDWOODYARDRD,NONE,2021-01-27 19:00:00,,,
2907,ISP BLOOMINGTON 33,BLOOMINGTON,1,,1.0,0,0,,,,ST RD 45/46,I-69 (W ARLINGTON RD OVERPASS),,53.0,W,39.06133,-86.41422,ST RD,,URBAN,N,N,N,,DARK (LIGHTED),SNOW,SNOW/SLUSH,,INTERCHANGE,,ASPHALT,IMPROPER LN USAGE,OTHER - EXPLAIN IN NARRATIVE,WArlingtonRdWArlingtonRd,,2021-01-27 19:52:00,,,
2908,ISP INDIANAPOLIS 52,BLOOMINGTON,1,,0.0,0,0,,,,I-69 N,,,739.0,W,39.195843206036095,-86.53177997296343,INTERSTATE,,RURAL,N,N,N,,DARK (LIGHTED),SNOW,SNOW/SLUSH,,NO JUNCTION INVOLVED,,ASPHALT,SPEED TOO FAST FOR WEATHER CONDITIONS,OTHER - EXPLAIN IN NARRATIVE,SpruceDrI-69,,2021-01-27 20:30:00,,,
2909,ISP BLOOMINGTON 33,BLOOMINGTON,2,,0.0,0,0,,,,ST RD 37,S VICTOR PK,,0.0,N,39.224906805403556,-86.54734435280622,ST RD,,RURAL,N,N,N,,DARK (LIGHTED),SNOW,SNOW/SLUSH,,FOUR-WAY INTERSECTION,,ASPHALT,DISREGARD SIGNAL/REG SIGN,RIGHT ANGLE,VICTORPKST RD 37,,2021-01-27 21:20:00,,,
2910,MONROE SD,BLOOMINGTON,1,0.0,0.0,0,0,,,,S LIBERTY DR,,,2918.0,S,39.19585575968514,-86.5317744887679,LOCAL/CITY RD,N,URBAN,N,N,N,,DARK (LIGHTED),CLEAR,WET,,NO JUNCTION INVOLVED,CURVE/LEVEL,ASPHALT,DRIVER ASLEEP OR FATIGUED,RAN OFF RD,LIBERTYDR3RDST,NONE,2021-01-26 03:00:00,,,
2911,MONROE SD,ELLETTSVILLE,2,0.0,0.0,0,0,,,,ST RD 46,,,500.0,E,39.22489461663737,-86.54732294463567,ST RD,N,URBAN,N,N,N,,DAYLIGHT,CLOUDY,WET,,FOUR-WAY INTERSECTION,STRAIGHT/GRADE,ASPHALT,UNSAFE LN MOVEMENT,SAME DIRECTION SIDESWIPE,NSMITHPKST RD 46 W,NONE,2021-01-26 10:51:00,,,
2912,BLOOMINGTON PD,BLOOMINGTON,2,0.0,1.0,0,0,,,,S COLLEGE AVE,W 1ST,,200.0,N,39.136803404453566,-86.573237117052,LOCAL/CITY RD,N,URBAN,N,N,N,,DAYLIGHT,CLOUDY,WET,,NO JUNCTION INVOLVED,STRAIGHT/GRADE,ASPHALT,FOLLOWING TOO CLOSELY,REAR END,COLLEGEAVEFIRSTST,LN CONTROL,2021-01-26 10:53:00,,,
2913,BLOOMINGTON PD,BLOOMINGTON,2,0.0,0.0,0,0,,,,W KIRKWOOD AVE,S MADISON ST,,,,39.070911018853614,-86.61918199804933,LOCAL/CITY RD,N,URBAN,N,N,N,,DAYLIGHT,CLOUDY,DRY,,NO JUNCTION INVOLVED,STRAIGHT/LEVEL,ASPHALT,FAILURE TO YIELD RIGHT OF WAY,RIGHT ANGLE,SMADISONSTWKIRKWOODAVE,NONE,2021-01-26 16:30:00,,,
2914,MONROE SD,ELLETTSVILLE,1,0.0,0.0,0,0,,,,ST RD 46,,,1700.0,W,39.16451398094762,-86.57305698612495,ST RD,N,RURAL,N,N,N,,DAYLIGHT,BLOWING SAND/SOIL/SNOW,SNOW/SLUSH,,NO JUNCTION INVOLVED,STRAIGHT/LEVEL,ASPHALT,RDWAY SURFACE CONDITION,RAN OFF RD,NCURRYPKST RD 46 W,NONE,2021-01-26 17:20:00,,,
2915,BLOOMINGTON PD,BLOOMINGTON,1,0.0,0.0,0,0,215,,,E BURKS DR,S KENNEDY DR,,,,39.07818381,-86.66643997,LOCAL/CITY RD,Y,URBAN,N,N,N,,DAYLIGHT,CLEAR,DRY,,NO JUNCTION INVOLVED,STRAIGHT/LEVEL,ASPHALT,OTHER (DRIVER) - EXPLAIN IN NARRATIVE,RAN OFF RD,EBURKSDR,STOP SIGN,2021-01-26 17:35:00,,,
2916,BLOOMINGTON PD,BLOOMINGTON,1,0.0,1.0,0,0,,,,N MONROE ST,W 10TH ST,,,,39.18093218037587,-86.55756699733844,LOCAL/CITY RD,N,URBAN,N,N,N,,DARK (LIGHTED),CLEAR,WET,,T-INTERSECTION,STRAIGHT/LEVEL,CONCRETE,UNSAFE SPEED,RAN OFF RD,NMONROESTW10THST,STOP SIGN,2021-01-26 20:44:00,,,
2917,BLOOMINGTON PD,BLOOMINGTON,2,0.0,3.0,0,0,,,,N WALNUT ST,E 14TH ST,,,,39.15036195332026,-86.50090610310139,LOCAL/CITY RD,N,URBAN,N,N,N,,DARK (LIGHTED),CLEAR,DRY,,FOUR-WAY INTERSECTION,STRAIGHT/GRADE,ASPHALT,FAILURE TO YIELD RIGHT OF WAY,RIGHT ANGLE,14THSTWALNUTST,STOP SIGN,2021-01-26 21:15:00,,,
2918,BLOOMINGTON PD,BLOOMINGTON,2,0.0,3.0,0,0,,,,W 17TH ST,N MADISON ST,,,,-4.456479165226187e-07,-4.37385909906117e-05,LOCAL/CITY RD,N,URBAN,N,N,N,,DARK (LIGHTED),CLOUDY,DRY,,FOUR-WAY INTERSECTION,STRAIGHT/GRADE,ASPHALT,FAILURE TO YIELD RIGHT OF WAY,RIGHT ANGLE,NMADISONSTW17THST,TRAFFIC CONTROL SIGNAL,2021-01-26 21:38:00,,,
2919,BLOOMINGTON PD,BLOOMINGTON,2,0.0,0.0,0,0,,,,S HIGH ST,E ATWATER AVE,,50.0,N,39.171598979055055,-86.50215235311198,LOCAL/CITY RD,N,URBAN,Y,N,N,,DAYLIGHT,RAIN,WET,,NO JUNCTION INVOLVED,STRAIGHT/LEVEL,ASPHALT,FAILURE TO YIELD RIGHT OF WAY,LEFT TURN,EATWATERDRSHIGHST,NONE,2021-01-25 08:00:00,,,
2920,INDIANA UNIV BLOOMINGTON PD,BLOOMINGTON,2,0.0,0.0,0,0,,,,N FORREST AVE,,,,,39.07562552927626,-86.62762629913351,LOCAL/CITY RD,N,URBAN,N,N,N,,DAYLIGHT,SLEET/HAIL/FREEZING RAIN,SNOW/SLUSH,,NO JUNCTION INVOLVED,STRAIGHT/LEVEL,ASPHALT,UNSAFE BACKING,BACKING CRASH,FORRESTAVEWOODLAWNAVE,NONE,2021-01-25 10:55:00,,,
2921,BLOOMINGTON PD,BLOOMINGTON,2,0.0,0.0,0,0,,,,W 2ND ST,B-LINE TRAIL / S MORTON ST,,,,39.07921869,-86.61803045,LOCAL/CITY RD,N,URBAN,N,N,N,,DAYLIGHT,RAIN,WET,,FOUR-WAY INTERSECTION,STRAIGHT/LEVEL,ASPHALT,FOLLOWING TOO CLOSELY,REAR END,2NDSTMORTONST,LN CONTROL,2021-01-25 11:01:00,,,
2922,BLOOMINGTON PD,BLOOMINGTON,2,0.0,0.0,0,0,,,,N COLLEGE AVE,W 11TH ST,,,,39.15332277212977,-86.53373776848666,LOCAL/CITY RD,N,URBAN,N,N,N,,DAYLIGHT,RAIN,ICE,,FOUR-WAY INTERSECTION,STRAIGHT/HILLCREST,ASPHALT,SPEED TOO FAST FOR WEATHER CONDITIONS,REAR END,NCOLLEGEAVEW11ST,TRAFFIC CONTROL SIGNAL,2021-01-25 11:12:00,,,
2923,MONROE SD,BLOOMINGTON,1,0.0,0.0,0,0,,,,S CURRY PK,W WOODLYN DR,,600.0,S,39.25419764245556,-86.52775992655829,LOCAL/CITY RD,N,URBAN,N,N,N,,DARK (LIGHTED),CLEAR,WET,,NO JUNCTION INVOLVED,STRAIGHT/LEVEL,ASPHALT,OTHER (DRIVER) - EXPLAIN IN NARRATIVE,RAN OFF RD,CURRYPKROLLAVE,NONE,2021-01-25 11:41:00,,,
2924,BLOOMINGTON PD,BLOOMINGTON,2,0.0,0.0,0,0,,,,S MULLER PKWY,W 3RD ST,,,,39.2576800719967,-86.62365359222525,LOCAL/CITY RD,N,URBAN,N,N,N,,DAYLIGHT,RAIN,WET,,T-INTERSECTION,STRAIGHT/LEVEL,ASPHALT,UNSAFE LN MOVEMENT,REAR END,SMULLERPARKW 3RDST,STOP SIGN,2021-01-25 14:24:00,,,
2925,INDIANA UNIV BLOOMINGTON PD,BLOOMINGTON,2,0.0,0.0,0,0,,,,ST RD 46,ST RD 45,,,,39.12144982416055,-86.51158440731778,ST RD,N,URBAN,N,N,N,,DAYLIGHT,SLEET/HAIL/FREEZING RAIN,WET,,FOUR-WAY INTERSECTION,STRAIGHT/LEVEL,ASPHALT,FOLLOWING TOO CLOSELY,REAR END,ST RD 45ST RD 46,TRAFFIC CONTROL SIGNAL,2021-01-25 14:41:00,,,
2926,BLOOMINGTON PD,BLOOMINGTON,2,0.0,0.0,0,0,,,,W BLOOMFIELD RD,S CORY LN,,,,39.16305741004573,-86.51322503480222,LOCAL/CITY RD,Y,URBAN,N,N,N,,DAYLIGHT,CLOUDY,WET,,NO JUNCTION INVOLVED,STRAIGHT/LEVEL,ASPHALT,UNSAFE BACKING,BACKING CRASH,BLOOMFIELDSTCORYLN,NONE,2021-01-25 15:58:00,,,
2927,BLOOMINGTON PD,BLOOMINGTON,1,0.0,1.0,0,0,,,,W ALLEN ST,S PATTERSON DR,,,,39.22934309032547,-86.62358111401456,LOCAL/CITY RD,N,URBAN,N,N,N,,DAYLIGHT,RAIN,WET,,NO JUNCTION INVOLVED,STRAIGHT/LEVEL,ASPHALT,SPEED TOO FAST FOR WEATHER CONDITIONS,RAN OFF RD,SPATTERSONDRWALLENST,TRAFFIC CONTROL SIGNAL,2021-01-25 16:04:00,,,
2928,MONROE SD,BLOOMINGTON,1,0.0,1.0,0,0,,,,W ST RD 37,,,1700.0,N,39.146024681580634,-86.5388966084346,LOCAL/CITY RD,N,RURAL,N,N,N,,DARK (NOT LIGHTED),CLEAR,DRY,,NO JUNCTION INVOLVED,CURVE/GRADE,ASPHALT,OTHER (DRIVER) - EXPLAIN IN NARRATIVE,RAN OFF RD,OLDSTATERD37RDWYLIERD,NONE,2021-01-24 07:43:00,,,
2929,ISP BLOOMINGTON 33,BLOOMINGTON,1,,0.0,0,0,,,,I-69 S,,,581.0,E,39.186385324016975,-86.53775044658913,INTERSTATE,,RURAL,N,N,N,,DAYLIGHT,RAIN,WET,,NO JUNCTION INVOLVED,,ASPHALT,,RAN OFF RD,NCrossoverRdI-69,,2021-01-24 08:19:00,,,
2930,ISP BLOOMINGTON 33,BLOOMINGTON,1,,0.0,0,0,,,,I-69 S,,,422.0,S,39.29571879421623,-86.62638034256048,INTERSTATE,,RURAL,N,N,N,,DAYLIGHT,RAIN,WET,,NO JUNCTION INVOLVED,,ASPHALT,,RAN OFF RD,OldKinserPikeI-69,,2021-01-24 08:25:00,,,
2931,ISP BLOOMINGTON 33,BLOOMINGTON,1,,0.0,0,0,,,,I-69 N,,,0.0,S,39.12101039868452,-86.6429793155011,INTERSTATE,,RURAL,N,N,N,,DAYLIGHT,SLEET/HAIL/FREEZING RAIN,SNOW/SLUSH,,NO JUNCTION INVOLVED,,CONCRETE,SPEED TOO FAST FOR WEATHER CONDITIONS,RAN OFF RD,I-69109.2,,2021-01-24 09:50:00,,,
2932,MONROE SD,BLOOMINGTON,1,0.0,0.0,0,0,9486,,,E SOUTHSHORE DR,N RICHARDSON RD,,,,39.07317595764766,-86.63759327928089,COUNTY RD,Y,RURAL,N,N,N,,DAYLIGHT,CLOUDY,SNOW/SLUSH,,NO JUNCTION INVOLVED,CURVE/LEVEL,CONCRETE,SPEED TOO FAST FOR WEATHER CONDITIONS,RAN OFF RD,ESOUTHSHOREDR,NONE,2021-01-24 10:30:00,,,
2933,MONROE SD,BLOOMINGTON,1,0.0,0.0,0,0,,,,ST RD 46,,,1584.0,W,39.20532344447877,-86.5831471358713,ST RD,N,RURAL,N,Y,N,,DAYLIGHT,SLEET/HAIL/FREEZING RAIN,ICE,,NO JUNCTION INVOLVED,STRAIGHT/GRADE,ASPHALT,RDWAY SURFACE CONDITION,RAN OFF RD,NCURRYPKST RD 46 W,NONE,2021-01-24 10:37:00,,,
2934,MONROE SD,BLOOMINGTON,1,0.0,0.0,0,0,,,,ST RD 45,N RUSSELL RD (N),,,,39.17966135568254,-86.5072769678009,ST RD,N,URBAN,Y,N,N,,DAYLIGHT,SNOW,SNOW/SLUSH,,NO JUNCTION INVOLVED,CURVE/LEVEL,ASPHALT,RAN OFF RD RIGHT,RAN OFF RD,NRUSSELLRDST RD 45E,LN CONTROL,2021-01-24 10:40:00,,,
2935,BLOOMINGTON PD,BLOOMINGTON,1,0.0,0.0,0,0,528,,,S WALNUT ST,ENTRANCE TO POST OFFICE (N),,,,39.17971,-86.50727,LOCAL/CITY RD,N,URBAN,N,N,N,,DAYLIGHT,SLEET/HAIL/FREEZING RAIN,SNOW/SLUSH,,NO JUNCTION INVOLVED,STRAIGHT/LEVEL,ASPHALT,IMPROPER LN USAGE,COLLISION WITH OBJECT IN RD,SWALNUTST,STOP SIGN,2021-01-24 10:40:00,,,
2936,MONROE SD,BLOOMINGTON,2,0.0,0.0,0,0,,,,S SNODDY RD,E ROGERS ST,,,,39.21098142941657,-86.59281110193308,COUNTY RD,Y,RURAL,N,N,N,,DAYLIGHT,SLEET/HAIL/FREEZING RAIN,WET,,T-INTERSECTION,STRAIGHT/GRADE,ASPHALT,FAILURE TO YIELD RIGHT OF WAY,HEAD ON BETWEEN TWO MOTOR VEHICLES,EASTROGERSRDSOUTHSNODDYRD,STOP SIGN,2021-01-24 11:54:00,,,
2937,MONROE SD,BLOOMINGTON,1,0.0,1.0,0,0,,,,N MT TABOR RD,,,3000.0,N,39.07345695268241,-86.65598223445654,LOCAL/CITY RD,N,RURAL,N,N,N,,DAYLIGHT,CLOUDY,DRY,,NO JUNCTION INVOLVED,STRAIGHT/HILLCREST,ASPHALT,RAN OFF RD RIGHT,RAN OFF RD,DELAPRDMTTABORRD,LN CONTROL,2021-01-24 13:07:00,,,
2938,BLOOMINGTON PD,BLOOMINGTON,2,0.0,0.0,0,0,,,,W 3RD ST,S LANDMARK AVE,,,,39.28641414588241,-86.52035453854394,LOCAL/CITY RD,N,URBAN,N,N,N,,DAYLIGHT,SLEET/HAIL/FREEZING RAIN,WET,,FOUR-WAY INTERSECTION,STRAIGHT/GRADE,CONCRETE,FOLLOWING TOO CLOSELY,REAR END,SOUTHLANDMARKAVEWEST3RDST,TRAFFIC CONTROL SIGNAL,2021-01-24 14:50:00,,,
2939,BLOOMINGTON PD,BLOOMINGTON,2,0.0,1.0,0,0,,,,W COUNTRY CLUB DR,ENTRANCE TO SOUTHERN HILLS CHURCH OF CHRIST,,300.0,E,39.16637,-86.46612,LOCAL/CITY RD,N,URBAN,N,N,N,,DAYLIGHT,CLOUDY,WET,,NO JUNCTION INVOLVED,STRAIGHT/HILLCREST,ASPHALT,FOLLOWING TOO CLOSELY,REAR END,SROCKPORTRDWCOUNTRYCLUBDR,NONE,2021-01-24 16:15:00,,,
2940,BLOOMINGTON PD,BLOOMINGTON,2,0.0,0.0,0,0,505,,,W HOOSIER CT AVE,,,,,39.31950733164541,-86.51186459649732,LOCAL/CITY RD,Y,URBAN,N,N,N,,UNKNOWN,,,,NO JUNCTION INVOLVED,STRAIGHT/GRADE,ASPHALT,UNSAFE BACKING,BACKING CRASH,WHOOSIERCOURTAVE,NONE,2021-01-24 16:30:00,,,